address_id,line1,city,state,postal_code,country,geo_lat,geo_lon
ADDR00001,9460 Christopher Mews,New Elizabethmouth,Michigan,04408,India,24.625097,68.725312
ADDR00002,9679 Sara Parks Apt. 362,Dianeport,Florida,87415,India,15.150762,74.473111
ADDR00003,3221 Campbell Islands Apt. 979,Donaldview,New York,87125,India,27.148252,87.624285
ADDR00004,7975 Bradley Mills Apt. 135,North Crystal,Utah,21146,India,31.196669,70.521226
ADDR00005,0168 Vaughan Inlet,East Melody,Indiana,41850,India,18.969967,68.864119
ADDR00006,51308 Sara Causeway Suite 826,Carolfort,Nebraska,59839,India,13.684587,82.655303
ADDR00007,40434 Vasquez Turnpike Suite 952,Priceland,Wisconsin,43862,India,8.689935,73.766292
ADDR00008,9759 Anderson Union Apt. 512,South Marcustown,Wyoming,77706,India,24.896995,83.803303
ADDR00009,72701 Vasquez Island Apt. 516,Port Yolandaport,Colorado,93992,India,13.731456,85.088705
ADDR00010,10838 Katelyn Fields Apt. 320,Blankenshiphaven,Wisconsin,71085,India,29.045192,68.188464
ADDR00011,2101 Thomas Vista Suite 967,Jonathanborough,Alabama,38719,India,28.951301,88.246042
ADDR00012,241 Tiffany Harbor,New Erikafurt,Wisconsin,21100,India,16.846513,72.508905
ADDR00013,75713 Greene Ford Suite 417,Stephanieside,New Jersey,61353,India,32.88754,77.761242
ADDR00014,159 Timothy Heights Suite 145,South Justinton,Hawaii,72236,India,10.411392,70.804775
ADDR00015,856 Christina Skyway Apt. 382,Kennethchester,Indiana,77917,India,30.034854,85.508055
ADDR00016,23495 Weeks Extension Apt. 707,North Stephaniestad,Massachusetts,33530,India,28.985335,89.162222
ADDR00017,46091 Dillon River Suite 789,New John,Mississippi,98166,India,21.94193,96.220357
ADDR00018,236 Mueller Circle,Colemanshire,Oregon,42932,India,17.841894,84.009178
ADDR00019,274 Daniel Skyway Suite 482,Blevinsmouth,Utah,61924,India,29.564521,85.937073
ADDR00020,31326 Wilcox Brooks Suite 135,Luketown,Delaware,38382,India,30.404379,84.743212
ADDR00021,6931 Christensen Groves Apt. 066,Davisbury,Rhode Island,06647,India,26.318868,69.328907
ADDR00022,0669 Deborah Trail Suite 642,Lake Joseph,Maine,15705,India,13.925355,76.392251
ADDR00023,75523 Richardson Parks,New Victorbury,Utah,17858,India,10.074591,74.750936
ADDR00024,247 Diane Mountain,East Kristi,South Dakota,60912,India,10.626037,76.061234
ADDR00025,566 White Springs,Lake Bethany,Montana,64154,India,24.527796,78.580133
ADDR00026,5497 Jackson Highway Suite 844,Derrickville,Georgia,92248,India,17.624705,74.075704
ADDR00027,17369 Maldonado Ways Suite 187,Greenville,Virginia,87588,India,14.941423,95.162983
ADDR00028,97241 Brittney Gardens,Garzamouth,Idaho,75545,India,24.84892,85.664799
ADDR00029,8953 Monica Points,North Allisonborough,Maryland,63778,India,12.449605,89.144677
ADDR00030,637 Amber Squares,Albertborough,South Carolina,83042,India,12.248465,79.004208
ADDR00031,3793 Pierce Pike Suite 230,West Justin,Massachusetts,29876,India,33.727607,86.559993
ADDR00032,48314 Johnny Shore Apt. 670,South Ryan,Mississippi,33058,India,22.480693,87.853813
ADDR00033,7054 Richard Flat,Sellersbury,Virginia,07450,India,29.91415,90.503997
ADDR00034,297 Mccormick Divide Apt. 487,Kellyshire,Oregon,10047,India,13.95525,68.930907
ADDR00035,712 Baker Ford Apt. 633,Hernandezstad,Michigan,09274,India,16.201779,75.764485
ADDR00036,68684 Harold Junctions,New Henryfurt,Virginia,93532,India,13.485554,95.344382
ADDR00037,44545 Moore Harbor Apt. 678,Port Darleneside,Georgia,18161,India,30.785558,77.125659
ADDR00038,797 Andrews Plaza Suite 877,Debraburgh,Alabama,33109,India,25.041405,79.473325
ADDR00039,41801 Erickson Avenue Suite 971,South John,Colorado,98869,India,31.778237,81.306704
ADDR00040,7467 Michelle Expressway Suite 732,East Kylie,West Virginia,02053,India,14.886884,75.152198
ADDR00041,0271 Robert Manors Suite 073,Nancyville,Montana,84483,India,22.595571,75.619507
ADDR00042,572 Brown Road,Ashleymouth,North Dakota,05468,India,23.199236,94.036864
ADDR00043,6959 Joseph Isle Apt. 126,Haleyview,South Dakota,58949,India,18.384413,74.360302
ADDR00044,691 Wilson Islands Suite 134,Simpsonmouth,Kentucky,13907,India,33.935978,82.776263
ADDR00045,521 Peterson Viaduct,Williamberg,Massachusetts,60974,India,10.363645,69.366375
ADDR00046,33909 Stacy Streets,West Philip,Indiana,97884,India,10.850877,86.195935
ADDR00047,96878 Brian Bridge,North Nancy,Kansas,19611,India,28.594063,80.242639
ADDR00048,0620 Pham Island Suite 220,East Victoria,Kentucky,66421,India,9.65172,79.066959
ADDR00049,1221 Todd Brook Suite 760,Lake Larryfurt,New York,09837,India,33.899156,83.344316
ADDR00050,73061 Jesse Glens Apt. 135,South Paulport,Texas,45809,India,33.248038,92.962611
ADDR00051,0015 Brooks Court,Destinyhaven,Connecticut,16612,India,8.298507,88.900933
ADDR00052,5937 Jones View,Zacharymouth,Florida,60137,India,25.72447,83.57214
ADDR00053,352 Michael Passage Suite 175,Martinezmouth,Missouri,24003,India,14.937455,86.587892
ADDR00054,55572 Sanders Trail,South Matthewville,Missouri,65490,India,10.900357,80.608192
ADDR00055,87829 Raymond Circles Suite 692,New Matthewmouth,Wyoming,85444,India,19.796816,95.660662
ADDR00056,3443 Torres Streets,Port Stanley,Arkansas,86680,India,30.772176,75.638282
ADDR00057,085 Carla Garden,Ericatown,West Virginia,34373,India,21.015239,73.180905
ADDR00058,049 Steven Bridge Suite 966,Lake Jessica,Louisiana,42939,India,31.728324,93.245039
ADDR00059,58032 Wade Grove,Millerchester,West Virginia,09584,India,15.759565,86.529535
ADDR00060,17422 Robert Meadow,Johnsonland,Florida,87668,India,23.833225,72.432339
ADDR00061,859 Allen Square Apt. 123,South Patrickbury,Nebraska,32028,India,27.825281,83.641992
ADDR00062,7306 Williams Falls Apt. 824,Andrewfort,Kansas,10157,India,28.244288,83.380256
ADDR00063,611 Debra Flat,Smithfurt,Missouri,56981,India,8.014869,77.400526
ADDR00064,13909 Steven Light,New Kimberly,Arizona,64981,India,8.506395,94.94386
ADDR00065,7006 Lambert Ports,Crystalshire,Idaho,07461,India,30.846769,92.1183
ADDR00066,3631 Patrick Track Apt. 766,Lake Joshuaview,Wisconsin,76378,India,15.995367,69.67983
ADDR00067,6743 Lisa Springs,Jenniferborough,Missouri,07183,India,30.82825,95.461534
ADDR00068,6603 Edwards Alley Suite 085,Brittanystad,Utah,05734,India,10.22699,82.093723
ADDR00069,74453 Wilson Crest Suite 447,North Jamietown,Mississippi,30456,India,9.799525,90.057463
ADDR00070,02968 Benjamin Mountain Suite 241,South Garyfurt,Mississippi,37391,India,27.911695,71.723352
ADDR00071,83063 Jerry Lane,Reynoldschester,South Carolina,99580,India,20.357342,83.944304
ADDR00072,35934 Pearson Ford,Gonzalezchester,Missouri,51595,India,14.891472,93.300558
ADDR00073,6075 Mercado Rue Suite 186,Blakeville,North Dakota,44327,India,19.001586,74.142148
ADDR00074,39606 George Lodge Suite 240,East Stephanie,Virginia,52378,India,22.021698,89.168001
ADDR00075,2064 Michelle Harbor,Benjaminville,Utah,22432,India,13.229928,77.039772
ADDR00076,152 Nancy Oval Apt. 260,Keithborough,Massachusetts,18888,India,33.873883,86.846464
ADDR00077,786 Fleming Mission Suite 539,Jenningsport,Colorado,57101,India,19.390602,83.009699
ADDR00078,19378 Cynthia Junction,North Jonathan,Maine,32740,India,11.146109,74.516223
ADDR00079,2517 Emily Junctions Suite 444,South Tammystad,Georgia,51094,India,16.790225,85.060953
ADDR00080,59941 Blanchard Fall Apt. 634,Johnsonstad,Massachusetts,18938,India,13.982983,74.386304
ADDR00081,246 Velez Trail,Hunterport,Virginia,08167,India,9.84582,86.301986
ADDR00082,5718 Jason Spurs,New Angelatown,Washington,98589,India,13.952486,94.25718
ADDR00083,4915 Benson Ranch,New Marvinland,Georgia,11547,India,30.35052,70.054863
ADDR00084,96461 Hammond Ridges Apt. 330,Lake Tracytown,Wyoming,29611,India,14.18812,87.400356
ADDR00085,87948 Ashley Lights Suite 647,Fishertown,Massachusetts,47957,India,13.570157,71.837044
ADDR00086,45776 Thompson Mountain Suite 982,North Shawn,Maryland,68131,India,32.32337,84.56025
ADDR00087,34043 Palmer Valley Suite 226,Andreaberg,New York,40508,India,20.289447,90.753963
ADDR00088,238 John Shoal,New George,Minnesota,53456,India,28.994922,73.521888
ADDR00089,97819 Shawn Square Suite 993,Lake Jeanville,Florida,12954,India,10.520201,80.500484
ADDR00090,90378 Kimberly Branch Suite 547,Andrewland,Louisiana,29843,India,19.013044,81.543715
ADDR00091,1993 Cooper Corner,Hansentown,Missouri,72351,India,26.955972,87.527572
ADDR00092,28556 George Skyway,Goodview,Connecticut,38455,India,33.588295,70.854118
ADDR00093,423 Alexis Brooks,Brooksbury,Virginia,97051,India,18.468153,77.839776
ADDR00094,600 Jacob Locks,East Mackenzie,Connecticut,92640,India,30.403486,75.211034
ADDR00095,5585 Lawson Squares,Joycemouth,Wyoming,75497,India,12.945432,81.009793
ADDR00096,025 Brown Pike Suite 578,Michaelport,Delaware,97927,India,18.968923,76.077809
ADDR00097,645 Christopher Light Apt. 267,Normanhaven,Missouri,11406,India,14.494968,94.774702
ADDR00098,75898 Dyer Cape Suite 722,Washingtonfort,Idaho,66122,India,19.521399,92.979124
ADDR00099,072 Sean Fords Apt. 251,New Teresa,Oregon,26562,India,22.308458,69.467062
ADDR00100,01756 Dunlap Branch Suite 105,Robertside,Maryland,26887,India,33.981344,92.2448
ADDR00101,7278 Ruth Bypass,East Richard,Virginia,47188,India,33.193903,94.864643
ADDR00102,481 Hoover Loaf,Port Ronaldmouth,Washington,98660,India,30.066089,72.823022
ADDR00103,79794 Andres Mills,Stephanieville,Rhode Island,81659,India,20.626669,74.198672
ADDR00104,75819 Brooks Viaduct Apt. 317,Wardborough,Delaware,16735,India,18.427048,69.700427
ADDR00105,710 Gregory Springs Suite 082,Lake Gracestad,Montana,51442,India,17.853301,96.573956
ADDR00106,104 Booth Coves Suite 584,Donaldfort,New Hampshire,65447,India,14.89528,90.738047
ADDR00107,51815 Garcia Park,New Valerieburgh,Tennessee,78773,India,19.830218,80.267217
ADDR00108,997 Joshua Trafficway Apt. 023,Fowlertown,Tennessee,37754,India,32.890259,96.867258
ADDR00109,186 Smith Keys,Walterborough,Kansas,40451,India,22.449976,88.83384
ADDR00110,2589 Cohen Creek Suite 333,West Scottchester,Virginia,92301,India,12.024717,76.604527
ADDR00111,0645 Jared Lane,Melissaborough,New Mexico,95211,India,33.186443,84.796228
ADDR00112,67535 Osborne Bypass Apt. 913,Port Lauraport,Maryland,49221,India,22.097075,89.691291
ADDR00113,83997 Christopher Row Apt. 004,North Karenton,New Mexico,06657,India,9.486297,84.94115
ADDR00114,131 Mahoney Ridges Apt. 456,Port Austin,Ohio,27863,India,21.07411,92.728877
ADDR00115,866 Yvonne Mews Suite 598,Port Alejandro,Wyoming,82020,India,12.093251,95.862588
ADDR00116,355 Jennifer Field,South Royview,California,13127,India,10.082898,73.388924
ADDR00117,148 Debra Street Suite 616,Grahammouth,North Carolina,50572,India,23.470913,87.581164
ADDR00118,504 Singh Manor,North Jennifer,Louisiana,41497,India,14.115301,71.476712
ADDR00119,99058 Gray Avenue Apt. 942,East Shannonton,Massachusetts,47465,India,31.14747,75.140245
ADDR00120,238 Ingram Canyon Suite 485,Walkerburgh,North Dakota,56224,India,23.457498,85.962064
ADDR00121,6322 Martin Ports Suite 770,Karenberg,Vermont,54704,India,18.899848,84.926496
ADDR00122,01998 Jeffrey Motorway,Petersontown,New York,80793,India,21.592351,95.106481
ADDR00123,046 Jensen Forks Apt. 897,Lake Zacharytown,Alaska,21046,India,13.310739,88.769562
ADDR00124,8255 Baker Spur,Maddoxville,Utah,40078,India,14.205835,79.47779
ADDR00125,220 Howard Highway,New Christopherland,Michigan,96910,India,25.463946,76.699915
ADDR00126,8578 Heath Lodge,Brettberg,Vermont,32639,India,16.220607,89.80407
ADDR00127,335 Robert Parkway,Holderhaven,Wisconsin,43701,India,9.886121,81.29028
ADDR00128,17622 Monroe Road,West Abigailtown,Illinois,72496,India,33.959815,96.886797
ADDR00129,11236 Murphy Harbor Suite 273,Port Jonathanbury,Washington,94335,India,9.904779,74.181475
ADDR00130,394 Stephanie Hills,Kirbyhaven,Mississippi,62686,India,14.895211,95.064522
ADDR00131,7467 Brooks Lane,South Ryanport,New York,66336,India,30.902469,93.498837
ADDR00132,6922 Oconnor Falls Suite 536,Garciaburgh,Mississippi,10439,India,17.607704,72.574658
ADDR00133,62273 Darlene Valley Apt. 109,South Richardview,Mississippi,43661,India,29.677369,88.402658
ADDR00134,618 Tina Gateway Apt. 353,Valenciamouth,Delaware,38561,India,23.903622,96.629759
ADDR00135,7571 Sara Flat Suite 169,Port Ericaport,West Virginia,88853,India,25.003384,68.22687
ADDR00136,88044 Nicole Lock Apt. 942,New Tina,Pennsylvania,01174,India,29.244708,76.681984
ADDR00137,40153 Orozco Stream Apt. 623,Patriciatown,Idaho,57935,India,25.248107,95.22897
ADDR00138,73688 Jason Greens Apt. 767,North Kennethshire,Michigan,58446,India,11.491569,71.347431
ADDR00139,0639 Ashley Point,Lisafort,Arizona,49341,India,10.782935,84.043486
ADDR00140,78738 Travis Rest,Glassburgh,Maryland,31430,India,15.081054,85.540065
ADDR00141,356 Chandler Unions Suite 240,South Charles,Washington,23855,India,26.657917,73.904322
ADDR00142,489 Carolyn Shoals Suite 112,Matthewview,Nevada,82966,India,24.490187,75.655533
ADDR00143,3172 Rodriguez Meadows Suite 838,South Coreyfort,New Hampshire,30495,India,20.701828,94.254758
ADDR00144,8982 Charles Causeway,Ericmouth,Minnesota,49997,India,29.998697,70.676656
ADDR00145,768 Santiago Ford Apt. 065,Phillipsmouth,South Dakota,68835,India,19.01297,76.023726
ADDR00146,37519 Davis Burg Suite 977,Port Jose,Arizona,09817,India,8.092188,90.362457
ADDR00147,13331 Calvin Walks,Bowmanton,Indiana,09835,India,24.564948,75.596703
ADDR00148,819 Robert Fields,West Juliamouth,Colorado,01699,India,27.272004,83.998732
ADDR00149,756 Morgan Trail,New Christophershire,New York,60743,India,19.11986,68.280421
ADDR00150,851 Schultz Trafficway Apt. 305,East Jackietown,Louisiana,09278,India,9.95634,93.610085
ADDR00151,049 Deborah Field Apt. 800,East Ericside,Oklahoma,56332,India,31.502143,83.822118
ADDR00152,35497 Wong Dam Suite 154,New Lisa,Washington,80037,India,29.699471,84.892777
ADDR00153,420 Gibson Shoal Apt. 043,Lindsayburgh,Vermont,60715,India,11.850438,71.69592
ADDR00154,86061 Jeremy Mill Apt. 378,New Aprilfort,Oklahoma,78841,India,16.014717,94.070463
ADDR00155,10669 Lee Drive,East Jennyfurt,Florida,07528,India,28.69918,92.960375
ADDR00156,47591 Gates Lights,Campbellhaven,Rhode Island,30983,India,31.372041,74.09222
ADDR00157,38768 Phillips Rapids,Wareborough,North Dakota,09888,India,14.487773,70.981015
ADDR00158,333 Bass Mount Suite 144,East Erichaven,North Carolina,96389,India,28.283022,93.639906
ADDR00159,68885 Alison Ranch,West Jacquelineton,Virginia,47435,India,18.565812,85.999184
ADDR00160,4448 Spencer Circles Suite 559,Adamborough,Delaware,51893,India,12.018387,94.966549
ADDR00161,967 Sarah Circles Apt. 734,Jessicafurt,North Carolina,46443,India,30.479748,96.309975
ADDR00162,6856 Jessica Ranch Suite 571,East Darius,New Mexico,13480,India,29.080065,93.56107
ADDR00163,446 Cheryl Roads Apt. 761,New Martha,Ohio,87847,India,8.644445,89.36037
ADDR00164,70121 Zimmerman Crest Suite 173,New Andrea,Kansas,80268,India,16.636822,94.993661
ADDR00165,8329 Joseph Lake Suite 997,South Julieton,West Virginia,50860,India,28.858114,93.057857
ADDR00166,559 Christian Station Apt. 013,North Joanna,Colorado,64588,India,29.079482,75.737366
ADDR00167,3949 Anderson Lane,Haynesburgh,Georgia,37351,India,28.471737,71.134773
ADDR00168,77100 Ruiz Square Apt. 493,Port Christina,Georgia,39949,India,30.676336,92.899204
ADDR00169,022 Mckinney Trail,Edwinborough,New Hampshire,89142,India,13.783277,91.681012
ADDR00170,826 Claudia Burg,Jocelynview,Kansas,90718,India,19.967884,76.850535
ADDR00171,6173 Glenda Meadow Suite 981,East Charlesburgh,Delaware,17422,India,28.678983,74.600269
ADDR00172,269 Livingston Grove,New Justinberg,Indiana,64313,India,8.615275,73.600764
ADDR00173,154 Glenn Square Suite 061,New Carol,Missouri,22458,India,16.534811,93.066235
ADDR00174,1983 Melissa Creek,Karenchester,Mississippi,14948,India,33.139117,76.094625
ADDR00175,780 Anne Viaduct,North Natasha,Oklahoma,54832,India,24.678525,79.590673
ADDR00176,75729 Esparza Bypass Apt. 698,Port Jeffreyside,North Carolina,23912,India,33.509892,83.550256
ADDR00177,8844 Martinez Mill Suite 802,West Patrickfort,Florida,38112,India,32.420166,71.344911
ADDR00178,008 Mckinney Crossroad,Charlesside,Massachusetts,62010,India,33.230416,73.178467
ADDR00179,36571 Roberts Pine,Wellsside,Alabama,21476,India,33.025892,75.698525
ADDR00180,70386 Hooper Wells Apt. 959,Gallagherfort,Nebraska,46710,India,10.818466,80.602349
ADDR00181,92689 Powers Manor,Joneschester,Louisiana,97077,India,26.942172,77.096642
ADDR00182,454 Tucker Vista Suite 765,West Seanton,New York,23873,India,23.76143,82.831269
ADDR00183,5441 Richard Shore,Robertaberg,Hawaii,30752,India,18.015081,84.721053
ADDR00184,689 Bryan Pines Suite 707,Mollychester,Colorado,06571,India,14.622785,88.554773
ADDR00185,05653 Jordan Manors,Foxport,Nebraska,93960,India,8.043973,94.84168
ADDR00186,8433 Contreras Ports Apt. 914,Collinchester,Rhode Island,25603,India,21.999752,88.86347
ADDR00187,843 Amber Cape,Wattshaven,Oklahoma,49103,India,27.290702,87.448227
ADDR00188,03869 Campbell Villages,Robinsonland,Idaho,55538,India,17.469758,70.029241
ADDR00189,38188 Jodi Village Suite 784,Ashleehaven,Pennsylvania,06235,India,25.27018,77.575801
ADDR00190,137 Perez Plain Apt. 474,Dalemouth,Rhode Island,18600,India,16.161807,92.592443
ADDR00191,558 Matthew Knoll,Smithstad,Washington,71033,India,26.713611,76.709346
ADDR00192,91848 May Meadows Apt. 823,Tinamouth,Alaska,44995,India,16.041401,79.843394
ADDR00193,750 Marsh Ridge,North Ricardo,Alaska,92491,India,18.46241,76.574001
ADDR00194,478 Jacob Gateway Apt. 146,South Christinebury,Ohio,08930,India,11.309483,80.192944
ADDR00195,7277 Carpenter Village,Johnsonstad,Georgia,13966,India,32.449455,87.64222
ADDR00196,764 Love Village Apt. 905,Grahamview,Maryland,35778,India,31.472944,85.849933
ADDR00197,786 Juan Views Apt. 385,Burgessshire,Nevada,75825,India,15.824697,83.890179
ADDR00198,938 Kimberly Islands,Haroldville,Maryland,91938,India,8.010554,76.320498
ADDR00199,5950 Bryan Flats,Romanport,Louisiana,88722,India,19.177092,84.819559
ADDR00200,73027 Williams Turnpike Apt. 847,Bradleymouth,Connecticut,91613,India,25.022346,81.484658
ADDR00201,81018 Cole Freeway Suite 792,East Diamond,Colorado,82881,India,19.496155,74.197341
ADDR00202,367 Thomas Village Suite 682,East Christina,Vermont,16253,India,20.302841,94.134244
ADDR00203,39850 Shelton Curve Suite 174,Staceyton,Colorado,65832,India,28.696644,72.92105
ADDR00204,55706 Roberts Drives Apt. 343,Amandastad,Rhode Island,12667,India,10.204684,82.948108
ADDR00205,21399 Brown Mount Suite 912,New Kathy,Louisiana,30057,India,24.456462,77.720459
ADDR00206,1638 Hodge Skyway,Lake Jill,Maine,97442,India,29.27901,89.783006
ADDR00207,9192 Lee Mountain Apt. 261,New Natalieland,Rhode Island,76436,India,25.492687,74.514579
ADDR00208,73485 Williams Views Apt. 988,Williamsbury,North Dakota,28845,India,13.177378,68.708336
ADDR00209,28023 Martinez Mill Suite 359,North Nicolechester,Louisiana,02655,India,14.365906,81.778954
ADDR00210,056 Erika Roads Apt. 103,Lake Davidstad,Kentucky,93285,India,30.09318,70.112019
ADDR00211,54304 Hunter Well,East Josephstad,Connecticut,43944,India,18.775466,86.263196
ADDR00212,27352 Watkins Point Suite 980,Jenniferville,Arizona,18366,India,13.055316,88.194273
ADDR00213,403 Jessica Ferry,Flemingchester,Louisiana,43561,India,20.853806,75.075549
ADDR00214,49729 Chase Place Suite 825,Janetview,New Hampshire,32394,India,25.057508,68.1608
ADDR00215,66418 Johnson Mountain,Lake James,Illinois,94201,India,27.525076,90.331339
ADDR00216,17872 Richard Crossing,East Randallmouth,Mississippi,69108,India,10.77127,80.32924
ADDR00217,6706 Moore Corner,Zhangborough,Wisconsin,95799,India,12.573054,95.781015
ADDR00218,5111 Robinson Loop,Garretthaven,Rhode Island,55837,India,21.466902,69.456333
ADDR00219,308 Hill Drive,Jesuston,Kansas,85299,India,14.479155,92.601754
ADDR00220,435 Douglas Garden,Nealshire,Michigan,59530,India,19.868007,91.241081
ADDR00221,038 Cole Port Apt. 053,East Jamesfurt,Tennessee,30868,India,25.357021,96.648881
ADDR00222,6661 Castro Inlet Suite 828,North Marytown,Texas,34333,India,23.48176,95.551149
ADDR00223,1656 Anderson Mission Apt. 154,South Brendaton,Nevada,82821,India,31.177074,85.766917
ADDR00224,9559 Long Spring Suite 019,Nguyenland,North Dakota,31444,India,26.701123,82.638567
ADDR00225,9643 Jones Springs Apt. 191,Simsside,Missouri,62377,India,29.594798,83.888287
ADDR00226,563 Jaclyn Stravenue,Kentport,Washington,11437,India,31.327411,89.566008
ADDR00227,32237 William Corners,Jenniferview,Tennessee,65681,India,20.341535,75.516555
ADDR00228,2841 Gray Mountain Suite 677,North Scott,Arizona,92325,India,14.428233,86.492182
ADDR00229,608 Anderson Port,New Ian,Alabama,68720,India,27.911156,83.117695
ADDR00230,652 Barr Cove,West Zachary,Minnesota,52803,India,24.295459,75.963326
ADDR00231,2371 Derek Mall Suite 961,East Christopherside,Florida,71114,India,10.014567,76.286116
ADDR00232,049 Andrea Prairie,Benjaminstad,Texas,29126,India,15.064593,77.271577
ADDR00233,5075 Shelley Groves Apt. 537,Joehaven,Maine,48498,India,22.043958,72.012848
ADDR00234,787 Blevins Mountain,Kevinland,Kansas,19716,India,14.012798,88.124545
ADDR00235,15676 Jacob Streets Apt. 076,New Hectorview,Minnesota,56564,India,26.366898,69.862637
ADDR00236,583 Mike Plaza,Lindabury,Washington,08529,India,18.597584,83.735723
ADDR00237,614 Anthony Trail Suite 283,East Gregoryville,South Dakota,88491,India,18.81013,73.998197
ADDR00238,495 Jackson Cliffs,South Lauren,South Dakota,89080,India,18.923731,94.240316
ADDR00239,73071 Julie Garden,East Monique,Utah,85086,India,23.186065,88.170167
ADDR00240,49991 Joshua Creek Suite 852,West Teresa,South Dakota,52580,India,30.275033,90.202243
ADDR00241,66428 Laura Rapid,Abigailbury,Connecticut,93981,India,17.889907,68.170986
ADDR00242,3589 Ramirez Forks,North Amy,Georgia,01377,India,17.145729,89.850779
ADDR00243,241 Barnes Stream,Gomezhaven,Arkansas,54176,India,30.189647,95.64948
ADDR00244,58712 Cassie Tunnel,Port Jimchester,Alaska,97972,India,18.894553,89.677954
ADDR00245,046 Paul Junction,North Jennifer,Rhode Island,96373,India,22.19944,85.494325
ADDR00246,934 Gary Way,Annmouth,North Dakota,36264,India,13.734006,74.363227
ADDR00247,925 David Rapids Apt. 645,Brandonland,Oregon,37004,India,19.331735,68.84172
ADDR00248,1515 Catherine Isle,New Justin,Utah,36270,India,16.739368,87.695115
ADDR00249,953 Nicholas Place Suite 350,Port Evanburgh,Indiana,87165,India,18.512233,72.786297
ADDR00250,81210 Miller Expressway,Lake Paulborough,Wisconsin,24970,India,20.152144,71.701206
ADDR00251,8864 Cooper Ranch Suite 520,Kimberlyview,Delaware,60914,India,24.178681,68.782027
ADDR00252,3384 Clark Fords Suite 913,Hammondfurt,Kansas,06502,India,18.244527,84.367368
ADDR00253,52494 Wolf Trail Apt. 781,South Brandonburgh,Montana,40885,India,8.704653,86.63974
ADDR00254,629 Douglas Vista Apt. 588,East Davidtown,Nebraska,59301,India,11.528187,81.389255
ADDR00255,0054 Figueroa Wall Apt. 166,Vincentfort,Arizona,78381,India,9.3074,78.994012
ADDR00256,915 Bennett Street,Erinton,West Virginia,79335,India,13.503167,77.478528
ADDR00257,425 Zachary Turnpike Apt. 004,Harrychester,Massachusetts,39515,India,27.791972,78.99466
ADDR00258,0364 Tara Garden Suite 415,East Williamfort,Minnesota,49608,India,27.552255,92.125804
ADDR00259,5578 Cohen Knoll Apt. 195,Morganview,Tennessee,03526,India,14.55906,70.375281
ADDR00260,006 Maxwell Inlet Suite 286,Ramosborough,Arkansas,46996,India,8.503965,83.643152
ADDR00261,3463 Victoria Crossroad Suite 581,Katherineburgh,Indiana,47389,India,33.997604,78.14885
ADDR00262,42434 Smith Branch Suite 370,Leahfurt,Minnesota,22668,India,24.903746,90.655758
ADDR00263,49941 Joshua Loop,Dakotabury,North Carolina,20736,India,24.945621,89.872763
ADDR00264,68862 Greer Trail Suite 597,Ericborough,Pennsylvania,67480,India,32.689905,73.78146
ADDR00265,810 Sampson Wells,East Julie,California,11978,India,8.52988,72.419088
ADDR00266,62524 Allen Inlet,Cameronbury,Vermont,18511,India,11.281745,87.414306
ADDR00267,84181 Mcmillan Stream,South Brett,Vermont,08160,India,22.663209,74.320972
ADDR00268,708 Holden Junctions Apt. 880,Brownborough,California,23349,India,26.186089,90.240045
ADDR00269,6598 Rose Track Suite 258,West Stephanieland,Utah,95556,India,12.362518,85.610177
ADDR00270,833 Robert Drive Suite 019,Rickberg,Illinois,18397,India,27.446067,71.321453
ADDR00271,46781 Cameron Passage Suite 148,Port Anthony,Oklahoma,40565,India,29.301831,95.976902
ADDR00272,153 Charlotte Rue,Jasonchester,Vermont,18145,India,10.810567,68.744674
ADDR00273,31864 Nancy Summit,Mckayhaven,Maryland,29037,India,16.110888,87.643071
ADDR00274,05618 Evans Shore Suite 265,Danielshire,Nevada,36113,India,32.912494,79.502979
ADDR00275,32318 Gary Rapids Suite 679,Toddbury,Montana,63569,India,26.590382,70.203898
ADDR00276,45113 Gary Plaza,Lake Kevinfurt,Massachusetts,05461,India,25.955975,86.190029
ADDR00277,298 James Wall,Maryland,Connecticut,47074,India,10.649434,90.401946
ADDR00278,542 Brian Avenue,Alexanderland,Alaska,04040,India,30.107624,85.411937
ADDR00279,083 Morales Club Suite 490,Merrittview,North Carolina,14974,India,11.147432,96.531486
ADDR00280,3012 Scott Groves Apt. 149,New Ambermouth,Vermont,38362,India,28.348519,78.068909
ADDR00281,1117 Joshua Lakes,West Kelsey,Maryland,55313,India,19.137828,78.746555
ADDR00282,806 Ana Track,North Michelle,North Dakota,86155,India,21.154981,77.895704
ADDR00283,965 Johnson Path,Valdezmouth,Washington,89388,India,30.088966,91.847597
ADDR00284,077 Robles Roads Apt. 079,West Timothyview,Tennessee,34032,India,10.744011,95.862839
ADDR00285,558 Justin Tunnel,Lake Martin,Kentucky,75064,India,24.525213,92.032512
ADDR00286,4654 Garza Run Suite 798,Johnsonbury,Arizona,97258,India,26.390025,80.629127
ADDR00287,9790 Huang Cliffs Suite 155,East James,North Dakota,14583,India,27.078678,95.998738
ADDR00288,591 Kristin Path,Alexanderport,Alabama,11287,India,15.022142,91.437777
ADDR00289,985 Taylor Crossroad Apt. 171,South Anna,Mississippi,34366,India,21.992496,82.021428
ADDR00290,8760 Abigail Cape,South Scottchester,California,87419,India,19.324937,89.19976
ADDR00291,550 Johnny Common,West Jamesfurt,Nevada,46321,India,14.978284,92.699682
ADDR00292,702 Timothy Courts Apt. 540,North Justin,Michigan,59348,India,29.599006,70.513224
ADDR00293,7763 Smith Lights Suite 085,Josechester,Vermont,85551,India,30.922411,75.07204
ADDR00294,257 Sara Square,Port Lisaton,Maryland,70702,India,20.08242,85.699619
ADDR00295,0917 Greer Mount,Hudsonburgh,Iowa,76675,India,17.853722,68.8323
ADDR00296,815 Hardy Ridges Apt. 288,West Michael,Tennessee,14295,India,30.124774,73.273356
ADDR00297,6407 Lisa Port,Harrischester,New Jersey,86976,India,13.515116,91.137138
ADDR00298,56863 Rebecca Club,North Brendan,Connecticut,12525,India,16.84881,93.529279
ADDR00299,21979 Christine Spur,Jessicamouth,Kansas,18725,India,26.230778,76.011789
ADDR00300,5968 Monica Rue,East Felicia,Iowa,45895,India,8.263929,95.493815
ADDR00301,0125 Marshall Port,New Justinstad,Rhode Island,32121,India,10.225937,88.882165
ADDR00302,46568 Krystal View,Pricehaven,Colorado,92024,India,20.703024,89.986775
ADDR00303,80380 Adam Union Apt. 269,New Jacquelinetown,Georgia,88346,India,25.955843,86.731184
ADDR00304,556 Kimberly Fords Apt. 597,Edwardborough,New Jersey,42277,India,20.761355,90.995053
ADDR00305,50853 Wendy Inlet,Lisaside,Colorado,96821,India,10.419387,74.426296
ADDR00306,37963 Brandt Common,Davidton,Delaware,13219,India,25.986466,76.879975
ADDR00307,2255 Garcia Hill,Stevenmouth,Connecticut,19222,India,23.120445,81.724554
ADDR00308,377 Shannon Stream,Gilbertbury,Wyoming,31446,India,21.80397,80.339611
ADDR00309,09158 David Shoal,Campbelltown,Kentucky,79871,India,27.394321,77.592948
ADDR00310,7632 Ronald Glens,Shieldsmouth,Utah,02279,India,26.274228,75.856576
ADDR00311,15938 Howard Rapid Apt. 871,Charlesshire,Kansas,18566,India,14.536496,71.499021
ADDR00312,891 Jordan Groves,Henryborough,Nevada,39473,India,13.007192,71.467087
ADDR00313,346 Jennifer Land Apt. 307,Allenville,Idaho,26185,India,21.932463,90.103499
ADDR00314,67362 Bowman Wells,Chadport,New Hampshire,42639,India,12.813896,74.275155
ADDR00315,78163 David Row Suite 896,Perrytown,Illinois,35841,India,20.589163,89.012965
ADDR00316,2275 Griffin Turnpike Apt. 417,Samanthaside,Wisconsin,59856,India,33.391783,83.214469
ADDR00317,42592 Dodson Mission Suite 608,Lake Jason,Nebraska,92593,India,15.357966,70.915257
ADDR00318,776 Kevin Rapids,Pamelafort,Oklahoma,65159,India,13.047057,74.597012
ADDR00319,022 Burns Views,Barkerberg,Georgia,32500,India,12.66548,68.410303
ADDR00320,13852 Christopher Mews Suite 380,South Coreymouth,Texas,01258,India,21.887512,75.955028
ADDR00321,8369 Scott Brooks,Alvaradoport,Hawaii,61722,India,33.331668,84.04741
ADDR00322,984 Peter Trail Suite 463,East Kathleenmouth,Ohio,29265,India,26.132852,71.662105
ADDR00323,71478 Williams Burgs Suite 488,Hubbardton,Minnesota,44640,India,30.579991,82.235482
ADDR00324,102 Elizabeth Tunnel Apt. 828,Jacksonberg,South Dakota,46431,India,30.690713,84.647862
ADDR00325,60073 Brendan Pine Apt. 082,East Cindyland,New Hampshire,84695,India,20.204321,80.773595
ADDR00326,03362 Jennifer Streets,Jasonport,Minnesota,73743,India,12.793455,69.489925
ADDR00327,90134 Velez Mountains,Owensside,Vermont,53245,India,32.467654,81.854146
ADDR00328,12352 Hoover Islands Suite 632,West Lauriefurt,Nevada,29548,India,29.375007,79.620516
ADDR00329,42840 Butler Streets,Mataside,Arkansas,32081,India,9.926136,86.253926
ADDR00330,814 Martinez Inlet Apt. 851,Timothyborough,Ohio,36177,India,9.393836,72.32673
ADDR00331,588 Tonya Curve,Danielborough,New Hampshire,51766,India,22.63383,76.81123
ADDR00332,5055 Jeremiah Street,Bakermouth,Hawaii,77138,India,33.841871,71.435095
ADDR00333,9389 Lisa Tunnel Apt. 779,Lake Corey,Alaska,13273,India,27.87553,85.583212
ADDR00334,05399 Salas Mission Apt. 127,East Katie,Texas,96825,India,28.559262,74.544927
ADDR00335,91792 Sampson Turnpike Suite 737,West Jamesside,Connecticut,96063,India,21.586886,81.064919
ADDR00336,12402 Miller Keys Apt. 039,West Kellyberg,Maine,10144,India,19.510746,92.944833
ADDR00337,8151 Becker Station,West Jacobfort,South Carolina,93735,India,33.740813,76.856027
ADDR00338,5000 Angela Turnpike,Huertatown,Mississippi,53117,India,24.14671,85.679296
ADDR00339,383 Randy Forge,Morrowshire,West Virginia,63174,India,27.242322,95.480116
ADDR00340,63735 Kevin Ford Suite 835,North Kristen,Kentucky,17955,India,13.402486,74.119731
ADDR00341,499 English Drives Suite 688,Ramirezton,Arkansas,86793,India,25.171132,72.554656
ADDR00342,42701 Dominguez Square Apt. 148,East Josephshire,California,38891,India,12.519152,70.176881
ADDR00343,966 Ramos Forges Apt. 450,West Cheyenneville,Tennessee,72030,India,8.069569,81.064607
ADDR00344,56063 Archer Prairie Apt. 791,Andrewsfurt,Louisiana,45638,India,23.439091,76.446519
ADDR00345,14494 Michael Square Apt. 879,North Vanessa,Rhode Island,02860,India,14.018382,88.501719
ADDR00346,3278 Wilcox Tunnel Suite 217,Williamburgh,California,32044,India,26.277677,81.166908
ADDR00347,4621 Amanda Trail,Crossport,Arkansas,76490,India,25.872008,94.79342
ADDR00348,715 Hernandez Ferry,Lake Andrew,Vermont,80628,India,28.483529,86.126682
ADDR00349,224 Lee Tunnel Suite 980,South Ronald,Ohio,67625,India,25.190759,95.076385
ADDR00350,7113 Kelly Land,Patriciaburgh,Massachusetts,73278,India,19.053613,83.792309
ADDR00351,568 Michael Row Apt. 355,Whitetown,Maryland,40995,India,24.838503,94.343932
ADDR00352,859 Becker Ports Apt. 186,Kelleyfort,New York,18587,India,29.49241,70.070885
ADDR00353,353 Manuel Stream,Port Randy,Idaho,29952,India,12.313993,76.920743
ADDR00354,39298 Walker Well,Johnfort,Maryland,80511,India,27.472901,84.507004
ADDR00355,815 Garcia Bypass,Franklinhaven,Arizona,08231,India,15.503875,71.606256
ADDR00356,53244 Jackson Inlet,Mirandamouth,Washington,52006,India,25.905628,88.292277
ADDR00357,93373 Antonio Mill Apt. 305,Ochoafort,South Carolina,68675,India,32.509582,82.513693
ADDR00358,636 Ethan Drive,Payneton,New Mexico,05617,India,20.838676,70.332814
ADDR00359,745 Shawn Streets Suite 473,West Christopher,North Dakota,90019,India,9.03638,80.528831
ADDR00360,77438 Castro Mill,Sweeneytown,Vermont,92767,India,16.380361,75.260669
ADDR00361,81769 Andrea Terrace,Rebeccatown,Hawaii,48764,India,10.374499,95.895422
ADDR00362,68430 Elizabeth Glens,Port Timothymouth,Missouri,43575,India,29.734924,84.680774
ADDR00363,3717 Danny Circle,Lesliebury,Minnesota,81065,India,32.720443,96.9876
ADDR00364,0742 Brandon Motorway Suite 623,Ashleyland,Oklahoma,91623,India,25.479321,75.81582
ADDR00365,09501 Diana Branch,Brandonhaven,South Carolina,55402,India,9.046024,89.931796
ADDR00366,716 Christopher Harbors,Lake Randallburgh,Iowa,70630,India,20.233021,86.893775
ADDR00367,6456 Samantha Rest,East Richard,Indiana,09673,India,31.817892,73.263185
ADDR00368,543 Sarah Cliff Apt. 960,Christopherport,Indiana,77254,India,23.21857,86.408757
ADDR00369,00560 Velez Springs Apt. 671,Denisechester,Idaho,60959,India,20.784871,70.64603
ADDR00370,730 Donald Ferry Apt. 347,Lopezmouth,Illinois,50133,India,17.046987,77.665943
ADDR00371,72360 Cohen Dale Apt. 612,West Arthur,Tennessee,53020,India,25.423471,92.87426
ADDR00372,070 Sarah Way Apt. 262,Reyesville,Oklahoma,79163,India,16.574895,88.116537
ADDR00373,61823 Angela Parkway,Port Sheila,Virginia,33897,India,15.493663,95.410613
ADDR00374,6283 Denise Summit Apt. 364,Smithland,Nebraska,18668,India,29.152717,83.952802
ADDR00375,71425 David Pines Suite 070,Lake Chadborough,Vermont,79962,India,19.825474,77.120998
ADDR00376,253 Maria Center Suite 694,Meyerstad,Nevada,46098,India,16.405118,96.135357
ADDR00377,59379 Matthew Course Apt. 082,Grayport,Illinois,53178,India,18.508551,82.923291
ADDR00378,1482 Andrew Ferry Suite 876,Halltown,Delaware,95516,India,33.6911,87.072151
ADDR00379,8856 Bryant Glens Suite 996,West Kristin,Maryland,90258,India,22.107433,79.98418
ADDR00380,608 Smith Shoals Apt. 530,South Davidchester,Oklahoma,42375,India,12.877146,78.491601
ADDR00381,01293 Smith Land,Jessicaside,Virginia,56927,India,27.667522,86.136854
ADDR00382,295 Jacob Crossing Suite 632,North Davidport,Oregon,38557,India,27.759754,73.903189
ADDR00383,05182 Charles Ports,West Nataliebury,Rhode Island,76211,India,22.279711,94.90251
ADDR00384,5906 Meyers Turnpike,Lorimouth,North Carolina,36416,India,19.391018,88.249251
ADDR00385,432 Dennis Streets Apt. 068,New Josephside,Delaware,33938,India,11.157078,96.221258
ADDR00386,63095 Sarah Skyway Apt. 886,Port Paulville,Arizona,10344,India,23.830663,74.939626
ADDR00387,19821 Amy Brook,Port Sylviaton,Mississippi,04607,India,12.117832,83.974331
ADDR00388,30999 Lopez Squares Apt. 302,Millerfort,Kansas,03879,India,22.358537,70.703067
ADDR00389,88272 Nichols Ford Suite 203,Lake Nicole,Kentucky,61791,India,33.798686,94.474966
ADDR00390,806 Ryan Freeway Suite 146,East Colton,Tennessee,36918,India,19.997645,71.406518
ADDR00391,781 Roy Glen Suite 408,Davisland,Indiana,21404,India,29.635723,82.45289
ADDR00392,672 Kayla Lane,Watkinshaven,Minnesota,79261,India,26.631686,82.757288
ADDR00393,99321 Allen Pines Suite 192,East Gabrielport,California,70239,India,15.109047,92.206994
ADDR00394,64765 David Glen Apt. 186,Seanfurt,Hawaii,62401,India,33.48636,75.068196
ADDR00395,1182 Cole Brook Suite 960,Port Jessicabury,Montana,78876,India,22.332892,79.123994
ADDR00396,366 Angela Loop,Hutchinsonside,Kansas,24301,India,31.968572,82.738986
ADDR00397,28898 Wilkinson Parkways,Lopezfort,Nebraska,05806,India,30.862483,93.056781
ADDR00398,158 Mandy Fort,Johnsonberg,Iowa,47716,India,15.182432,90.910179
ADDR00399,2938 Miller Center,Dianeview,Hawaii,15485,India,18.788503,95.093203
ADDR00400,6703 Wendy Manors,South Luis,Georgia,00662,India,21.20118,91.795935
ADDR00401,021 Adams Flat,Montgomeryside,Nevada,35092,India,15.353814,76.65812
ADDR00402,4141 Lucero Orchard Apt. 486,Port Charles,Delaware,54426,India,23.260381,96.968168
ADDR00403,9647 Ramsey Mount Apt. 014,Taylorton,Minnesota,19833,India,20.730649,72.309267
ADDR00404,7588 Meyers Points,Danielfort,Wisconsin,75613,India,22.003095,78.008594
ADDR00405,905 Chang Glens,Riveraport,Washington,53767,India,22.349853,83.759472
ADDR00406,049 Ian Junction,Port Jessica,Pennsylvania,33013,India,19.83896,77.331543
ADDR00407,051 Collier Spur Apt. 882,Milesstad,North Carolina,91188,India,12.904962,88.227454
ADDR00408,982 Alyssa Fields Apt. 396,Knoxville,South Dakota,59575,India,22.866739,74.773311
ADDR00409,4004 Christina Circles,South Rebeccafort,South Carolina,14841,India,28.164156,69.265772
ADDR00410,2929 Desiree Estate Suite 108,Stevensmouth,Ohio,29902,India,27.362334,88.451609
ADDR00411,163 Burke Ridge Suite 225,Port Katrina,Maine,40102,India,29.096631,79.196284
ADDR00412,79192 Sarah Road Suite 475,Walkerberg,Tennessee,25580,India,25.25591,91.801679
ADDR00413,00545 Lee Branch,South Nicole,Tennessee,79090,India,33.501272,82.364531
ADDR00414,786 Bell Pike,Davisborough,Tennessee,17352,India,8.96251,82.566443
ADDR00415,1956 George Hollow Apt. 549,Lake Cheyenneside,West Virginia,59823,India,23.344691,93.221309
ADDR00416,34272 Kristina Mount,South Philip,Nebraska,26134,India,30.72895,80.76888
ADDR00417,20748 Thomas Tunnel Suite 752,Port Cherylview,Arizona,40777,India,21.674728,81.250914
ADDR00418,8979 Marisa Lakes,Seanton,Georgia,91783,India,26.78354,79.88938
ADDR00419,0970 Jeffrey Trace Apt. 549,Port Hollymouth,North Carolina,06582,India,25.024314,72.476475
ADDR00420,5280 Frye Crossroad Suite 185,Katherinetown,Illinois,18553,India,20.206756,96.106905
ADDR00421,2267 Dustin Meadows,Danielleberg,Mississippi,47565,India,16.802592,88.088433
ADDR00422,2005 Robinson Spring Apt. 893,North Brianna,Florida,68041,India,24.895753,92.701193
ADDR00423,091 Koch Ramp Suite 810,East Anthonytown,California,47935,India,30.160875,92.920923
ADDR00424,43019 John Estates Apt. 597,Lake Derekmouth,Tennessee,41205,India,17.880244,77.183173
ADDR00425,437 Kelsey Mill Suite 064,Susanmouth,Wisconsin,87617,India,26.686653,90.022652
ADDR00426,255 Garrett Landing,Victoriachester,Illinois,29207,India,30.681958,69.041074
ADDR00427,697 Melissa Fords,Harrisonton,Kentucky,71261,India,9.778939,86.303669
ADDR00428,315 Gibbs Village Apt. 669,Melissabury,Alaska,31942,India,31.944157,96.925352
ADDR00429,27128 Bernard Inlet Apt. 747,Kyleview,Maine,00884,India,27.415926,80.585173
ADDR00430,058 Brown Turnpike,West Scottland,Indiana,04640,India,10.559521,86.378687
ADDR00431,2454 Michael Lodge Suite 218,Lake Timothyfurt,West Virginia,18393,India,30.68706,80.866678
ADDR00432,334 Amy Glen,Johnsonville,Vermont,45026,India,26.04403,94.199298
ADDR00433,3034 Pamela Unions,Watsonfort,West Virginia,88246,India,9.195765,91.08816
ADDR00434,19380 Smith Shoal Suite 755,North Stephen,Wisconsin,61649,India,15.627562,78.870392
ADDR00435,36726 White River,Heathshire,Kansas,10606,India,11.784815,83.403823
ADDR00436,742 Tracey Causeway,Murphymouth,California,12773,India,22.71413,90.983065
ADDR00437,433 Sharp Mill,Monroeland,Colorado,58268,India,12.419575,70.290082
ADDR00438,105 Rangel Island Apt. 233,New Robert,Virginia,76217,India,30.64183,85.971601
ADDR00439,5790 Jensen Lodge Suite 178,Guerraland,Missouri,05937,India,14.261575,94.472041
ADDR00440,381 Mary Ways,Rebekahchester,Kansas,70476,India,11.721061,81.373347
ADDR00441,47776 Mcdonald Lane Suite 193,Port Johnnyfort,Iowa,22198,India,14.603411,75.404475
ADDR00442,82296 Kelly Station,Lake Benjaminville,Connecticut,84481,India,8.244333,91.334359
ADDR00443,6882 Bradley Ports Apt. 876,North Pamela,Wisconsin,02050,India,31.431445,87.650716
ADDR00444,256 Hensley Underpass Suite 698,Myersborough,Arkansas,85660,India,12.107366,80.810164
ADDR00445,10167 Derek Views,North Christopherville,New Mexico,89433,India,16.984706,85.039579
ADDR00446,90912 Davis Street Suite 461,Lake Andrew,Connecticut,53172,India,24.612406,80.304959
ADDR00447,86256 Greene Overpass Suite 977,East Jonathan,South Dakota,44890,India,14.502554,92.513814
ADDR00448,683 Jessica Garden Apt. 200,Robbinstown,Maryland,19573,India,13.179642,79.156104
ADDR00449,7399 Jason Turnpike Apt. 665,Lake David,Mississippi,21308,India,20.56341,74.878965
ADDR00450,8674 Torres Groves,Waltonfurt,Hawaii,56158,India,22.86999,84.669546
ADDR00451,12494 Ortiz Stream,West Pamelaland,California,73680,India,33.809993,76.561692
ADDR00452,6843 Ortega Coves,Aprilfurt,Connecticut,63217,India,33.426557,87.088665
ADDR00453,14382 Christopher Estate,Jenniferbury,Kentucky,50181,India,15.13649,84.411941
ADDR00454,20919 Jennifer Wells Suite 003,New David,Texas,42133,India,25.830787,89.595396
ADDR00455,2498 Angela Rapids Suite 616,South Sydneyland,Virginia,29160,India,9.275151,85.585788
ADDR00456,052 Rachel Loaf Apt. 003,Perezhaven,Idaho,61181,India,20.914909,94.220503
ADDR00457,047 Levi Via Apt. 489,Lake Kristin,Kentucky,87925,India,15.441048,91.166943
ADDR00458,644 Thomas Harbor,Karenmouth,Hawaii,61117,India,23.78369,78.217308
ADDR00459,847 Lisa Views Apt. 621,South Jodi,Wisconsin,86242,India,24.552065,86.005844
ADDR00460,035 Jennifer Ranch,New Jamesmouth,Iowa,68126,India,25.621876,88.906923
ADDR00461,611 Brandon Mill Suite 739,West Thomasburgh,Connecticut,46863,India,25.13872,92.311776
ADDR00462,929 Price Pines Suite 911,Nicholastown,Illinois,54719,India,24.334451,94.198707
ADDR00463,3884 Julian Spur,Danielland,Maryland,46142,India,24.804856,76.959054
ADDR00464,377 Scott Parkway,Davidfort,North Carolina,65657,India,19.461403,84.80764
ADDR00465,265 Hart Motorway,Monicaburgh,Wisconsin,77637,India,27.041354,70.613868
ADDR00466,33330 Moore Street Apt. 788,New Calvin,Maine,29985,India,15.672872,89.676945
ADDR00467,881 Thomas Meadows Apt. 287,Johnsonville,West Virginia,05073,India,12.566642,71.832634
ADDR00468,83719 Watkins Bypass Apt. 064,Dwayneside,South Dakota,49025,India,22.024602,96.173198
ADDR00469,7942 Carter Underpass,Meyersmouth,Washington,34824,India,21.802162,94.491122
ADDR00470,800 Chang Pass Suite 354,Lake Deborah,Nevada,06348,India,29.592288,75.452132
ADDR00471,529 Phelps Walk Suite 391,Myersberg,Rhode Island,02443,India,29.441935,81.973587
ADDR00472,16422 Laura Bridge,West Caitlin,South Dakota,75192,India,28.968701,89.650221
ADDR00473,77155 Joshua Via Suite 568,Hallhaven,New Jersey,37779,India,16.806597,71.339922
ADDR00474,03732 Patel Bridge Suite 092,North Frank,Hawaii,20822,India,33.035226,72.081953
ADDR00475,77051 Edwards Spring,Catherinehaven,Arkansas,26255,India,33.129005,92.944077
ADDR00476,787 Beverly Expressway,Juarezstad,Arkansas,24879,India,26.829635,96.418325
ADDR00477,5307 Owen Shoal,New Timothymouth,Nebraska,83272,India,33.149013,91.333042
ADDR00478,0924 Riley Mount Suite 863,South Marktown,Kansas,79726,India,17.510151,90.929777
ADDR00479,43262 Jimmy Keys,Roberthaven,Arizona,52369,India,8.361885,83.560597
ADDR00480,7199 Wallace Village Apt. 010,Ashleyton,North Carolina,08482,India,19.824437,87.512023
ADDR00481,95898 Richard Ferry Suite 134,Smithtown,Washington,40610,India,25.480861,84.952243
ADDR00482,7712 Zavala Falls Suite 435,Crystalhaven,Nebraska,59302,India,29.38285,95.268465
ADDR00483,65026 Aaron Lake,East Michael,Michigan,96026,India,10.816999,74.780835
ADDR00484,836 Meghan Trail Apt. 636,New Kenneth,Iowa,68609,India,8.650641,93.642811
ADDR00485,0665 Amanda Ways,Port Laura,North Carolina,80992,India,22.596592,94.542421
ADDR00486,6719 Kim Bridge Apt. 172,Samueltown,Arkansas,04249,India,13.755547,69.833294
ADDR00487,662 Patrick Points Apt. 746,South Angela,Iowa,44549,India,29.420239,94.372242
ADDR00488,9152 Ernest Shore Suite 608,Jacksonfort,Minnesota,91494,India,15.856945,79.84058
ADDR00489,0544 Christopher Course,Brendanport,California,77853,India,11.634202,95.441584
ADDR00490,02859 Frye Tunnel,Kathyhaven,Michigan,78130,India,15.913479,82.286114
ADDR00491,53317 Diaz Valley Apt. 416,East Lindsey,Utah,56475,India,10.526992,93.73052
ADDR00492,3159 Kim Stravenue Suite 656,East David,Indiana,14791,India,11.527265,81.155669
ADDR00493,6185 Justin Hills Suite 222,South Michaelside,Texas,08410,India,25.432642,89.551064
ADDR00494,40415 Victor Keys,North Travis,Georgia,43570,India,32.595326,80.154676
ADDR00495,066 Janet Walks Apt. 857,Dawnhaven,Oregon,83414,India,27.298994,72.481164
ADDR00496,3486 Robert Plain Apt. 101,Jessicaborough,Delaware,48467,India,18.786998,70.871627
ADDR00497,22316 Marshall Unions,New Matthewbury,Vermont,97676,India,20.723023,79.835361
ADDR00498,91848 Delgado Spurs Apt. 237,South Aprilfurt,Indiana,34141,India,32.73956,68.948772
ADDR00499,2408 Robertson Walks,Jaredshire,New Mexico,94089,India,17.633779,80.858109
ADDR00500,8037 Megan Ford,New Davidshire,Georgia,47260,India,32.714434,92.808056
ADDR00501,12182 Edwards Creek,Danielhaven,Montana,07261,India,10.58322,87.884728
ADDR00502,1105 Gardner Square,West Jeffrey,Kentucky,06207,India,22.156112,96.357433
ADDR00503,0044 Henderson Viaduct Apt. 497,Guerrashire,Mississippi,34265,India,17.32552,79.54605
ADDR00504,01025 Oscar Trail Apt. 204,West Nancybury,South Carolina,74057,India,12.935023,71.542632
ADDR00505,1860 Johnathan Pike Apt. 603,Raymondmouth,Minnesota,39087,India,30.048863,81.186804
ADDR00506,21844 Taylor Villages,Kariberg,Connecticut,49477,India,25.231987,86.60943
ADDR00507,31555 Martinez Plaza,Pricefurt,Wisconsin,93033,India,23.525795,68.619366
ADDR00508,2838 Rice Throughway,Youngport,Alaska,29053,India,28.456659,75.063498
ADDR00509,7968 Hood Plains Apt. 415,West Gabrielashire,Maryland,40475,India,11.274021,84.372761
ADDR00510,9562 Timothy Inlet,Meadowsland,Iowa,65595,India,9.783864,90.189564
ADDR00511,9307 Victor Circles Apt. 039,East Antonio,Colorado,90875,India,13.386092,74.262589
ADDR00512,0491 Suzanne Course,Stokesfort,Colorado,66688,India,30.612081,77.528227
ADDR00513,96254 David Alley,Vincentville,Alaska,17615,India,11.836409,94.1154
ADDR00514,48074 Thompson Valley Apt. 303,North Ronald,Louisiana,37369,India,8.073724,92.893778
ADDR00515,629 Rice Ridge,South Virginiachester,Utah,81269,India,11.761887,71.769772
ADDR00516,178 Mcgee Field Suite 859,New Jeffreyton,Louisiana,26280,India,14.517009,73.060417
ADDR00517,5481 Matthew Parks,West Toddside,Minnesota,66079,India,25.187499,68.747624
ADDR00518,8900 Jeffrey Vista Suite 664,Stokesmouth,Hawaii,17268,India,8.386369,90.909555
ADDR00519,340 Santana Spurs Suite 246,New Megan,Arkansas,32610,India,14.186222,77.389372
ADDR00520,9631 Amber Plaza Apt. 527,West Kaylachester,North Carolina,84064,India,12.530401,69.519572
ADDR00521,16138 Choi Route,Simpsonchester,New Mexico,88652,India,27.284669,83.25648
ADDR00522,72662 Smith Station,Lake Tiffany,Montana,28484,India,27.387297,81.811133
ADDR00523,5511 Mitchell Spur Apt. 754,Collinsstad,Missouri,17030,India,28.228443,82.883901
ADDR00524,7938 Moss Rapid,Robertsmouth,West Virginia,12268,India,10.835404,82.611322
ADDR00525,0442 Scott Manors,Maryville,Texas,44596,India,32.580807,69.257586
ADDR00526,80650 Baxter Mission Suite 652,Gregorymouth,Minnesota,36550,India,28.363902,93.142446
ADDR00527,833 Wallace Curve,Erikamouth,Pennsylvania,21529,India,21.557732,81.283233
ADDR00528,0105 John Summit,Kimside,Wisconsin,43870,India,33.064681,69.763937
ADDR00529,82726 Wright Mill,New Mark,New Mexico,16306,India,20.45353,79.6469
ADDR00530,848 White Fort Apt. 359,New Lindseyshire,Hawaii,04778,India,25.838535,82.217797
ADDR00531,9512 Gonzales Ville Apt. 721,Pamelabury,Missouri,64471,India,31.652222,70.131231
ADDR00532,15536 Banks Loaf Apt. 838,Brooksbury,Iowa,06199,India,10.100552,85.640625
ADDR00533,489 Clayton Orchard,Scottbury,Nevada,12330,India,9.707738,75.975464
ADDR00534,59986 Ronald Drive,North Matthew,California,22750,India,24.459995,83.902337
ADDR00535,36479 Heather Mews,Mcleanstad,Virginia,06668,India,16.454822,96.844205
ADDR00536,9528 Ruiz Gateway,Catherinebury,Tennessee,68248,India,21.794478,81.157747
ADDR00537,2576 Johnathan Pines,Port Monica,Maine,92981,India,23.741097,70.876175
ADDR00538,887 Bray Mountain,Gonzalezfurt,Iowa,83208,India,26.246265,92.730989
ADDR00539,584 David Drives Apt. 316,Port Davidburgh,Indiana,54470,India,24.923833,90.299919
ADDR00540,3212 Mary Mission Suite 232,Leeside,Minnesota,86548,India,26.741838,74.235669
ADDR00541,8120 Eric Station Apt. 960,Port Katherinehaven,Idaho,01512,India,19.740428,74.626314
ADDR00542,63232 Brian Highway,Amyville,Colorado,58316,India,16.812222,81.151468
ADDR00543,002 Deleon Knoll Apt. 702,Blakefort,Rhode Island,73194,India,18.815731,70.757489
ADDR00544,858 Douglas Trail Suite 667,Lake Frederick,Maryland,16026,India,19.095864,87.288128
ADDR00545,29115 Mary Wells Suite 052,North Williamburgh,Texas,16073,India,17.731827,72.426529
ADDR00546,13708 Johnston Shoal Suite 994,Port Kelsey,Montana,59119,India,31.997611,69.946866
ADDR00547,426 Campos Loaf Apt. 308,Nathanland,Vermont,92028,India,29.626069,70.703673
ADDR00548,571 Cameron Circle Suite 994,East Mariastad,Michigan,84026,India,10.510675,89.425084
ADDR00549,23132 Moss Hollow Apt. 778,Ashleymouth,Florida,07734,India,29.106001,84.134751
ADDR00550,02091 Bell Neck,Port Markburgh,Massachusetts,04006,India,23.248092,84.286006
ADDR00551,6499 Perry Springs Suite 978,West Benjaminburgh,Wisconsin,56097,India,16.570796,71.544707
ADDR00552,923 Blake Trail,Josephshire,South Carolina,09741,India,17.19355,87.294875
ADDR00553,862 Bennett Light,North Melanie,Kansas,02867,India,27.507391,93.174672
ADDR00554,41659 Pope Unions,South Melissachester,North Carolina,14997,India,26.747578,96.08356
ADDR00555,005 Weaver Forks,Edgarborough,Nevada,54413,India,23.610662,78.197739
ADDR00556,05335 Danielle Port,Cobbbury,Wisconsin,46916,India,23.025881,74.169425
ADDR00557,202 Mata Centers Apt. 880,Natalieside,Illinois,29165,India,25.075144,74.503101
ADDR00558,01583 Nathan Park Suite 863,Amandaport,Louisiana,78758,India,10.813678,92.515829
ADDR00559,2281 Colleen Mountains Suite 250,Ballardtown,Oregon,89183,India,17.556587,90.115563
ADDR00560,05196 Melinda Pike,Munozland,Virginia,84572,India,22.9266,91.40942
ADDR00561,6830 Jonathan Heights,Lake Danielburgh,Minnesota,58881,India,29.974034,96.261851
ADDR00562,3667 Deleon Common,East Timothymouth,Delaware,21075,India,29.279098,85.793625
ADDR00563,22223 Lauren Points,Kellyburgh,New Jersey,74843,India,24.710178,68.761361
ADDR00564,98065 Bethany Overpass Suite 418,Jamesbury,Colorado,25419,India,32.156192,92.054363
ADDR00565,72767 Potts Islands,West Melissa,Maryland,79233,India,14.953641,73.232066
ADDR00566,766 Jason Plaza,New Jesse,Washington,04320,India,26.270168,76.960556
ADDR00567,0435 Michael Road,South Joelport,West Virginia,15413,India,16.835441,68.177068
ADDR00568,75389 Buck Extensions Apt. 323,West Rebecca,South Dakota,70792,India,30.61643,84.423312
ADDR00569,649 John Parks,West Wandafurt,Florida,44928,India,18.420393,72.114365
ADDR00570,33487 Meyer Junction,Port Wesley,Washington,78293,India,24.462472,68.889056
ADDR00571,0690 Harris Fork Apt. 382,Masonshire,Colorado,44380,India,27.398906,74.238854
ADDR00572,53131 Fitzgerald Lane,Adamside,Iowa,97510,India,18.915645,77.885983
ADDR00573,693 Shawn Rest,Lake Julie,New Mexico,28037,India,17.62138,88.926283
ADDR00574,451 Christopher Roads,Port Richard,Louisiana,75776,India,28.197726,84.460213
ADDR00575,31435 Alexander Valley Apt. 609,South James,North Carolina,58982,India,10.208883,69.525656
ADDR00576,201 Dawn Spurs Apt. 535,Lake Bruce,North Dakota,66452,India,12.092657,85.917307
ADDR00577,49838 Tucker Crest,Lake Alexandra,Illinois,71218,India,25.523186,75.890982
ADDR00578,6350 Ross Groves,Royborough,Ohio,21690,India,25.210406,82.084189
ADDR00579,83877 Harris Lights,West Davidburgh,West Virginia,38069,India,19.493149,75.921838
ADDR00580,689 Wilcox Street,Patriciamouth,California,54955,India,27.628522,71.300708
ADDR00581,101 Evans Grove Suite 571,West Erictown,South Dakota,13138,India,19.177754,76.214148
ADDR00582,1833 Austin Pass,Robinsonfort,Maine,25146,India,25.640643,82.11235
ADDR00583,106 Hurley Spurs Apt. 250,Mccoymouth,Michigan,62955,India,25.345447,69.317104
ADDR00584,5759 Jones Ramp,Phillipsside,Delaware,00837,India,18.276848,85.380424
ADDR00585,6721 John Extension,South Michael,Georgia,05626,India,8.199864,76.741161
ADDR00586,752 Cline Common Suite 560,East Benjamin,Maine,53027,India,13.492083,71.979809
ADDR00587,0253 Pamela Shoal Apt. 306,East Danielle,North Dakota,81880,India,14.643507,77.515548
ADDR00588,8671 Randy Cliffs Suite 230,Dawnstad,Kentucky,17763,India,8.200978,89.66341
ADDR00589,90273 Bobby Street Apt. 814,Chasechester,Delaware,69059,India,12.568065,79.026016
ADDR00590,25675 Daniel Shoal,Jenniferland,Mississippi,19848,India,26.295453,82.507608
ADDR00591,77935 Brown Loop Suite 702,Aaronton,North Carolina,83611,India,29.667209,91.379805
ADDR00592,7628 Gibson Field Apt. 646,South Janet,Georgia,23637,India,9.873963,92.991166
ADDR00593,0232 Nathan Mountain,Frederickmouth,Nebraska,33829,India,9.099859,68.543505
ADDR00594,555 Fuller Terrace,North Amy,Maine,94835,India,31.950223,93.00119
ADDR00595,85558 Sarah Hill,West Amy,South Carolina,60062,India,22.969738,84.628591
ADDR00596,7653 Bell Isle Apt. 362,Brucestad,Alabama,49007,India,26.446973,80.113125
ADDR00597,8968 Taylor Spurs,North Edward,Arizona,82498,India,10.994508,68.60484
ADDR00598,020 James Spring Suite 993,West Andrea,Oregon,75370,India,16.443973,91.238342
ADDR00599,622 John Key,Michaelfort,North Carolina,82457,India,24.071257,92.128751
ADDR00600,2549 Todd Orchard Apt. 626,South Christopher,West Virginia,60850,India,31.914014,70.555767
ADDR00601,9790 Charles Path Suite 086,Wigginsview,West Virginia,38220,India,29.956593,75.056178
ADDR00602,45245 Mooney Hollow,New Dylan,Alaska,42839,India,23.310653,83.194914
ADDR00603,67236 Michael Viaduct,Melissaland,Rhode Island,39440,India,18.289934,76.997962
ADDR00604,0502 Jonathan Summit,Bobbymouth,Texas,00757,India,16.827345,77.65899
ADDR00605,01586 Rodriguez Islands Apt. 630,Hughesport,Texas,57560,India,12.37145,82.804015
ADDR00606,27319 Bryan Center,Amberfurt,Maryland,34837,India,10.964693,82.78861
ADDR00607,3679 Thomas Haven,Port Williamview,Wisconsin,79154,India,31.553991,78.131883
ADDR00608,12540 Herrera Turnpike Suite 966,Port Christineton,Georgia,73642,India,26.911857,91.749509
ADDR00609,9423 Perez Station,Danielport,Nevada,18116,India,29.190962,74.851797
ADDR00610,7442 Brian Cape Apt. 472,Roymouth,Oregon,86859,India,11.80755,73.720882
ADDR00611,9393 Sydney Junctions,Jonathontown,Nebraska,91574,India,23.662374,90.046244
ADDR00612,75595 Richard Corners,East Kristopherberg,New Mexico,54775,India,25.043234,73.137238
ADDR00613,318 Wilson Stravenue Suite 010,West Richardport,South Carolina,88496,India,28.09405,82.329394
ADDR00614,31494 Nancy Extensions,Vasquezshire,Virginia,80920,India,27.615591,90.036437
ADDR00615,5971 Chapman Street,Alexanderton,Kansas,38323,India,19.671537,94.800473
ADDR00616,326 Moreno Fall Suite 321,Davisburgh,Louisiana,34571,India,22.676786,86.423651
ADDR00617,1697 Anderson Ways,Port Kellieborough,North Carolina,89964,India,24.237566,93.063159
ADDR00618,3319 Melissa Prairie Suite 804,West Lauraburgh,Illinois,64154,India,24.307653,72.377765
ADDR00619,75653 Washington Circles,South Brettfurt,Wyoming,43732,India,9.775443,80.824034
ADDR00620,8917 James Alley,South Jennifer,Hawaii,20816,India,15.873331,75.965536
ADDR00621,265 Judith Run Apt. 888,Port Justinside,Massachusetts,55914,India,9.460475,82.71277
ADDR00622,8794 Dana Brooks,West Christopher,Arizona,25625,India,16.070604,81.105502
ADDR00623,737 Yu Knolls,Reidtown,Hawaii,85993,India,9.479141,92.119202
ADDR00624,019 Matthew Stream,Brucechester,Florida,70465,India,9.995006,93.063251
ADDR00625,0565 King Gardens,Port Matthew,Washington,91760,India,30.237628,85.835243
ADDR00626,576 Newman Mill Suite 230,Brownberg,Oklahoma,20127,India,21.183763,81.418638
ADDR00627,04685 Kevin Manor Apt. 465,Danielbury,Rhode Island,98729,India,22.412226,90.962716
ADDR00628,7756 Miller Trail,East Calvin,Montana,55253,India,31.292796,81.042277
ADDR00629,22109 Jennifer Mountain Apt. 950,Smithbury,Iowa,94297,India,29.055214,86.903286
ADDR00630,7265 Debra Hills Suite 668,Deborahmouth,Maryland,24615,India,16.359696,81.793242
ADDR00631,31084 Michelle Grove,Richardmouth,Arkansas,62569,India,11.922388,69.794337
ADDR00632,3600 Jones Park,Medinamouth,Illinois,26151,India,10.691049,94.074678
ADDR00633,00588 Frederick River,West Arthurmouth,Alaska,97734,India,16.929382,88.715151
ADDR00634,66518 Wolfe Estates Apt. 528,Danielmouth,Florida,79849,India,21.118274,73.004208
ADDR00635,7048 Cortez Bridge,Foleyborough,Iowa,52178,India,14.441337,80.69499
ADDR00636,14940 Melissa Mountain Apt. 402,South Rita,Arkansas,31974,India,19.424967,83.159693
ADDR00637,56230 Theresa Forges Suite 105,Morrisport,Michigan,78313,India,12.127401,78.812707
ADDR00638,2995 Nicole Streets Apt. 574,Rogersmouth,California,19199,India,15.355233,79.854313
ADDR00639,727 Black Motorway,Velasquezbury,Tennessee,05530,India,16.797546,85.33869
ADDR00640,775 Tiffany Shores,North Catherine,Kentucky,39517,India,28.5199,86.771855
ADDR00641,3482 Carr Pike Suite 320,West Julie,Wyoming,38204,India,9.713708,70.740672
ADDR00642,71889 Amanda Corner Suite 816,Kellytown,South Dakota,60925,India,25.637863,76.240262
ADDR00643,78615 Elaine Fork Apt. 019,Johnsonburgh,Delaware,53055,India,26.817075,87.040359
ADDR00644,7375 Campbell Vista Apt. 321,North Shawnview,Delaware,24430,India,31.56491,93.32511
ADDR00645,874 Andrea Flat Suite 134,South Jasonview,South Carolina,77510,India,16.667413,84.899446
ADDR00646,462 Eaton Glens,New Jonathanstad,Wyoming,64095,India,11.677138,78.144803
ADDR00647,156 Sherry Shore Apt. 713,Davidmouth,Nevada,18013,India,33.160109,88.255919
ADDR00648,22212 Aguilar Expressway Apt. 876,Blanchardburgh,Texas,28385,India,18.190908,85.256196
ADDR00649,260 David Roads Suite 214,Lindamouth,Kansas,02679,India,32.388057,76.977875
ADDR00650,6409 Oliver Green Apt. 024,North Charles,Colorado,86768,India,17.793662,90.958197
ADDR00651,9757 Chandler Manors Apt. 938,Lake Catherinemouth,Georgia,73034,India,29.142804,87.433376
ADDR00652,2158 Anthony Lodge Suite 065,South Melissafurt,South Dakota,30061,India,29.552933,89.424465
ADDR00653,325 Russell Curve Suite 388,North Cynthia,New York,68850,India,25.820775,83.265407
ADDR00654,38931 Williams Gardens,Morrishaven,Georgia,72276,India,24.796645,80.278785
ADDR00655,3112 Hall Court Suite 397,Randallshire,South Carolina,83695,India,17.407531,78.515332
ADDR00656,496 Michelle Village,North Diana,New York,05646,India,12.686836,74.211587
ADDR00657,323 White Station Apt. 155,Snyderfort,Washington,69103,India,32.639375,82.101857
ADDR00658,8134 Humphrey Squares,Williamsonburgh,Ohio,19133,India,13.890119,71.989395
ADDR00659,5390 Tami Street,Annetteview,New York,82341,India,10.006292,92.488423
ADDR00660,0755 Amanda Summit Apt. 856,East Paul,Florida,37694,India,10.62966,90.355367
ADDR00661,7519 Kathryn Extensions,West Yolandamouth,Vermont,53545,India,29.713115,93.626783
ADDR00662,32027 Walters Run Suite 598,Mooreview,Alabama,78513,India,8.981435,77.766167
ADDR00663,8789 Stephanie Circles,Madisonchester,Wisconsin,47648,India,27.923998,71.800422
ADDR00664,661 Smith Creek Apt. 984,Hintonburgh,Maine,05693,India,17.794717,72.705169
ADDR00665,86668 Bryan Walk Apt. 056,Port Julie,Utah,49480,India,29.614971,90.361837
ADDR00666,84511 Kelly Common Apt. 530,Michaelside,Montana,31405,India,29.035137,72.800636
ADDR00667,0663 Davidson Shoals Apt. 342,North Tracymouth,Utah,03394,India,19.379509,79.9149
ADDR00668,93623 Harris Locks Suite 258,Meganland,Minnesota,82396,India,25.585436,74.888376
ADDR00669,9907 Smith Springs,Maloneport,Nebraska,97192,India,19.549166,76.26291
ADDR00670,274 Benjamin Loaf Suite 754,West Betty,North Dakota,50616,India,27.461949,81.018911
ADDR00671,064 William Squares Apt. 576,Mitchellfort,Utah,21021,India,21.88429,76.974569
ADDR00672,8884 Jennifer Lights Apt. 535,South Zachary,New Mexico,18858,India,29.024221,81.601453
ADDR00673,48907 Bryan Spring,Davidchester,Vermont,57288,India,29.712948,78.667388
ADDR00674,57332 Jennifer Lakes,West Heidiport,Tennessee,33437,India,32.625384,96.548754
ADDR00675,47186 Patricia Ramp Apt. 116,Lake Stacyport,North Dakota,07168,India,20.003679,76.17138
ADDR00676,330 Pennington Spurs,East Margaret,California,48503,India,17.928683,83.296334
ADDR00677,2614 Michael Prairie Suite 595,New Robertburgh,Maryland,52000,India,33.122972,91.689846
ADDR00678,15714 Hahn Summit Suite 660,Kendrashire,South Carolina,78071,India,28.83274,72.013558
ADDR00679,004 Benjamin Dale Apt. 071,West Douglas,Utah,65634,India,14.500084,86.594192
ADDR00680,63425 Anthony Fields Apt. 216,Fordside,Mississippi,32646,India,30.727041,84.081682
ADDR00681,071 King Branch Apt. 281,Williamstown,Rhode Island,32307,India,10.667333,92.530876
ADDR00682,459 Stacey Mountains Suite 435,Richardfort,Washington,10390,India,30.130317,76.266827
ADDR00683,706 Tristan Mall,Lindaland,Illinois,95444,India,27.841038,75.910948
ADDR00684,3192 Susan Turnpike Apt. 223,New Mark,Connecticut,63509,India,31.537961,72.273111
ADDR00685,72713 Morgan Track,Lake Duaneland,Arkansas,66237,India,19.374287,95.445985
ADDR00686,109 Russell Points Apt. 539,Port Tracy,Delaware,44027,India,13.772988,81.082712
ADDR00687,065 Brianna Vista,South Haley,Montana,82250,India,17.089212,68.773436
ADDR00688,232 Melissa Station Apt. 783,East Michael,Kentucky,07228,India,9.384679,82.558206
ADDR00689,248 Cohen Burgs,West Kathychester,Arkansas,76117,India,14.13023,96.841235
ADDR00690,036 Thompson Row,Edwardberg,North Carolina,37596,India,17.74773,68.817439
ADDR00691,61778 Kathryn Springs Apt. 532,North Dawn,New Jersey,90212,India,32.201474,92.336112
ADDR00692,1989 Walton Valleys,Johnsonshire,Wisconsin,78950,India,24.898978,90.950038
ADDR00693,9387 Vincent Turnpike Apt. 717,Shawnhaven,Alabama,74339,India,11.577589,76.319503
ADDR00694,6522 Walter Terrace,Wattsmouth,North Carolina,83609,India,29.573801,88.186088
ADDR00695,36670 James Way Apt. 558,West Crystal,Alaska,42991,India,11.60861,88.460549
ADDR00696,261 Smith Valley,New April,Montana,64318,India,19.663638,68.152285
ADDR00697,2845 Tammy Junctions,West Ashley,West Virginia,07280,India,10.05987,75.421794
ADDR00698,81257 Janice Cliffs Suite 039,West Ian,Louisiana,87409,India,29.709041,83.915323
ADDR00699,0644 Mario Extension Suite 218,New Mark,Virginia,47214,India,26.908104,83.305374
ADDR00700,629 Moreno Groves Apt. 150,Guzmanborough,Connecticut,25794,India,10.890858,76.354946
ADDR00701,8295 Kristin Roads Suite 125,Thomasmouth,Virginia,26363,India,15.829931,69.384734
ADDR00702,95473 Rachel Ways,North Christine,New Mexico,08052,India,18.915464,91.023074
ADDR00703,3528 Wilson Shoal,Daviesfurt,Arkansas,89715,India,19.884954,71.214879
ADDR00704,7118 Adkins Villages Suite 975,Jeffreyshire,Nebraska,40898,India,31.533819,85.305432
ADDR00705,0720 Brown Manor Suite 332,Josephland,Georgia,24719,India,8.427319,82.945896
ADDR00706,49673 Jennifer Cliffs Suite 435,Silvashire,North Dakota,24261,India,14.290391,72.163728
ADDR00707,30760 Hannah Gateway Apt. 229,Mariahmouth,Kansas,39796,India,19.160211,85.829478
ADDR00708,2790 Martinez Land,South Michellestad,Georgia,33417,India,14.25467,80.08046
ADDR00709,19894 Gomez Motorway Suite 834,West Cheryltown,Kentucky,91846,India,25.273654,70.482805
ADDR00710,160 Ashley Crossroad,Fitzgeraldville,Connecticut,19141,India,33.341017,69.9627
ADDR00711,06624 Leon Village Suite 191,Katrinahaven,Pennsylvania,35750,India,21.677546,82.712503
ADDR00712,70785 Wilson Flats Suite 563,Barnesbury,Hawaii,08776,India,33.696619,84.070407
ADDR00713,6114 Jeffery Falls,Wilsonmouth,Utah,69182,India,18.151797,81.633917
ADDR00714,44703 David Prairie Suite 542,Lake Jeffreyborough,Virginia,68820,India,24.527441,96.450143
ADDR00715,2233 Hess Ramp Apt. 711,North Brenda,New Jersey,03669,India,14.594907,68.471025
ADDR00716,65080 Adam Alley,New Catherineport,Kentucky,41450,India,28.50152,77.999272
ADDR00717,7231 Douglas Crescent Suite 427,Christinaland,Illinois,09936,India,27.056467,86.219452
ADDR00718,296 Dunn Fords,Austinview,Arkansas,97605,India,28.059036,89.320423
ADDR00719,689 Taylor Knoll,Meyerfurt,Alaska,94094,India,16.645484,69.285735
ADDR00720,9301 Gonzalez Green Suite 916,Port Jill,Iowa,59555,India,22.196357,91.591757
ADDR00721,2046 Mendoza Streets,Brendaview,Wisconsin,74517,India,12.552317,90.595135
ADDR00722,23835 Stanton Bypass,Williamville,Arkansas,14375,India,20.080195,88.166288
ADDR00723,9420 Banks Cliffs,Port Erica,South Dakota,26054,India,24.425132,91.533433
ADDR00724,56725 Miller Knolls,Port Jacob,Minnesota,63866,India,9.640614,90.509522
ADDR00725,13844 Linda Ramp,Fryestad,Nevada,29382,India,19.899669,76.509835
ADDR00726,7716 Miller Lane Suite 891,Lake Ashleybury,New Hampshire,13191,India,9.138963,73.784625
ADDR00727,96415 Linda Motorway,Gallegosside,Alabama,97071,India,9.089554,95.067758
ADDR00728,237 Tapia River Suite 518,New Latasha,Washington,24123,India,21.399973,96.684558
ADDR00729,83622 Yolanda Drives,East Emilyland,New Mexico,76954,India,22.118798,75.346099
ADDR00730,773 Martin Burgs Suite 892,Jillberg,Arizona,24988,India,27.585564,73.541999
ADDR00731,6302 Tammy Squares,Port Zoestad,Texas,30251,India,17.281329,90.644405
ADDR00732,09348 Katherine Field Apt. 044,North Jenniferport,Vermont,64313,India,30.510755,77.625816
ADDR00733,347 Greene Circles,Cameronville,Oregon,30629,India,11.23635,78.672556
ADDR00734,2415 Rose Rue,Stoutmouth,Pennsylvania,40755,India,31.126649,89.555923
ADDR00735,01080 Martinez Prairie Suite 629,Lake Todd,Nebraska,95758,India,31.260575,79.212698
ADDR00736,1876 Miles Crest,West Christopher,New Hampshire,99689,India,33.316813,82.389894
ADDR00737,774 Sheena Underpass,Port Michael,Utah,38671,India,20.935608,94.805004
ADDR00738,28467 Simpson Cove Suite 379,Lake Tammy,Nevada,79424,India,21.501172,91.233295
ADDR00739,585 Dylan Mission Suite 121,Karenfurt,New Jersey,84425,India,26.904114,70.288883
ADDR00740,9478 Garcia Plaza Suite 338,Hooperview,Vermont,85684,India,23.663786,91.847897
ADDR00741,719 Powell Motorway,Larryborough,Virginia,95538,India,22.182334,77.315131
ADDR00742,7486 Roberson Center Apt. 232,Garrettfort,Illinois,67924,India,10.081792,87.166657
ADDR00743,69917 Luis Hollow,South Christopher,Oregon,13891,India,15.968892,85.476027
ADDR00744,3172 Robert Brooks,Parksville,Vermont,23567,India,19.079018,88.003179
ADDR00745,5581 Jennifer Grove Apt. 409,South Angelamouth,Illinois,23347,India,17.140222,69.2283
ADDR00746,156 Donald Parks,South Lisa,New Jersey,51065,India,30.620967,78.22422
ADDR00747,092 Haynes Cape,Langshire,Arkansas,98210,India,33.951916,75.962105
ADDR00748,59590 Tina Rest,Joshuaborough,Kentucky,79389,India,33.480709,95.489227
ADDR00749,128 Davis Plaza Suite 023,Teresaborough,Vermont,11570,India,9.95107,86.487864
ADDR00750,8742 Young Harbor Suite 243,Fordview,New Hampshire,85213,India,17.446089,91.231783
ADDR00751,113 Garcia Fall,Jameshaven,Rhode Island,23496,India,25.664676,95.630892
ADDR00752,64519 Beltran Rest Suite 358,Andersonfort,Massachusetts,19061,India,11.712266,85.619614
ADDR00753,07785 Travis Forges Apt. 927,Waynefurt,Michigan,09424,India,28.314111,69.00917
ADDR00754,409 Brittney Rapids,Brownington,Minnesota,98188,India,9.748067,90.576946
ADDR00755,35267 Lozano Grove Suite 401,East Amanda,Georgia,34809,India,17.52454,79.102778
ADDR00756,86834 Tanya Springs,New Alfredberg,Minnesota,66705,India,22.748361,85.54775
ADDR00757,1344 Garcia Rapids,New Emma,South Carolina,89425,India,25.655613,95.515882
ADDR00758,227 Reginald Crossroad Apt. 217,South Elizabethshire,Missouri,07251,India,17.672348,90.12945
ADDR00759,5912 Barker Overpass,Tammyhaven,Iowa,71787,India,22.921966,83.354337
ADDR00760,658 Scott Vista Suite 895,New Danielle,New York,85179,India,18.348885,86.837261
ADDR00761,2413 Dixon Extensions,Tapiaberg,Pennsylvania,24900,India,14.489903,71.29001
ADDR00762,460 Sue Turnpike Suite 716,Anthonyburgh,New Jersey,37938,India,27.127546,82.472275
ADDR00763,00565 Tonya Mountains Apt. 595,Frenchhaven,Wisconsin,19362,India,18.061672,84.288509
ADDR00764,961 Danielle Cove Apt. 726,West Lisa,Texas,26352,India,14.806194,75.548403
ADDR00765,165 Margaret Freeway Apt. 015,Thomasbury,Indiana,46300,India,19.603101,96.894588
ADDR00766,6162 Davis Landing,North Sarah,Montana,88862,India,15.424999,94.577888
ADDR00767,349 Campbell Ramp Apt. 904,Port Travischester,Kentucky,18610,India,20.771205,71.556485
ADDR00768,4419 Michael Points Apt. 342,North Laurenshire,Arkansas,27918,India,30.173484,81.109238
ADDR00769,050 Martin Point,Doylehaven,New Mexico,35372,India,31.365655,80.908225
ADDR00770,98276 Spencer Estate Apt. 177,Carrollview,Indiana,68584,India,10.282559,87.775949
ADDR00771,2503 Scott Well Suite 189,Campbellport,Alabama,50521,India,29.983552,77.268045
ADDR00772,113 Sarah Heights Apt. 514,Wrighthaven,California,66685,India,17.033058,69.883233
ADDR00773,294 Brittany Bridge,Johnsontown,Alaska,22910,India,22.096455,93.848619
ADDR00774,8354 Andrea Port,Butlerton,Illinois,93361,India,30.135413,88.642464
ADDR00775,9281 Wells Brooks,Jessicaport,Maryland,68073,India,32.110436,86.493301
ADDR00776,28402 Stevenson Run Suite 322,West Michael,Ohio,36547,India,28.636106,82.753917
ADDR00777,81613 Lori Mountains Apt. 041,South Sara,Alabama,63258,India,11.155424,73.828431
ADDR00778,47555 Kathleen Parkways Suite 235,Martinmouth,Kentucky,56396,India,11.610799,90.920819
ADDR00779,91409 Sims Gardens Apt. 807,Port Lindseytown,North Carolina,16238,India,8.683385,84.066622
ADDR00780,0026 Hamilton Island,Lake Manuelborough,Minnesota,17533,India,17.59169,91.30619
ADDR00781,67236 Jeffrey Highway Apt. 631,Lake Marymouth,Tennessee,83838,India,22.34282,85.746503
ADDR00782,074 Garcia Green Suite 922,Jaclynfurt,Virginia,38682,India,10.241603,76.969431
ADDR00783,07165 Whitney Route Apt. 634,West Matthew,Florida,30579,India,33.989471,88.84722
ADDR00784,8182 Wang Coves,South Christophershire,Louisiana,88255,India,21.668087,90.305772
ADDR00785,8007 James Cove Suite 846,Harrisborough,Delaware,07316,India,29.406824,70.138771
ADDR00786,173 David Grove Suite 132,East Dylan,Utah,48438,India,33.281873,86.627819
ADDR00787,71077 Ruiz Square,Kylebury,Ohio,17448,India,19.699337,87.723161
ADDR00788,91060 Jeffrey Lakes Suite 192,Lake Stephanie,Utah,62622,India,16.957384,93.460844
ADDR00789,97384 Dean Throughway Apt. 184,Lake Barbara,Tennessee,78990,India,28.286836,86.554024
ADDR00790,62114 Lisa Highway,Sparkstown,New Mexico,79802,India,12.731042,96.021674
ADDR00791,71731 Fleming Lake Apt. 028,Wayneland,Mississippi,29668,India,19.248075,94.410656
ADDR00792,824 Smith Summit Apt. 839,Mcculloughstad,Pennsylvania,63386,India,9.440734,71.600672
ADDR00793,032 Jacob Stravenue Suite 971,Kimside,New Mexico,97475,India,11.978402,72.775055
ADDR00794,291 Gibson Walk,North Annaland,Oklahoma,93241,India,16.38918,88.570632
ADDR00795,08316 Wolf Forest Suite 241,Johnsonborough,West Virginia,62717,India,16.9966,95.286218
ADDR00796,6759 Nancy Plaza,Tuckermouth,Florida,07372,India,31.268074,92.532077
ADDR00797,87889 Douglas Fork Apt. 394,Port Kennethton,Louisiana,24893,India,14.515738,86.416656
ADDR00798,8278 Amanda Fords,North Brianberg,South Carolina,69294,India,22.321877,71.629939
ADDR00799,616 Lewis Plains,South Marcusville,Michigan,88907,India,15.87344,83.470863
ADDR00800,9532 Gary Tunnel Apt. 979,Shawnshire,Oklahoma,46998,India,21.066902,72.890441
ADDR00801,18406 Johnson Isle Suite 188,Cynthiahaven,Massachusetts,55625,India,32.481782,72.471634
ADDR00802,0690 Mcdaniel Village Apt. 092,Johnnyburgh,Mississippi,63867,India,25.127055,88.89835
ADDR00803,217 Bird Oval,South Amandaland,New Jersey,62915,India,23.733612,92.43337
ADDR00804,357 Gina Fords Suite 972,West Kristaview,Kentucky,56559,India,22.654069,91.931852
ADDR00805,098 Wolf Crossing Suite 667,Popeshire,Vermont,69295,India,8.737711,69.318392
ADDR00806,2224 Beth Station Suite 900,South Annland,Louisiana,72646,India,24.677797,84.726366
ADDR00807,3368 Colon Glens Apt. 353,North Philipview,Alabama,92125,India,24.929379,90.241811
ADDR00808,047 Kristine Junctions Suite 811,East Alexandramouth,Rhode Island,75708,India,18.831256,86.530745
ADDR00809,8728 Harris Underpass,West Dwaynefurt,Illinois,33790,India,20.94899,86.187756
ADDR00810,811 Gregory Shoal Suite 794,Peterton,Connecticut,23373,India,15.531463,95.742855
ADDR00811,99737 Randall Lock Suite 483,Markton,Montana,33220,India,20.556565,91.335956
ADDR00812,05039 Middleton Causeway Suite 174,New Michaelmouth,Florida,62982,India,25.809762,76.625582
ADDR00813,521 Jackson Lakes,Meredithtown,Maine,71414,India,9.897299,69.737478
ADDR00814,17863 Gregory Forge Apt. 471,South Jacqueline,Wyoming,10572,India,19.429743,82.043283
ADDR00815,2045 Lopez Isle Apt. 001,New Edwinborough,Connecticut,95562,India,13.304598,85.593148
ADDR00816,0539 Hall Fall,Dawnland,Alabama,47403,India,16.127145,88.832524
ADDR00817,99656 Nicholas Walks,Fergusonville,Oklahoma,73270,India,27.089194,92.962544
ADDR00818,9693 Bender Village,North Rebeccamouth,Arkansas,69011,India,33.359727,71.792218
ADDR00819,0302 Robin Crescent Suite 170,East Tammychester,Kentucky,06932,India,17.634045,84.287885
ADDR00820,91287 Melinda Extensions,Herringfurt,Texas,52978,India,16.297013,81.527704
ADDR00821,8003 David Heights Suite 960,Lake Donnaberg,Virginia,59214,India,14.954264,75.189648
ADDR00822,603 Leon Stream,Campbellbury,Georgia,91227,India,10.517103,76.416148
ADDR00823,26575 Sheila Island,North Stephanie,Idaho,87674,India,17.987896,85.845946
ADDR00824,911 Thompson Alley Apt. 951,Hayston,Iowa,25355,India,14.455027,93.093918
ADDR00825,522 Michael Courts,Everettchester,California,08108,India,12.152191,77.495639
ADDR00826,812 Ibarra Lakes,Justinport,Minnesota,73964,India,23.019863,77.068733
ADDR00827,5675 Sean Meadows Suite 730,Christopherview,Ohio,32537,India,27.841156,82.449701
ADDR00828,8430 Martinez Divide,Rachelfort,Nevada,95112,India,21.382846,82.464032
ADDR00829,7632 Blake Flat,Romerobury,Wisconsin,41014,India,16.022053,68.672113
ADDR00830,6821 Davis Ridge,Josephmouth,West Virginia,46344,India,32.576053,82.657889
ADDR00831,042 Kenneth Spring Apt. 794,Richardfort,Colorado,62738,India,33.133852,74.239188
ADDR00832,6195 Christine Passage,North Shannon,Wyoming,90663,India,17.175272,69.465672
ADDR00833,35030 Mindy Courts Apt. 175,Christopherville,Pennsylvania,57544,India,20.867249,93.587845
ADDR00834,51154 Olivia Hill,New Katherine,Colorado,56187,India,25.010761,81.647019
ADDR00835,717 Sherri Motorway,New Veronica,Indiana,41227,India,21.953959,92.567999
ADDR00836,480 Perry Lodge,South Tina,Utah,63274,India,19.204122,93.591216
ADDR00837,30167 Rebecca Pike Apt. 584,East Hectorland,Connecticut,08326,India,26.91521,90.151846
ADDR00838,57807 Morris Ville Apt. 447,Walterland,Ohio,03788,India,17.514371,79.616867
ADDR00839,744 Alan Row Apt. 790,Port Kennethmouth,Arizona,25542,India,22.827323,73.645004
ADDR00840,81114 Stephen Alley Suite 226,South Alanburgh,Oklahoma,29116,India,22.383796,70.132421
ADDR00841,368 Pena Shoals Apt. 147,Josephburgh,Illinois,63816,India,21.110644,90.167719
ADDR00842,83127 Matthew Glen Apt. 595,Lake Heatherton,Kansas,75969,India,15.272738,96.68363
ADDR00843,43642 Ortiz Ville Apt. 990,Yvonneshire,Idaho,20799,India,25.690365,71.44552
ADDR00844,793 Linda Drive Apt. 229,New Jamesborough,New Hampshire,79885,India,33.352153,79.423208
ADDR00845,173 Robin Islands Suite 308,New Jorge,Montana,33016,India,28.667328,77.833474
ADDR00846,9274 Lisa Fields Suite 616,Lake Laurenchester,Virginia,95114,India,32.412663,89.89399
ADDR00847,21439 Debra Pines Suite 603,Patriciaside,Kentucky,73976,India,13.175505,82.764553
ADDR00848,11535 Timothy Road,Ballfort,Wyoming,11836,India,21.002025,69.313797
ADDR00849,42982 Lewis Road Suite 081,Thomasstad,Virginia,57478,India,11.562946,77.65818
ADDR00850,18395 Wagner Unions,Adrianview,New Hampshire,81849,India,20.317348,81.252668
ADDR00851,39491 Gabriel Passage Apt. 656,South Vanessa,Wyoming,11574,India,23.762774,82.949666
ADDR00852,8834 Wilson Cove Apt. 793,North Danaton,Florida,86191,India,16.527112,85.778976
ADDR00853,587 Christopher Fields,Valenciaview,Utah,55624,India,12.225053,96.727856
ADDR00854,2359 Robertson Mount,Lake Dan,Rhode Island,31308,India,27.222303,76.677796
ADDR00855,092 David Ranch,West Stephanie,Maryland,59457,India,16.74571,92.020392
ADDR00856,3003 Jeremiah Brooks,West Oscarmouth,Rhode Island,58904,India,21.840836,88.553454
ADDR00857,601 Luis Garden,Port Charlestown,New Hampshire,14936,India,15.794555,91.656716
ADDR00858,9550 Brian Cliffs Apt. 288,Lake Elizabethview,Maine,90965,India,17.577303,87.540385
ADDR00859,8684 Greg Mill,West Kristine,Idaho,83295,India,33.477349,84.927362
ADDR00860,147 Clark Ferry Suite 658,Edgarfort,Mississippi,32725,India,28.715625,89.034402
ADDR00861,8826 Virginia Corners Apt. 143,East Heatherview,Nebraska,31020,India,25.889135,68.772767
ADDR00862,682 Alex Inlet Suite 712,East Jeffreymouth,Mississippi,70779,India,20.339346,96.04505
ADDR00863,9598 Arnold Stream Suite 294,Mollyview,Colorado,65833,India,28.355504,90.508699
ADDR00864,575 Fisher Underpass Suite 009,Lake Derekton,Tennessee,21802,India,23.018494,88.920603
ADDR00865,620 Gross Ferry Suite 928,Brandonhaven,Maryland,98866,India,23.171605,72.94485
ADDR00866,273 Short Key Apt. 902,Ericksonstad,Alabama,73011,India,24.354656,85.972338
ADDR00867,27967 Jacqueline Wells Suite 410,Douglasberg,New Jersey,63298,India,29.870345,72.285496
ADDR00868,016 Hardy Manors Suite 585,North Alexanderfurt,Arizona,99086,India,25.698899,68.915545
ADDR00869,9173 Stephen Road Apt. 887,Taylorview,Rhode Island,82793,India,32.653334,71.18697
ADDR00870,4738 Harris Well Apt. 240,Galvanport,Alaska,25594,India,8.492372,77.097082
ADDR00871,363 Miller Village,Cochranfort,Mississippi,47110,India,11.937213,88.024508
ADDR00872,03454 Carroll Inlet Suite 307,Johnsonburgh,South Dakota,03861,India,18.669813,90.474197
ADDR00873,705 Ray Mission Suite 669,Webbfort,Illinois,93591,India,31.933545,93.311714
ADDR00874,0524 Thomas Ports,Lake John,Kentucky,06435,India,27.131769,69.806157
ADDR00875,045 Moore Inlet,Lake Jennifer,Indiana,33797,India,11.590145,74.012909
ADDR00876,5014 Roy Trail Suite 145,Lake Joseborough,Georgia,77531,India,16.451288,87.204577
ADDR00877,84237 Melissa Roads Apt. 448,Mitchelltown,South Dakota,94324,India,21.662406,77.098825
ADDR00878,68506 Sandra Expressway Apt. 511,Yvonneside,Arizona,21762,India,12.502743,94.451601
ADDR00879,2180 Berry Forges,Hernandezberg,Wisconsin,78913,India,16.900502,78.274323
ADDR00880,04042 Sanchez Center Suite 818,Estradafort,Nevada,74143,India,28.071734,88.906812
ADDR00881,010 Hernandez Port Suite 096,New Michael,Ohio,38223,India,24.726037,88.106086
ADDR00882,8331 David Summit,Stevenville,Delaware,81562,India,23.861991,73.575661
ADDR00883,579 Jeffrey Square Suite 231,East Michaelport,Louisiana,52256,India,14.409498,84.184513
ADDR00884,01919 Raymond Views Apt. 244,Gloriachester,Iowa,27335,India,13.846543,96.214408
ADDR00885,768 Austin Mountains,Nguyenville,Mississippi,83769,India,15.737979,76.38112
ADDR00886,377 Brent Underpass,Stevenside,California,28975,India,13.389223,88.44466
ADDR00887,778 Gilbert Islands,East Courtney,Rhode Island,46378,India,16.243059,78.115292
ADDR00888,9189 Sergio Lane,South Brandonbury,Alabama,83767,India,32.27621,91.066755
ADDR00889,92214 Gavin Parkway,Jonesbury,Montana,40139,India,15.109896,71.534349
ADDR00890,348 Baldwin Station Apt. 975,Nicolehaven,Massachusetts,23735,India,25.592178,79.011131
ADDR00891,5924 Mcdowell Square,West Tonyfort,New Hampshire,10617,India,33.484174,91.732946
ADDR00892,275 Sabrina Shores,Griffithchester,Pennsylvania,10570,India,32.81983,91.333859
ADDR00893,072 Hobbs Fields Suite 821,Mckenzietown,Arizona,63406,India,15.551769,76.34128
ADDR00894,3527 William Point Suite 684,Porterstad,Iowa,62859,India,26.567673,78.044542
ADDR00895,36038 Sheryl Vista Suite 636,Holmesshire,Kansas,62133,India,19.501779,75.436875
ADDR00896,993 Courtney Glen,New Lisa,Iowa,49787,India,20.456061,73.859972
ADDR00897,0549 Ricardo Light Apt. 603,Robertchester,Rhode Island,93052,India,22.003026,95.057694
ADDR00898,6879 Foster Ports,Robertberg,New Mexico,73328,India,26.100454,71.980916
ADDR00899,71074 Robert Skyway,Andrewside,Mississippi,49455,India,24.007603,85.018084
ADDR00900,084 John Vista,Stephenhaven,Nevada,93419,India,14.303909,87.425185
ADDR00901,05699 Joseph Views Apt. 360,Smithmouth,Arkansas,42252,India,21.807079,86.500393
ADDR00902,3908 Evelyn Fields Suite 212,Tracyshire,Pennsylvania,84170,India,9.364769,79.98574
ADDR00903,93013 Lopez Springs,Jaimeview,Colorado,20700,India,26.651309,70.915802
ADDR00904,1744 Jose Burgs,Bennettberg,North Carolina,12339,India,28.039918,68.150262
ADDR00905,484 Brown Summit,Michaelberg,Utah,01475,India,22.309167,94.943891
ADDR00906,08948 Abigail Rapid Suite 702,West Colton,Missouri,15012,India,18.579594,95.115931
ADDR00907,1530 Rollins Bridge,East Jessicastad,New York,23752,India,30.83839,81.846007
ADDR00908,298 Moore Station Apt. 005,Louisland,Nevada,28920,India,13.185855,95.953507
ADDR00909,7951 Washington Land Apt. 011,Lake Karenmouth,New Mexico,81170,India,16.35036,86.73104
ADDR00910,37946 Turner Shoals Apt. 196,Port Reginaldmouth,Georgia,74507,India,31.606361,70.594361
ADDR00911,56999 Zachary Village Suite 032,South Travis,Idaho,16228,India,22.927467,83.519416
ADDR00912,32761 Williams Viaduct,Alyssastad,Massachusetts,21115,India,26.80106,95.163412
ADDR00913,6224 Timothy Drives,Mcdonaldbury,New Hampshire,79311,India,31.743973,73.076878
ADDR00914,900 Belinda Plains Apt. 068,Danielberg,Pennsylvania,34491,India,30.938369,73.097873
ADDR00915,9976 Heather Causeway,South Christina,Connecticut,65738,India,31.910505,96.917982
ADDR00916,5958 Emily Ville,West Joseph,Maryland,80748,India,18.321859,82.366133
ADDR00917,083 Ryan Port,Batesshire,New Mexico,56944,India,32.351827,95.90181
ADDR00918,4221 Stone Neck Suite 308,Lynnberg,Virginia,97041,India,32.077032,93.425552
ADDR00919,997 Michael Bridge,Frankburgh,Nevada,47665,India,8.240946,84.470894
ADDR00920,4109 Kari Street,Colleenmouth,Vermont,02687,India,10.789818,96.506823
ADDR00921,0192 Jessica Meadow Apt. 081,East Kimberlyfurt,South Carolina,76782,India,15.398603,96.683885
ADDR00922,267 Williams View Apt. 685,Aaronfurt,Idaho,68964,India,22.125813,82.32346
ADDR00923,2501 Stewart Field Suite 706,Janiceshire,Idaho,51900,India,32.402573,92.680732
ADDR00924,7273 Rodriguez Port Suite 346,Leonardview,Vermont,99113,India,20.16854,73.591531
ADDR00925,3727 Pamela Harbors Apt. 796,Branchport,Tennessee,27486,India,10.928816,72.712334
ADDR00926,7328 Antonio Prairie,Brianburgh,Arkansas,19517,India,19.931776,75.460682
ADDR00927,85951 Simpson Rue Apt. 586,Sharonport,Nebraska,97128,India,12.841176,89.361919
ADDR00928,71144 Smith Groves,Lisaborough,Minnesota,56299,India,28.559959,84.465655
ADDR00929,04746 Elizabeth Village Suite 366,Alexisberg,Utah,58640,India,27.689352,73.089353
ADDR00930,1104 Thomas Plains,East Timothyborough,North Carolina,20964,India,30.259809,94.01424
ADDR00931,0618 Cox Terrace Suite 132,East Jacob,Michigan,60308,India,29.501735,82.943139
ADDR00932,14683 Burns Extension,New Jennifer,North Carolina,44412,India,10.255182,87.40842
ADDR00933,61707 Gina Camp Suite 017,Victoriabury,Maine,09502,India,12.804311,72.077744
ADDR00934,49765 Susan Square,New Charles,Oklahoma,49826,India,16.413643,75.193365
ADDR00935,04708 Scott Valleys,Josephside,New Jersey,13073,India,14.780417,74.830116
ADDR00936,99734 Jacobs Creek,Douglasland,Louisiana,38621,India,27.597673,95.66701
ADDR00937,0921 Latoya Courts,Duncanchester,Arkansas,08663,India,15.850592,88.963593
ADDR00938,088 Jensen Prairie Apt. 057,Torresville,Maryland,73557,India,8.297329,86.956818
ADDR00939,30835 Walker Plains Apt. 758,Jonesside,Virginia,39765,India,26.011983,69.801606
ADDR00940,89640 Kelly Valleys,Rodriguezstad,South Dakota,31457,India,11.073846,76.897384
ADDR00941,90208 Cannon Common,New Timothy,Louisiana,39214,India,18.540832,82.573094
ADDR00942,070 Thomas Grove Suite 979,East Jacobshire,Nevada,24508,India,31.273078,88.403154
ADDR00943,375 Kenneth Parks,North Alanview,Florida,71694,India,16.085427,71.405057
ADDR00944,26214 Jones Knolls,South Yolanda,Kentucky,03716,India,31.81939,76.55609
ADDR00945,78992 Anderson Flats,East Lindaside,Kansas,28865,India,23.980262,74.354729
ADDR00946,15851 Carly Corners,South Johnview,Nevada,01132,India,11.472788,72.442381
ADDR00947,969 Moran Streets Suite 638,Mccoystad,Oregon,86892,India,27.441106,85.566429
ADDR00948,4362 Marvin Extensions,Herreraton,Alabama,09373,India,18.811986,83.927801
ADDR00949,463 Ingram Stravenue Apt. 124,Reyeston,Vermont,63204,India,20.24153,83.588013
ADDR00950,535 Trujillo Ville Suite 015,Michaelshire,Missouri,17033,India,25.266455,74.333937
ADDR00951,6483 Elizabeth Prairie,Sheltonstad,Mississippi,64024,India,14.434101,89.887447
ADDR00952,571 Vega Lock Suite 268,North Brianna,Arizona,53413,India,30.701512,70.374239
ADDR00953,015 Robert Passage Suite 951,South Susanville,Indiana,44700,India,19.615447,88.409218
ADDR00954,5031 Schwartz Flat Suite 103,New Melinda,Michigan,34998,India,10.030671,84.360893
ADDR00955,473 Martha Forge,Chadhaven,Texas,45444,India,9.605709,83.881828
ADDR00956,19530 Obrien Roads Apt. 129,Cynthiaborough,Vermont,38844,India,21.142663,84.608349
ADDR00957,0996 Thomas Mill,Lake Michaelview,Louisiana,82135,India,11.896162,77.515411
ADDR00958,267 Austin Haven Suite 732,Mooreburgh,Colorado,80367,India,21.52888,71.370961
ADDR00959,921 Kayla Center,Kingborough,Missouri,35672,India,13.340439,84.911283
ADDR00960,319 Dustin Skyway Suite 815,Amyshire,Montana,23596,India,10.364483,82.800885
ADDR00961,940 Allen Ramp,Port Tonyamouth,New Hampshire,61672,India,29.025994,81.149537
ADDR00962,5917 Monica Canyon,New Jamesmouth,North Dakota,50813,India,21.344444,81.247156
ADDR00963,4258 Peterson Mountains Apt. 748,Jenniferhaven,Wisconsin,25364,India,9.501156,81.408971
ADDR00964,692 Mark Vista Apt. 712,Maloneshire,Washington,71059,India,28.979799,88.975122
ADDR00965,6123 Alejandra Drive Apt. 970,Lake Reneeside,Arkansas,92957,India,18.294666,91.677144
ADDR00966,7761 Sandra Points Apt. 626,Jacquelinestad,Alabama,23949,India,27.390917,84.771027
ADDR00967,365 Shelton Mission,Knightshire,Virginia,45630,India,9.177535,77.991337
ADDR00968,32608 Daniel Plains,Thomasville,North Dakota,47692,India,9.657758,96.829586
ADDR00969,50936 Martin Groves Apt. 776,Port Johnny,Wisconsin,97282,India,32.299153,70.001555
ADDR00970,0263 Angela Square,Dianamouth,Louisiana,89774,India,32.278165,68.920311
ADDR00971,11385 Lisa Station,Rachaelmouth,Minnesota,09691,India,18.63054,90.30019
ADDR00972,1998 Allison Burg,Ellisonton,North Dakota,03702,India,27.91152,96.371665
ADDR00973,192 Sullivan Mountains,Annemouth,Hawaii,98291,India,24.792901,80.190496
ADDR00974,2158 Hammond Circles,Jeffreyburgh,Missouri,25587,India,33.814272,79.091909
ADDR00975,017 Foster Crescent Apt. 291,Lake Bryan,Connecticut,47647,India,30.610127,94.296252
ADDR00976,642 Rachel Spur Apt. 981,Jillburgh,Texas,98150,India,17.766784,87.79918
ADDR00977,356 Barnett Ridge Suite 909,Port Michaelville,South Carolina,68265,India,25.206606,83.639708
ADDR00978,8391 Williams Harbor Suite 735,Cunninghamport,California,92694,India,24.991887,78.085327
ADDR00979,53167 Travis Rue Apt. 479,Tranmouth,Massachusetts,73666,India,12.640314,83.580496
ADDR00980,86956 Carney Estate Apt. 564,South Deborahborough,Georgia,74385,India,21.749906,89.107886
ADDR00981,65181 Taylor Village Suite 641,Melissachester,Washington,79844,India,13.789946,68.100726
ADDR00982,35863 Silva Station,Jenniferville,Maine,38277,India,8.591119,76.652527
ADDR00983,46549 Craig Estate Suite 869,Juliehaven,Maryland,48161,India,25.510996,83.788915
ADDR00984,39515 David Cove Suite 472,South Williamshire,Maryland,28329,India,21.830274,91.877453
ADDR00985,6356 Murphy Hills Apt. 974,Lake Courtneyview,Illinois,46311,India,14.435313,78.038632
ADDR00986,75845 Williams Turnpike,New Ericbury,New York,99254,India,15.166893,95.1849
ADDR00987,0047 Larson Pike Suite 265,Williamsfort,Idaho,44944,India,26.850623,71.272495
ADDR00988,37794 Kimberly Mission,Kaitlinmouth,Kansas,39037,India,29.046433,80.157977
ADDR00989,08778 Rios Field Suite 905,Millerbury,Delaware,14900,India,27.91739,93.628942
ADDR00990,6995 Renee Spur,East Danielview,Michigan,39588,India,8.406791,73.976367
ADDR00991,77225 Braun Run Apt. 301,Dustinmouth,New Hampshire,63975,India,10.623315,68.973712
ADDR00992,81324 Lambert Streets Suite 781,South Robin,Arkansas,18004,India,23.542407,88.395302
ADDR00993,666 Owens Lodge Suite 891,East Samanthaborough,Pennsylvania,26933,India,9.265584,89.475691
ADDR00994,775 Debra Port Suite 581,Brownville,Arizona,50686,India,18.458899,74.795839
ADDR00995,47715 Tammy Estate,Bennettmouth,South Carolina,08950,India,13.648999,93.048177
ADDR00996,2336 Hudson Camp,Sparksview,Illinois,30378,India,9.467545,82.61298
ADDR00997,6207 Vanessa Stravenue Apt. 409,Kimberlyview,Vermont,70560,India,15.52085,91.657801
ADDR00998,3830 Karen Mission Apt. 630,Harrisville,Alaska,07682,India,27.019455,77.248207
ADDR00999,580 Christopher Club Apt. 343,Port Dannyfort,Ohio,21243,India,23.54586,87.503425
ADDR01000,53220 Daniel Valley Suite 273,Hannahstad,Oklahoma,65070,India,16.337293,76.751169
ADDR01001,775 Stephanie Trail,Thompsonmouth,Oklahoma,67269,India,11.724771,87.14616
ADDR01002,4187 Patricia Well,East Daniellemouth,Connecticut,08829,India,13.747111,76.714528
ADDR01003,98329 Miller Common Suite 909,East Jennifer,New Jersey,58873,India,9.584899,95.507087
ADDR01004,28685 Villarreal Garden Suite 486,Garciafurt,North Carolina,74760,India,30.872561,94.435752
ADDR01005,572 Angelica Points Suite 493,Edwardston,Pennsylvania,26284,India,24.275822,80.388817
ADDR01006,537 Stephanie Circle Apt. 598,Graytown,Wisconsin,38753,India,20.88614,96.196417
ADDR01007,64895 Sullivan Mall Apt. 764,Tylerchester,Virginia,08740,India,32.481247,87.468933
ADDR01008,572 Solis Meadows,Lake Nicolefurt,Wyoming,80457,India,28.430919,77.243299
ADDR01009,28319 Nicole Green,Cooleyburgh,South Dakota,87291,India,18.82444,72.327311
ADDR01010,83548 Hawkins Gardens,North Derrickfort,Ohio,78463,India,17.787965,89.878067
ADDR01011,93772 Taylor Loop Suite 214,New Christopher,California,50999,India,20.311489,92.630887
ADDR01012,08613 Martinez Freeway,Williamsport,North Dakota,71147,India,15.819147,88.519727
ADDR01013,819 Velez Extension,Port Raymond,Wisconsin,98193,India,28.95018,94.527494
ADDR01014,6988 Page Villages Suite 377,South Michael,Washington,25242,India,22.622035,96.065799
ADDR01015,14294 Kirsten Divide Suite 190,Connerburgh,Ohio,65681,India,22.489456,71.88869
ADDR01016,3854 Guerra Parkways,Matthewmouth,South Carolina,63860,India,14.314321,73.896765
ADDR01017,920 Martin Keys,Charlesside,Tennessee,45660,India,24.814352,94.744557
ADDR01018,74931 Adam Flat Suite 742,West Johnathan,Utah,31604,India,30.025468,70.681456
ADDR01019,55869 Justin Avenue Suite 835,Thomasville,Washington,83989,India,26.839203,73.523967
ADDR01020,27741 Kennedy Meadow Apt. 211,Jenniferhaven,Indiana,61091,India,14.980001,87.536486
ADDR01021,3730 Grant Field,South Jennifer,Delaware,49409,India,23.675973,93.334993
ADDR01022,2060 Jessica Overpass Suite 310,Jacksonhaven,Washington,83693,India,12.892246,90.089196
ADDR01023,991 David Mountain Suite 693,Harmonmouth,Ohio,25527,India,26.831936,84.206664
ADDR01024,232 William Fields Suite 498,Phillipsland,Montana,32381,India,20.464249,93.214742
ADDR01025,3514 Manning Pine,North Martin,Oklahoma,86142,India,16.657072,95.753573
ADDR01026,931 Cheryl Via,Stevenborough,Connecticut,17739,India,8.398676,95.177633
ADDR01027,8470 Rachel Shores,West Jenna,Montana,59426,India,33.014016,71.40217
ADDR01028,210 Brady Springs Apt. 434,East Nicholas,Tennessee,54631,India,33.988872,81.888705
ADDR01029,3224 Todd Expressway,North Francisco,Ohio,78586,India,14.307423,85.527644
ADDR01030,416 Amanda Island Suite 498,Powershaven,Iowa,12476,India,13.317342,94.538667
ADDR01031,015 Smith Trail,Connerville,New York,69519,India,22.354062,90.489903
ADDR01032,43305 Jose Mount Suite 767,Elliottchester,Kansas,58367,India,17.897205,83.475854
ADDR01033,2354 Courtney Grove Apt. 111,West John,Colorado,09762,India,17.340748,75.585287
ADDR01034,2488 Gonzales Springs Apt. 703,Mckeeshire,North Carolina,39590,India,21.33323,82.421041
ADDR01035,90552 Tracy Island Apt. 865,West Katrina,Washington,01660,India,10.563814,96.458235
ADDR01036,956 Hendrix Cove Apt. 739,West Joseph,Ohio,84842,India,20.206751,92.352204
ADDR01037,1993 Kristen Corners Suite 332,Loriberg,New Jersey,81454,India,31.772593,78.750443
ADDR01038,44182 Burton Lane,Bartonburgh,Alabama,87490,India,18.762184,84.313217
ADDR01039,97801 Tyler Fields,South Tylerberg,Ohio,66171,India,13.753127,72.231759
ADDR01040,96862 Rodriguez Inlet Apt. 704,New Patricia,Iowa,49148,India,14.780127,95.107989
ADDR01041,035 David Greens Apt. 354,Robinsonshire,Utah,68655,India,23.057716,80.109764
ADDR01042,7077 Melissa Street,East Becky,Mississippi,34617,India,11.962697,77.566093
ADDR01043,354 Caitlin Orchard,North Christine,Tennessee,83040,India,17.875834,92.167519
ADDR01044,8908 Briggs Bypass Apt. 096,Peterside,Arkansas,22181,India,20.981839,86.983631
ADDR01045,007 Williams Wall,Waynebury,Indiana,22592,India,25.806012,75.462476
ADDR01046,30174 Adam Orchard,Lake Andrea,Connecticut,61667,India,29.36139,96.02874
ADDR01047,17257 Brenda Tunnel Apt. 370,Gibsonview,Nebraska,29521,India,24.684056,82.227272
ADDR01048,440 French Prairie,New Melissa,Utah,15687,India,12.374075,91.05429
ADDR01049,9443 Christian Roads Apt. 252,Ryanhaven,Maine,32716,India,12.400908,88.889092
ADDR01050,78213 Franklin Gateway,Collinstown,Delaware,90678,India,20.696224,94.590082
ADDR01051,08674 Zachary Underpass,East Ashley,Illinois,28819,India,22.095558,86.612474
ADDR01052,65234 Butler Plains Apt. 573,North Lisa,North Carolina,36601,India,9.527033,68.980889
ADDR01053,0577 Mark Bridge,North Thomas,Montana,70399,India,30.014132,95.410455
ADDR01054,3686 Wright Row,Port Michael,Texas,11047,India,25.373604,90.165826
ADDR01055,8627 Watkins Walk Suite 288,Washingtonmouth,North Dakota,11869,India,18.722198,92.433797
ADDR01056,084 Dean Via Apt. 258,Patrickmouth,Connecticut,87181,India,14.017268,88.507917
ADDR01057,8252 Combs Prairie Suite 797,Bryanside,Rhode Island,18764,India,8.237678,82.666255
ADDR01058,927 Nicole Gardens,Deborahfurt,Iowa,05297,India,17.703218,85.917222
ADDR01059,9591 Jason Mills Apt. 045,Markhaven,Maryland,57479,India,25.335623,85.879061
ADDR01060,7465 Cuevas Throughway Suite 697,Angelachester,Alaska,85401,India,20.563308,82.147777
ADDR01061,059 Jody Extension Suite 184,Mcgeeland,Arizona,29081,India,8.171921,83.997663
ADDR01062,8252 Christina Mount Apt. 473,Michaelton,Illinois,72083,India,8.308125,83.353112
ADDR01063,59631 Foster Curve Apt. 473,Martinezbury,North Carolina,21417,India,15.143259,96.346901
ADDR01064,299 Brad Shoals Suite 491,Stephentown,Rhode Island,27055,India,8.445708,91.581559
ADDR01065,92232 David Plains,Lake Steven,Pennsylvania,83847,India,25.524857,91.378863
ADDR01066,0397 Travis Station Apt. 016,East Erika,Washington,45103,India,31.654108,71.103476
ADDR01067,23581 Bianca Cliffs,Lesliebury,North Carolina,88338,India,10.504161,72.318027
ADDR01068,3283 Cynthia Run,West Brandon,Georgia,68518,India,12.990233,83.267224
ADDR01069,238 Hernandez Burgs Apt. 216,Mitchellchester,Wyoming,43677,India,29.195574,75.752417
ADDR01070,3989 Brittany Road Apt. 197,Brandonmouth,Iowa,60599,India,18.319307,78.818496
ADDR01071,10898 Louis Passage,West Richard,Pennsylvania,23981,India,18.556713,84.385063
ADDR01072,755 Aguilar Island,Johnstad,Texas,72862,India,33.746059,74.54986
ADDR01073,4392 Phillips Hill,Heatherstad,Virginia,92016,India,25.785082,92.588146
ADDR01074,47298 Cooper Pine,Michaelside,Rhode Island,07960,India,24.997129,92.888356
ADDR01075,2381 Rodney Walk Suite 072,Grayhaven,Ohio,66124,India,27.749232,70.711515
ADDR01076,48634 Hernandez Inlet Apt. 112,West Jonathanview,Vermont,75649,India,17.860865,84.028342
ADDR01077,52867 Davis Manor Suite 611,East Kayleetown,Minnesota,52909,India,9.458988,68.274055
ADDR01078,78330 Anthony Summit,Laraborough,Arkansas,11973,India,12.455973,82.495893
ADDR01079,9696 Debbie Plaza Suite 433,Scottmouth,North Dakota,38750,India,19.281651,90.746913
ADDR01080,30325 Reed Junction Apt. 862,Coxborough,Nebraska,02131,India,22.712272,92.880849
ADDR01081,035 Darrell Meadows,Susanton,Louisiana,44273,India,10.479408,83.316616
ADDR01082,8449 Rodriguez Roads,North Melissa,Connecticut,54172,India,9.106346,74.131095
ADDR01083,5259 Flowers Points Suite 937,Carolburgh,Kansas,20667,India,30.571039,93.739075
ADDR01084,076 Tracie Route Suite 570,North George,Wisconsin,33808,India,20.363007,69.350297
ADDR01085,8868 Thomas River,Keithborough,Utah,61020,India,9.93305,94.841959
ADDR01086,402 Dominique Camp,South Robert,Louisiana,47787,India,31.382103,84.341786
ADDR01087,3630 Horne Mountains,Adamchester,Oklahoma,92888,India,8.855446,94.934224
ADDR01088,876 Eric Mountain,East Nicole,Tennessee,41822,India,16.176602,95.882607
ADDR01089,433 Soto Locks,Brandonmouth,Arkansas,23261,India,23.262939,89.81538
ADDR01090,46355 Garrett Curve,Port Sara,Florida,40516,India,26.530496,79.550585
ADDR01091,21300 Smith Rest,South Josephland,Louisiana,38886,India,10.000375,72.711057
ADDR01092,50798 Nancy Circles,Evansmouth,Nevada,80623,India,14.252277,92.204866
ADDR01093,337 Hicks Plain Apt. 387,Douglasfort,Iowa,60029,India,18.118072,93.999247
ADDR01094,90577 Daniel Viaduct Suite 768,New Nicholasmouth,Oklahoma,34771,India,16.624976,89.912669
ADDR01095,956 Blake Courts,Shelleyfurt,Montana,02273,India,11.638715,96.665861
ADDR01096,68555 Alicia Village,Coopershire,Maryland,24559,India,26.828253,82.522993
ADDR01097,49625 Mccarthy Points,East Sheila,Iowa,24973,India,33.332407,69.557197
ADDR01098,61088 Rodriguez Course Suite 518,West Sydney,Montana,76000,India,19.364295,92.321565
ADDR01099,8632 Wiggins Estate Apt. 111,North Michealbury,Virginia,24761,India,16.855411,90.301164
ADDR01100,929 Bolton Lakes,Patriciamouth,Mississippi,46736,India,32.826318,79.504388
ADDR01101,3249 Michael Orchard Apt. 639,Rossshire,Hawaii,26507,India,28.112428,68.859144
ADDR01102,6559 Ashley Club,Hawkinstown,Massachusetts,40047,India,15.106503,96.78499
ADDR01103,90209 Mark Lake Apt. 080,New James,North Carolina,60400,India,20.75569,78.318525
ADDR01104,277 Jonathan Extensions Suite 857,Markstad,Delaware,35428,India,32.469714,80.52359
ADDR01105,42738 Kim Shoal Apt. 600,Lake Nathanberg,Indiana,98525,India,25.672066,87.159485
ADDR01106,972 Amanda Junction Apt. 851,West Markview,Nevada,45579,India,10.228047,85.939861
ADDR01107,273 Jeremy Loop,Martinezland,Connecticut,72782,India,28.749435,88.680147
ADDR01108,33486 Laura Knolls,Jamesshire,Alaska,80751,India,10.132988,72.472408
ADDR01109,96288 Haley Ville Apt. 705,Saraton,Maine,12869,India,26.503606,86.383126
ADDR01110,47908 Erica Plain,New Danaside,Missouri,67170,India,27.231038,77.183669
ADDR01111,39323 Kramer Track Apt. 035,Colemouth,Mississippi,07446,India,10.770324,68.150661
ADDR01112,89189 Emily Ports Suite 674,New Jacquelinehaven,North Carolina,36522,India,16.014954,78.437607
ADDR01113,28491 Harvey Road Apt. 325,West Travisstad,Delaware,08653,India,15.013928,71.842703
ADDR01114,4816 Anthony Forge,Jessicahaven,Connecticut,38688,India,12.872186,81.016467
ADDR01115,0911 David Streets Suite 288,West Kimtown,Illinois,80918,India,22.42324,79.833281
ADDR01116,421 Tammy Plaza,Pricebury,Ohio,66704,India,8.68281,78.263514
ADDR01117,3672 Lambert Mission,Cookbury,Nebraska,12239,India,10.419671,85.34327
ADDR01118,860 Jennifer Lake,Williamsfurt,North Carolina,86045,India,16.435189,79.1719
ADDR01119,6359 Allison Creek,Amberton,New Hampshire,85193,India,15.588031,79.246187
ADDR01120,94890 Lee Fort Apt. 318,Rachelfurt,California,97239,India,10.202187,94.132945
ADDR01121,029 Wilkinson Alley,South Donnafort,Texas,26285,India,31.535397,96.367019
ADDR01122,58407 Stephanie Valleys,Jeanshire,Minnesota,29261,India,22.870971,72.917905
ADDR01123,2639 Powell Lights,Port Stephanieville,Rhode Island,61938,India,17.899033,72.026362
ADDR01124,5842 Branch Forest,South Davidview,Ohio,99487,India,15.829413,82.300594
ADDR01125,18443 Jacobson View,West Elizabethfort,New Mexico,82370,India,9.644946,80.605612
ADDR01126,71792 Jesse Place,Christopherchester,Rhode Island,99482,India,18.948661,82.042708
ADDR01127,880 Thompson Streets Apt. 112,East Michaelton,New York,22208,India,9.999955,75.299292
ADDR01128,40696 Graham Walk Suite 205,New Kevinside,Ohio,41311,India,14.411342,86.125977
ADDR01129,6569 Terry Shore,Jenniferport,Wisconsin,87108,India,23.438966,73.670899
ADDR01130,632 Ricky Trail,North William,South Carolina,23456,India,10.781282,76.835082
ADDR01131,667 Bennett Lakes,Lake Jenniferborough,Tennessee,15415,India,32.66941,77.634299
ADDR01132,876 Jeffrey Tunnel Apt. 478,Michaelberg,Texas,45211,India,24.124997,91.318217
ADDR01133,009 Lane Alley Apt. 864,Lake Anna,West Virginia,00679,India,16.568085,77.70735
ADDR01134,273 Mcdaniel Tunnel,New Travisstad,Massachusetts,96539,India,29.202362,92.925746
ADDR01135,9572 Sullivan Drive Apt. 967,North Kellyland,Nevada,98313,India,33.32986,71.94761
ADDR01136,25312 Harry Spring Apt. 084,West Alexandraberg,Alaska,91550,India,16.337294,95.471089
ADDR01137,330 Meghan Common,Brownport,Ohio,54225,India,13.222139,77.111315
ADDR01138,437 Melissa Manors,Westmouth,Alabama,67539,India,33.07894,96.093031
ADDR01139,25354 Wright Overpass Apt. 699,East Sheilaville,Maryland,70598,India,15.577652,88.153775
ADDR01140,06955 Lisa Village,Lake Joshua,Arizona,63124,India,20.76619,84.700499
ADDR01141,626 Stephanie Meadow Apt. 035,North Anthonystad,Iowa,53266,India,14.303032,78.905604
ADDR01142,138 Carlos Loop Apt. 683,Robertfort,Wisconsin,69993,India,29.228857,79.395119
ADDR01143,0416 Johnson Pines,Davidberg,Montana,76836,India,10.961083,84.351665
ADDR01144,113 Amber Well Apt. 020,Maldonadoshire,Idaho,19373,India,23.397903,83.823243
ADDR01145,289 Noah Port Apt. 160,Lake Brandonland,Ohio,87454,India,25.724528,83.952876
ADDR01146,6360 Matthew Crossroad,North Williamland,New York,19194,India,32.77812,81.387044
ADDR01147,164 Rodriguez Green,Crystalfurt,Ohio,35221,India,26.417543,80.715194
ADDR01148,837 Carly Garden Apt. 032,New Debbiemouth,Louisiana,55326,India,15.574611,88.092223
ADDR01149,948 Cynthia Drive,South Andreville,Florida,18712,India,29.293105,91.074048
ADDR01150,3219 Clark Underpass Apt. 325,Davisport,Nebraska,51414,India,18.637681,82.479793
ADDR01151,79346 Charles Mall Suite 618,Port Jessicatown,Oregon,80541,India,24.466737,75.018614
ADDR01152,7490 Morales Crescent,New Ericton,Mississippi,79816,India,25.125237,88.741855
ADDR01153,504 Salinas Haven,Lake David,Minnesota,75241,India,28.515996,70.144989
ADDR01154,340 Coleman Causeway Apt. 680,Georgeborough,Rhode Island,35586,India,33.758216,81.897806
ADDR01155,17424 Davis Plain,Andersonfurt,Louisiana,92930,India,18.420933,82.691767
ADDR01156,80775 Christopher Hollow,Torreshaven,Washington,44106,India,31.930197,88.059557
ADDR01157,0507 Teresa Green Suite 212,Conradmouth,Mississippi,89174,India,22.134775,90.930907
ADDR01158,31283 Michael Fords Suite 947,South Robert,Nevada,99487,India,17.347767,93.969544
ADDR01159,669 Brown Coves,South Chelseyside,Montana,91690,India,21.959556,86.507231
ADDR01160,10603 Short Islands Suite 482,West Catherine,Maine,61685,India,10.20953,90.299667
ADDR01161,82054 Price Manors,Lake Juanhaven,Utah,14142,India,25.097643,78.295256
ADDR01162,390 Thomas Fields Suite 429,Derekborough,Arkansas,93308,India,24.821996,69.284604
ADDR01163,721 Kerry Terrace Apt. 804,Perezville,Minnesota,89796,India,33.573813,87.646685
ADDR01164,26123 Amber Highway,Port Markberg,New York,10455,India,18.390061,89.827801
ADDR01165,0037 Jasmine Prairie Apt. 639,Port Andrew,Louisiana,28523,India,33.108636,80.483211
ADDR01166,7437 Jordan Fords,Jameshaven,South Dakota,29564,India,8.274242,75.503413
ADDR01167,00839 Brittney Valley,South Jenniferhaven,Colorado,18271,India,21.277582,83.045135
ADDR01168,901 Nicholas Unions Suite 285,North Vanessaton,Florida,70678,India,23.093476,84.681827
ADDR01169,8198 Ellis Forest Suite 087,Lake Johnhaven,Maine,20344,India,19.590242,79.342891
ADDR01170,0278 Melissa Inlet,Tylerport,Washington,08283,India,28.080898,85.069109
ADDR01171,245 Washington Parkways,Lake Jennifer,Nebraska,48868,India,21.01211,78.004054
ADDR01172,371 Allen Pines Suite 495,West Anna,Montana,37989,India,8.638629,71.031931
ADDR01173,20292 Linda Turnpike,New Lisa,Kentucky,58377,India,18.815361,95.890108
ADDR01174,883 David Islands Suite 591,Sharonfort,Virginia,44846,India,11.017803,95.279609
ADDR01175,36467 Palmer Club Suite 513,West Robertview,Pennsylvania,23429,India,11.683555,77.04482
ADDR01176,3550 Cory Summit,Cynthiaborough,Delaware,43898,India,19.838649,73.999152
ADDR01177,7244 Wood Creek Suite 906,Christopherville,California,22502,India,20.556076,81.808713
ADDR01178,84466 Gregory Road Suite 619,West Edwardfurt,Minnesota,13250,India,19.392314,88.206135
ADDR01179,32873 Shelton Meadows,Lake Angelborough,Washington,06501,India,16.291646,76.707658
ADDR01180,40239 Cobb Knoll,Bowenshire,Maine,84519,India,29.064834,71.337473
ADDR01181,3483 Edwards Trace Suite 734,South Haley,Michigan,09542,India,30.07868,86.791128
ADDR01182,2730 Jordan Loop,Lake Kristie,Tennessee,30249,India,25.605623,72.766269
ADDR01183,20275 Katherine Trail Apt. 471,Danielton,South Carolina,59716,India,33.581412,75.073475
ADDR01184,4028 Moore Run,South Robert,Colorado,10416,India,12.535784,72.643936
ADDR01185,0438 Mayo Rapid Apt. 516,North Andrea,Oregon,64087,India,22.556073,95.795416
ADDR01186,86975 Wang Glens Apt. 785,West Jennifershire,New Jersey,71013,India,14.028244,79.746376
ADDR01187,9382 Salinas Rapids,East Karenberg,Arkansas,89978,India,12.795746,86.573887
ADDR01188,5032 Esparza Village,Smithtown,Nebraska,89117,India,19.235496,68.846576
ADDR01189,783 Mccarthy Rapid,Leonardmouth,Mississippi,58087,India,23.96678,73.722409
ADDR01190,74249 Tucker Shoals Suite 469,Micheleland,Nebraska,50804,India,23.397282,79.276238
ADDR01191,83511 Jesse Spurs,Seanport,Montana,75974,India,26.323126,73.96775
ADDR01192,20694 Jones Lights,Port Davidview,Washington,38910,India,27.560463,91.453164
ADDR01193,62780 Timothy Via Suite 824,Lake Jeffreyfort,Georgia,73660,India,9.626658,70.950809
ADDR01194,2722 Figueroa Squares,Port Guy,New Jersey,14722,India,30.671463,73.421835
ADDR01195,412 Dixon Lock,New Davidhaven,Oklahoma,93153,India,16.475608,81.268962
ADDR01196,58625 Sean Pine Suite 598,Gardnerburgh,Washington,80461,India,14.821188,93.01646
ADDR01197,497 Newman Spring,Bensonville,Montana,06688,India,21.720591,86.534149
ADDR01198,8251 Maldonado Spring,South Nicholasborough,Maryland,79189,India,23.521242,85.727944
ADDR01199,4165 Martinez Lodge,Port Victormouth,Delaware,47759,India,23.262123,78.089814
ADDR01200,342 Christopher Ramp Apt. 353,North Ethanside,Pennsylvania,81270,India,29.983463,85.903518
ADDR01201,17037 Nicole Common,Evansborough,Florida,79701,India,29.157195,88.473662
ADDR01202,1083 Philip Island Apt. 332,Josephfort,Georgia,26015,India,15.733566,85.820051
ADDR01203,894 Rose Well Suite 549,Michaelberg,Kentucky,74093,India,10.203551,71.884485
ADDR01204,354 Michelle Skyway,Hoopershire,Washington,89142,India,11.064403,76.85602
ADDR01205,14560 Gregory Crescent,Lake Edwardfort,Vermont,80254,India,12.759157,88.10966
ADDR01206,34058 Luna Road Suite 584,East Michelleview,Mississippi,67992,India,21.281447,80.128934
ADDR01207,07842 Griffin Stream Apt. 334,New Chad,Minnesota,06058,India,11.58455,79.127589
ADDR01208,523 James Estate,Tylerberg,Rhode Island,79279,India,12.829596,86.429548
ADDR01209,619 Manuel Club Apt. 235,Lake Amyland,Connecticut,71167,India,26.029256,86.712543
ADDR01210,543 David Point,Travisport,Maryland,16019,India,33.997388,84.092465
ADDR01211,1171 Jennifer Plains Suite 149,South Dustin,New Jersey,25567,India,20.730693,72.0686
ADDR01212,7287 Lopez Throughway Apt. 729,Reynoldsshire,North Carolina,37071,India,16.17908,81.079028
ADDR01213,0655 Garcia Tunnel Suite 606,North Melissamouth,Georgia,08818,India,9.393893,78.412136
ADDR01214,738 Anderson Shores Apt. 199,Port Austinchester,Wyoming,50347,India,8.249169,71.959507
ADDR01215,125 Aguirre Mall Apt. 804,Mitchellstad,Tennessee,69525,India,29.195614,95.951044
ADDR01216,98173 Judy Valley,East Joseph,Minnesota,42154,India,21.141389,82.354126
ADDR01217,41003 Webb Canyon,Port Pennyport,Oregon,39311,India,25.802113,80.053283
ADDR01218,6720 Thomas Passage Suite 206,West Tylerstad,South Carolina,97509,India,29.837187,82.172286
ADDR01219,505 Gary Springs Suite 847,Carneychester,Maryland,37972,India,10.149436,68.89496
ADDR01220,51148 Debra Bridge Suite 841,Samuelstad,Missouri,81478,India,27.787472,76.470607
ADDR01221,139 Brenda Freeway,Gonzaleschester,Georgia,21226,India,15.146176,83.59065
ADDR01222,42927 Stevens Run,Garrettbury,Oregon,87514,India,12.373433,81.26232
ADDR01223,20115 Michael Spurs,New Brendaside,New Mexico,80782,India,27.305475,90.211667
ADDR01224,163 Smith Skyway,West Theodoremouth,Pennsylvania,76934,India,22.292881,71.283119
ADDR01225,52892 Stephen Villages Apt. 005,West Paul,New Hampshire,24404,India,10.969373,90.478278
ADDR01226,663 Sullivan Cove,Jaredfurt,South Carolina,64486,India,29.405353,78.638991
ADDR01227,09269 Jones Pike,Bensonbury,Oklahoma,82274,India,29.387884,69.206705
ADDR01228,81711 Morgan Ridge,Shawnfurt,Colorado,03644,India,26.693486,83.844245
ADDR01229,46545 Cortez Isle Apt. 707,Miguelland,Missouri,40381,India,33.734169,70.970077
ADDR01230,0309 Thomas Islands Apt. 385,East Carlastad,Pennsylvania,22441,India,29.581839,89.789019
ADDR01231,1071 Lauren Crescent Apt. 419,West Jamesmouth,Georgia,71907,India,15.740432,96.980067
ADDR01232,8287 Torres Manor Apt. 067,Timothystad,Pennsylvania,95714,India,19.693041,78.108732
ADDR01233,377 Michael Landing Apt. 317,Watsonstad,Tennessee,21447,India,29.234943,80.733027
ADDR01234,95134 Moore Walk Apt. 417,Lake Michaelview,Hawaii,46735,India,33.8429,90.493318
ADDR01235,323 Nathan Plaza,West James,Oregon,13986,India,14.160597,91.510379
ADDR01236,0829 Maria Landing Suite 054,Villegasburgh,Virginia,17768,India,23.286021,78.168294
ADDR01237,16625 Stewart Isle Apt. 838,Kelliside,Vermont,34154,India,26.479603,86.350348
ADDR01238,1684 Maria Bridge Apt. 832,North Suzanneborough,Maryland,12981,India,12.315522,72.037814
ADDR01239,989 Kevin Landing,Garciachester,Kansas,58980,India,13.372111,74.001339
ADDR01240,794 Stevens Corner Suite 074,South Mallorychester,Tennessee,85014,India,9.543304,78.173649
ADDR01241,7397 Palmer Manors,Nicholasmouth,Ohio,06205,India,15.30821,83.624288
ADDR01242,638 Mueller Vista Apt. 637,Friedmanview,Utah,42019,India,16.414994,88.417559
ADDR01243,45445 Tucker Lights Apt. 589,Walkerton,New Hampshire,15139,India,15.522664,75.752949
ADDR01244,144 Bennett Meadow Apt. 543,Calvintown,North Carolina,81877,India,30.308438,96.579161
ADDR01245,71003 Garcia Place,New Christopher,Georgia,76292,India,25.661782,70.76153
ADDR01246,5524 Cody Estates,South Craig,Tennessee,83683,India,33.032072,90.78504
ADDR01247,55963 Kelly Circle Apt. 253,Amyfort,Wyoming,57770,India,31.887987,96.782101
ADDR01248,773 Banks Orchard,Lake Zachary,Pennsylvania,89070,India,30.543237,71.679757
ADDR01249,0764 Jennifer Station Apt. 991,Snyderfort,Iowa,93880,India,30.518049,75.24064
ADDR01250,4535 Gabrielle Garden,Lake Mary,Indiana,79215,India,26.496266,92.025972
ADDR01251,92810 Martin Springs Suite 813,Ashleyview,Iowa,50617,India,27.798313,87.610802
ADDR01252,643 Aaron Dam,Mccormickstad,Oklahoma,54219,India,20.725927,84.74534
ADDR01253,801 Watts Road,Jamiechester,Iowa,31628,India,14.986646,80.012528
ADDR01254,147 Kendra Terrace,Port Shawnmouth,Tennessee,83524,India,19.751785,86.375205
ADDR01255,027 Anderson Drive,South Heather,Kansas,36105,India,30.883252,70.699749
ADDR01256,3196 Harris Ford Apt. 875,Henryland,South Carolina,19063,India,21.40595,76.068545
ADDR01257,5720 Holloway Plaza,Garretthaven,West Virginia,76295,India,32.344739,78.703064
ADDR01258,99151 Bobby Circles Suite 869,South Aliciaton,Pennsylvania,12874,India,32.706606,77.491389
ADDR01259,56919 John Plains Suite 856,Morrisonville,Michigan,08927,India,8.0643,90.449923
ADDR01260,952 Carter Island,East Benjamin,Mississippi,39732,India,27.050825,89.197026
ADDR01261,70952 Randy Plaza Suite 441,Nathanburgh,California,22801,India,19.919681,87.260171
ADDR01262,085 Stanton Islands Apt. 393,Payneborough,Oklahoma,20324,India,17.313791,69.83659
ADDR01263,5604 Richardson Cove Suite 838,Mirandashire,South Carolina,84187,India,21.895036,74.317068
ADDR01264,24365 Deborah Mews Suite 179,Katherinehaven,Ohio,80423,India,19.170721,74.143693
ADDR01265,73422 Jefferson Plaza Apt. 829,West Brittany,South Carolina,61099,India,14.981958,92.021965
ADDR01266,8379 Kelly Estate,New Hunterview,North Dakota,11315,India,16.781634,84.760076
ADDR01267,72221 Aaron Ports,Kendraburgh,Oregon,42796,India,22.719695,82.074799
ADDR01268,390 Mcfarland Springs Suite 960,Ortizstad,Utah,55346,India,16.93723,87.794006
ADDR01269,384 Harris Viaduct Suite 240,West Dustinville,Alaska,04082,India,9.258641,70.887668
ADDR01270,455 Tran Pine,Wellsfort,Illinois,98750,India,28.381134,81.327871
ADDR01271,3092 Crawford Points,Lake Allisonhaven,Rhode Island,75536,India,11.230167,92.871896
ADDR01272,87154 Jackson Valleys,Perezville,Illinois,03030,India,19.473435,68.019602
ADDR01273,7189 Marsh Points,Lake Sherriton,Kentucky,32458,India,32.908826,73.867228
ADDR01274,92181 Nicole Lodge Apt. 595,West Andreaborough,Wisconsin,12176,India,25.903389,71.82548
ADDR01275,907 Deborah Shoals Apt. 943,Jamesbury,California,72542,India,24.899927,72.610346
ADDR01276,16660 Heather Wells Suite 764,Danielborough,North Carolina,89463,India,32.250865,75.946564
ADDR01277,2428 Rebecca Corner Suite 040,Lake Laurieview,South Dakota,18534,India,25.019287,75.261289
ADDR01278,498 Stevenson Orchard Suite 732,Meyerland,Kentucky,35927,India,17.667938,94.210208
ADDR01279,3707 Brittany Mountains,Georgeshire,Vermont,04707,India,12.303652,79.493905
ADDR01280,65641 Isaiah Key Suite 069,Floydtown,Colorado,55819,India,15.94324,88.2838
ADDR01281,581 James Heights Suite 109,South Joshua,Montana,92724,India,14.08774,87.009072
ADDR01282,35354 Ford Village Apt. 533,New Kennethborough,Massachusetts,19089,India,26.296149,68.031503
ADDR01283,30748 Stephanie Ways Apt. 736,North Adrienneberg,Vermont,26172,India,20.396974,71.848294
ADDR01284,9221 Riley Estates,Richfort,Ohio,71457,India,13.880962,87.719499
ADDR01285,750 Jose Estate Apt. 695,Lake Danielle,Vermont,78096,India,8.241461,88.172316
ADDR01286,00062 Yvonne Stream,Wallaceborough,Wisconsin,99445,India,29.244835,96.656492
ADDR01287,83979 Amy Mountains Apt. 145,South Craig,Arizona,93583,India,18.980162,71.833079
ADDR01288,973 Rogers Union,South Donaldstad,Idaho,94927,India,9.841536,79.109028
ADDR01289,585 Suzanne Inlet Suite 448,Jamesstad,Texas,15632,India,26.999848,70.970388
ADDR01290,5255 Russell Drive,Smithchester,Washington,57049,India,16.147138,93.548681
ADDR01291,03107 Steele Passage,West Carolburgh,Hawaii,56941,India,11.565362,90.430354
ADDR01292,208 Evans Parkway,New Christopherchester,South Carolina,80643,India,27.582103,71.861241
ADDR01293,5854 Johnson Orchard,East Kara,Pennsylvania,51848,India,33.816444,72.142739
ADDR01294,088 Christopher Dam,Justinview,Delaware,01405,India,21.793215,68.245768
ADDR01295,8835 Catherine Views,Dayburgh,Kentucky,70543,India,24.900526,80.762883
ADDR01296,0144 Lorraine Junction,New Michellebury,Maine,82892,India,26.783233,86.214321
ADDR01297,2290 Douglas Street,Fisherside,South Dakota,18372,India,11.935727,79.939587
ADDR01298,97151 Casey Meadows Apt. 466,Lake Jessicaberg,Tennessee,52191,India,25.85072,92.938913
ADDR01299,676 Dominguez Camp Apt. 447,West Denniston,New York,10886,India,10.253889,70.913488
ADDR01300,790 Laurie Mall Apt. 606,Mikeland,Kentucky,63848,India,27.563587,85.097644
ADDR01301,8472 Cameron Freeway Apt. 076,Lake Savannahchester,Nebraska,09690,India,17.98483,95.934213
ADDR01302,81802 John Prairie,Riveraview,Indiana,79979,India,16.177095,72.055075
ADDR01303,7339 Gregory Forge,Chambersside,Wyoming,75062,India,15.201159,70.443213
ADDR01304,77600 Randy Valley,Michaelshire,Colorado,19040,India,22.388312,85.400228
ADDR01305,8419 Vanessa Canyon,Jacksonland,Georgia,20099,India,23.797421,90.59012
ADDR01306,8209 Annette Mission,Lake Jose,New Jersey,84147,India,25.952378,92.588871
ADDR01307,975 Margaret Landing,Lake Joshuaton,Tennessee,19182,India,25.11854,76.747831
ADDR01308,114 Thompson Ports Suite 800,East Bonnieton,Oklahoma,75736,India,21.461477,82.776154
ADDR01309,18604 Acosta Brooks Apt. 805,Rasmussenton,Georgia,94500,India,27.443935,76.570719
ADDR01310,94031 Holly Rapid,South Jamesbury,Idaho,00982,India,9.418797,94.039464
ADDR01311,4444 Brewer Turnpike,Mathewshire,New Jersey,13934,India,32.821459,82.351744
ADDR01312,91779 Gordon Junctions Suite 561,Baldwinfurt,South Dakota,59297,India,10.931335,82.487894
ADDR01313,0383 Griffin Bridge,Port Olivia,Alaska,66785,India,23.442174,83.320309
ADDR01314,476 Carlson Cliffs Apt. 583,East Carolyn,Virginia,22273,India,33.420121,96.619593
ADDR01315,964 Reynolds Harbors Suite 907,North Kimberlyshire,Mississippi,92592,India,32.282034,71.827504
ADDR01316,9027 Jamie Alley Suite 269,South Gabrielfurt,West Virginia,69266,India,30.381164,84.483031
ADDR01317,333 Manuel Glen Apt. 876,North John,Maryland,62027,India,17.500724,87.805319
ADDR01318,09812 Davidson Heights,North Reginastad,Arkansas,45635,India,27.830874,95.679137
ADDR01319,64940 Roman Mountain Suite 226,West Eugene,Oregon,06673,India,28.029543,68.483993
ADDR01320,840 Ashley Avenue Suite 524,West William,Rhode Island,05615,India,9.755847,75.603373
ADDR01321,1467 Tammy Radial,East Rickstad,Virginia,21843,India,9.035498,69.753597
ADDR01322,990 Hood Mall Suite 036,Lake Kevinhaven,Virginia,77808,India,28.52154,82.691708
ADDR01323,4508 Suarez Pike Apt. 713,East Jessica,California,36879,India,24.342838,82.53042
ADDR01324,015 Ramirez Trace,Port Sarah,Delaware,09099,India,18.801232,88.352509
ADDR01325,927 Curtis Curve Suite 605,Rosschester,Connecticut,33392,India,10.143123,83.56038
ADDR01326,52426 Gentry Squares Apt. 113,Jacksonstad,Wisconsin,49361,India,24.017223,76.046564
ADDR01327,05571 Johnson Hollow Suite 048,South Gregory,Utah,77282,India,16.057579,82.827836
ADDR01328,3692 Ramos Drive Suite 304,Lisafort,Kansas,18191,India,13.283135,91.433742
ADDR01329,940 Martinez Dale,Deniseshire,Alabama,34052,India,21.946144,79.331214
ADDR01330,84011 Daniel Port,Johnburgh,Alabama,27881,India,24.49165,92.201268
ADDR01331,8353 Cynthia Skyway Suite 261,West Ronald,Illinois,19678,India,25.707448,69.917337
ADDR01332,830 Reed Expressway Suite 616,Roweville,Kentucky,46359,India,26.165573,89.168793
ADDR01333,6586 Daniel Mount,New Regina,Delaware,38619,India,30.008171,69.679272
ADDR01334,327 Jeremy Loaf,South Michaelstad,Tennessee,45365,India,10.241533,80.600024
ADDR01335,14560 Blake Extension Apt. 500,Perkinsbury,Alabama,66311,India,19.787668,85.65614
ADDR01336,168 Tina Turnpike,Mcfarlandtown,Louisiana,43338,India,16.041542,89.509112
ADDR01337,2539 Doyle Haven Suite 673,West Jeffreystad,Connecticut,18863,India,27.257113,71.463847
ADDR01338,52211 Bailey Stravenue,New Nancy,Illinois,52675,India,26.405416,88.343489
ADDR01339,93340 Armstrong Parkways Apt. 557,Christinafurt,North Dakota,96922,India,12.259648,95.63747
ADDR01340,34414 Martinez Locks,Hallport,Indiana,23411,India,21.598139,90.706626
ADDR01341,60507 Taylor Path,Johnsonberg,Michigan,75284,India,26.739903,72.841926
ADDR01342,561 Morgan Ports,New Cynthiamouth,Florida,24679,India,11.300196,90.652595
ADDR01343,429 Megan Ford Apt. 952,South Christopher,Oregon,87964,India,14.987877,93.706028
ADDR01344,21419 Green Mills Apt. 015,Jamesmouth,California,12994,India,28.057188,68.851331
ADDR01345,96118 Joshua Islands,Port Christine,Maine,08364,India,28.984804,75.887437
ADDR01346,050 Donovan Avenue,Loriton,South Carolina,68543,India,9.660672,88.657374
ADDR01347,6089 Megan Loaf Apt. 842,Port Anitatown,New Hampshire,13056,India,22.992944,70.235031
ADDR01348,1670 Warner Road,Martineztown,Maryland,69676,India,19.835142,78.443593
ADDR01349,3079 Murphy Parkways,Carterton,Illinois,05970,India,20.98986,84.439698
ADDR01350,77612 Christian Highway Apt. 747,Brendaport,Vermont,52692,India,17.559882,75.398366
ADDR01351,42578 Benjamin Fork Apt. 652,North Vincent,Florida,62909,India,10.675528,84.643457
ADDR01352,29057 Mark Gateway Apt. 022,Lisaton,Wisconsin,18048,India,26.792238,74.623728
ADDR01353,47388 Meyer Harbor Suite 958,West Nicholasfort,New Hampshire,23455,India,21.229447,69.277099
ADDR01354,97536 Victoria Common Apt. 076,Hartmanstad,Arkansas,92887,India,30.436141,75.091992
ADDR01355,837 Andrade Plains Suite 334,Lake Richard,Ohio,78449,India,20.265879,79.106405
ADDR01356,900 Fischer Way,West Annahaven,Kansas,29221,India,11.902201,95.003642
ADDR01357,6131 Thomas Islands,South Ryan,North Carolina,88482,India,30.294615,84.033079
ADDR01358,7328 Aguirre Harbor,Colinview,Tennessee,03565,India,31.762639,89.479309
ADDR01359,45295 Newman Square,Daniellechester,Ohio,45994,India,18.903602,77.332258
ADDR01360,220 Danielle Harbors,East Juliabury,Arizona,29297,India,18.822672,88.88835
ADDR01361,2140 Hardin Views Suite 414,North Brandon,Texas,51069,India,15.052707,70.258725
ADDR01362,40454 Kevin Roads,Baileyfort,Wisconsin,34719,India,17.693012,82.559187
ADDR01363,272 Tiffany Center,Lake Robin,Kansas,85376,India,31.450466,73.200986
ADDR01364,441 Kent Glens Apt. 822,South Tiffany,Iowa,03048,India,28.912789,96.461002
ADDR01365,6640 Hicks Road Apt. 948,New Brian,South Carolina,74624,India,32.806065,69.998867
ADDR01366,7904 Hudson Streets,Richardsonburgh,Kansas,76078,India,20.092449,76.186899
ADDR01367,0090 Brandon Square Apt. 008,Evanschester,Ohio,77846,India,29.966009,77.491727
ADDR01368,099 Hoover Roads,North Jessicatown,Missouri,11748,India,22.380376,68.231106
ADDR01369,5519 Conley Orchard Suite 039,Jasonbury,North Dakota,96730,India,13.21745,84.350395
ADDR01370,0588 Michael Pine Apt. 851,West William,Oregon,41042,India,15.901642,86.058808
ADDR01371,824 Lauren Island Apt. 646,North Dennisburgh,Arkansas,58689,India,20.062094,85.159037
ADDR01372,1462 Rebecca Island,West Timothy,West Virginia,39287,India,20.827378,90.405785
ADDR01373,782 Duffy Fort,West Lisa,North Dakota,89317,India,13.080983,94.112856
ADDR01374,2328 Angelica Curve,Lake Stacyton,Nebraska,88325,India,27.772538,75.108679
ADDR01375,201 Thomas Mountain,East Michael,Mississippi,60213,India,8.165825,79.891047
ADDR01376,013 Rebecca Crest,Lake Ashleyburgh,Rhode Island,87900,India,14.057941,78.046287
ADDR01377,1026 Byrd Course Apt. 796,Walterland,Alabama,80337,India,29.828924,93.43876
ADDR01378,019 Rodriguez Unions,Lake Jeremyview,Alabama,89522,India,32.725747,68.042399
ADDR01379,8607 Cody Key Suite 367,North Cindy,Vermont,97883,India,25.0899,92.621174
ADDR01380,76737 Ashley Freeway,Angelaberg,Virginia,09823,India,26.907591,71.014522
ADDR01381,50241 Olson Squares Apt. 628,Christinaton,Maryland,56146,India,21.775177,74.90686
ADDR01382,638 Michael Fords Suite 983,New Rachel,Idaho,16621,India,20.792751,69.736957
ADDR01383,087 Javier Landing,Tamaraport,Rhode Island,73506,India,33.920941,88.637922
ADDR01384,43203 Allison Pine,Riosmouth,Alabama,94589,India,10.418693,94.716958
ADDR01385,8713 Wright Place Apt. 905,South Kyle,Wisconsin,45776,India,31.329474,83.073017
ADDR01386,035 Griffith Plain,South Briannamouth,Florida,12027,India,26.22202,78.802267
ADDR01387,64312 Hall Manor,Smithmouth,Washington,99466,India,33.338425,70.46217
ADDR01388,6587 Dorsey Locks,South Julieburgh,Wyoming,71254,India,10.485002,71.871902
ADDR01389,49796 Grant Union Suite 194,Campbellfurt,Alaska,23126,India,29.319035,70.170084
ADDR01390,136 Caldwell Orchard Apt. 810,South Sarah,Mississippi,81440,India,22.763339,80.614503
ADDR01391,97167 Gonzalez Plain,Brandiview,Georgia,52344,India,33.069675,74.86638
ADDR01392,7260 Daniel Stravenue,New Priscilla,West Virginia,44267,India,14.785764,77.135259
ADDR01393,099 Ana Isle Suite 353,East Stefanie,Alabama,38130,India,28.821237,88.321043
ADDR01394,033 White Park,South Collin,Washington,15988,India,27.119175,77.223674
ADDR01395,8072 Jeffrey Causeway Apt. 938,Kaylaburgh,Idaho,80130,India,15.070853,70.165936
ADDR01396,1687 Solis Track,Michellemouth,Louisiana,95419,India,13.270528,90.618172
ADDR01397,76302 Olsen Station Suite 579,Port Garymouth,Minnesota,86749,India,23.202409,72.506906
ADDR01398,220 Woodard Ranch,Murrayland,Hawaii,20019,India,12.273749,81.515598
ADDR01399,418 Jennifer Heights Suite 056,Port Bruceborough,Vermont,86791,India,18.569326,83.541812
ADDR01400,64795 Joseph Land Apt. 950,Tuckerstad,Colorado,24277,India,33.080503,74.021451
ADDR01401,384 Sandra Cliffs,South Raymondchester,Vermont,64618,India,16.016001,75.68523
ADDR01402,03085 Juan Walks Suite 253,Owenview,Massachusetts,36910,India,11.117752,72.570846
ADDR01403,01745 Mcknight Haven Suite 803,West Donaldshire,Tennessee,30592,India,25.837426,91.965214
ADDR01404,57033 Kelly Centers Apt. 478,Brandyfort,Nebraska,67855,India,26.118828,69.169564
ADDR01405,391 Green Terrace,Port Amyport,Vermont,85718,India,29.734044,77.506016
ADDR01406,337 Medina Drive Apt. 407,Lake James,New Mexico,92856,India,10.371535,75.198345
ADDR01407,75263 Eaton Ranch,Leefort,Maine,35881,India,17.249312,82.890331
ADDR01408,37977 Wilson Pines,Daniellefort,Nevada,45877,India,25.606768,75.544837
ADDR01409,0348 David Street Suite 097,Port Ryanport,Wisconsin,87941,India,33.757592,68.901381
ADDR01410,31592 Stevens River,South Randall,Vermont,57678,India,18.514198,81.113834
ADDR01411,2193 Gibson Fords,New Phillipberg,Utah,46705,India,27.45004,75.245726
ADDR01412,7436 Elizabeth Well Apt. 498,Walshland,Georgia,69774,India,20.013124,91.313006
ADDR01413,4951 Smith Wall Apt. 327,Bethanyberg,South Dakota,24266,India,11.634619,68.346751
ADDR01414,949 Mary Lock Suite 774,New Andrewfurt,Indiana,72861,India,29.589681,96.49445
ADDR01415,8740 Robert Crossroad Apt. 837,Kimberlyburgh,Mississippi,14784,India,11.398596,91.886529
ADDR01416,42333 Robbins Burg,North Christopher,Massachusetts,69365,India,17.678233,86.278629
ADDR01417,75868 Webb Islands Suite 419,Port Jaredstad,Missouri,84923,India,24.76181,84.88739
ADDR01418,33993 Cooper Way Suite 965,Andersonfurt,Wisconsin,16706,India,14.729337,91.569666
ADDR01419,237 Holden Light Suite 721,North Annetteport,Nebraska,98497,India,8.566805,69.869689
ADDR01420,934 Erika Brooks Suite 900,Smithville,Idaho,60281,India,31.464898,80.859508
ADDR01421,967 Forbes Locks Suite 133,Nicholasburgh,Connecticut,39732,India,11.34858,94.247261
ADDR01422,86731 Chase Place,Logantown,Georgia,48042,India,29.563261,77.614947
ADDR01423,55973 Stacey Mills,Matthewtown,Washington,69875,India,9.110104,81.368853
ADDR01424,846 Deborah Flat,Peterland,Hawaii,63698,India,12.367719,84.642642
ADDR01425,197 Leonard Overpass,North Ryan,Iowa,02118,India,29.36382,79.454962
ADDR01426,82226 Suzanne Stream,Port Bethany,North Dakota,27807,India,8.76654,87.813175
ADDR01427,302 Kyle Mall,Rebeccaville,New Jersey,71290,India,12.492988,74.226767
ADDR01428,131 Hess Valley,South Brandon,North Carolina,69344,India,12.865929,76.115782
ADDR01429,802 Bridget Mountain Suite 929,North Hannah,Iowa,15171,India,30.969019,69.004834
ADDR01430,499 Brewer Fords Apt. 247,East Brian,New Jersey,16015,India,24.09859,75.127759
ADDR01431,4196 Ryan Road,Lake Paulborough,New York,28334,India,15.672734,79.947774
ADDR01432,65971 Alexis Hills,West Christinafort,Georgia,09957,India,22.317905,69.768393
ADDR01433,0335 Baker Alley Apt. 857,New Mindyberg,Texas,70911,India,15.274176,71.979844
ADDR01434,1287 Riddle Light,Wattsmouth,Delaware,79577,India,13.185903,93.654923
ADDR01435,3429 Jennifer Row,Shieldsview,Indiana,53101,India,21.671166,86.291877
ADDR01436,90529 Ford Fields,Lake Michellechester,Mississippi,24874,India,28.85637,91.050541
ADDR01437,156 Cindy Summit,Port Paul,New Jersey,72550,India,33.724494,90.675557
ADDR01438,90075 Johnson Wall,West Jerryhaven,New York,27635,India,17.336915,83.791016
ADDR01439,7655 Burnett Alley Suite 405,Howardport,New York,57984,India,20.601667,94.467633
ADDR01440,555 Carr Path,Aarontown,Alabama,39164,India,21.062225,79.263057
ADDR01441,02095 Matthews Falls,Cynthiahaven,Nevada,97632,India,12.675213,77.247449
ADDR01442,4409 Perez Turnpike,Lopezchester,Wyoming,27266,India,13.694525,93.977179
ADDR01443,140 Garcia Lodge Suite 977,Stevenfort,Illinois,00839,India,28.241995,69.699146
ADDR01444,28338 Levy Knoll Suite 024,Amberland,Oregon,64522,India,33.779814,83.353536
ADDR01445,71844 Mcdaniel Valleys Suite 977,North Raymond,California,95580,India,27.937896,96.988567
ADDR01446,71658 Rebecca Neck,Alyssafort,Wisconsin,42643,India,33.323476,70.903896
ADDR01447,07666 Lisa Bridge,New Rachelville,Oklahoma,25663,India,25.078475,75.729283
ADDR01448,244 Luis Islands Apt. 835,Michaelport,Tennessee,57943,India,29.223414,94.600525
ADDR01449,2664 Berger Passage,North Jacob,Illinois,54232,India,9.453625,96.895369
ADDR01450,148 James Roads,Jeremyburgh,Delaware,53260,India,13.704701,92.548648
ADDR01451,85042 Stephens Estate Suite 033,South Megan,Nebraska,07427,India,28.732158,78.289334
ADDR01452,040 Nancy Mission,New Nicolebury,Minnesota,89723,India,29.819779,92.511406
ADDR01453,967 Gary Square Suite 209,South Jesusstad,Missouri,82068,India,12.57861,85.183066
ADDR01454,4251 Myers Motorway,North Sabrinaville,Louisiana,91209,India,28.961466,88.23117
ADDR01455,27324 Victoria Plains,Port Joshuaton,Connecticut,48781,India,31.76348,68.817991
ADDR01456,59800 Austin Mall Apt. 271,Anthonymouth,Alaska,55070,India,26.214581,95.479203
ADDR01457,82697 Jason Station,North Tina,Kentucky,12897,India,22.653769,84.330158
ADDR01458,3624 Michael Union,Port Robertfort,North Carolina,51531,India,12.894075,96.65218
ADDR01459,35923 Mason Expressway,Melissaview,Ohio,51739,India,30.922285,82.274575
ADDR01460,749 Ashley Park Suite 749,East Caseychester,Indiana,21552,India,16.03538,82.222656
ADDR01461,217 Anderson Plaza Suite 734,North Paul,North Dakota,11549,India,10.346692,74.746077
ADDR01462,56623 Marcus Knoll Suite 264,Moyerfurt,Hawaii,84435,India,13.689032,83.267007
ADDR01463,4567 Rivera Orchard,Amberfort,Oregon,04991,India,8.017771,94.618989
ADDR01464,980 Cook River,North Blaketon,Florida,05417,India,13.238074,71.784197
ADDR01465,39641 Jared Station Suite 804,Turnerchester,Vermont,33402,India,26.640378,94.644643
ADDR01466,523 Karen Loaf Suite 994,Port Natashachester,Vermont,58901,India,29.951386,77.384076
ADDR01467,36785 Roach Junction,Howardview,Georgia,89412,India,8.569735,85.011666
ADDR01468,77713 Holt Run Suite 114,Jamesville,Nevada,96424,India,31.847828,90.456628
ADDR01469,87050 Thompson Stravenue Apt. 361,Jasonborough,Rhode Island,60313,India,30.008503,92.959415
ADDR01470,1461 Collins Avenue,Jamesfurt,Maine,78313,India,32.974528,78.834133
ADDR01471,600 Bush Mills Suite 348,New Kendra,Nebraska,21872,India,32.490004,79.472271
ADDR01472,62266 Hayes Common,North Josephport,Tennessee,36605,India,10.626836,76.751189
ADDR01473,4857 Hill Center,Lake Robin,Alabama,89965,India,11.547743,72.567613
ADDR01474,305 Megan Prairie Suite 310,Ericberg,Arizona,54195,India,32.666032,90.963433
ADDR01475,7621 Scott Squares Suite 429,Morganland,Alaska,98256,India,32.977215,86.826228
ADDR01476,8300 Stewart Views,Lambertbury,Michigan,96362,India,12.529269,96.093544
ADDR01477,31319 Howard Mount Apt. 737,Matthewborough,Pennsylvania,54792,India,26.03257,94.936511
ADDR01478,1180 Atkins Meadow Apt. 873,Lisaberg,Minnesota,19762,India,28.461787,74.473879
ADDR01479,1919 Kimberly Drive Suite 996,Jamesside,Massachusetts,93716,India,23.312704,73.085197
ADDR01480,1715 Mccormick Fork,Mcgrathstad,New Jersey,25182,India,15.977404,87.966455
ADDR01481,19724 Stevens Brooks,New Rachelfort,Missouri,82973,India,11.311057,89.136098
ADDR01482,2763 Michaela Meadow,Christophertown,California,44594,India,32.668491,95.512247
ADDR01483,510 Jenna Creek Suite 620,Clarkfurt,South Dakota,16100,India,18.181637,96.834211
ADDR01484,95570 Ricky Gardens,Turnertown,Iowa,33161,India,33.094782,68.9391
ADDR01485,6331 Thompson Mountains Suite 669,Gonzalezburgh,Arizona,74695,India,23.662105,94.710108
ADDR01486,82445 Jonathan Flat Suite 291,South Joel,Wyoming,08481,India,33.155824,74.405962
ADDR01487,54028 Cassandra Radial Suite 294,Reginaldport,Florida,75675,India,22.704306,95.163946
ADDR01488,4674 Santos Glen,North Evanport,Maryland,29242,India,11.656728,89.614957
ADDR01489,685 Roger Valley,Kimhaven,Maryland,08003,India,14.187894,96.48901
ADDR01490,438 David Prairie Suite 808,New Matthew,Wisconsin,97196,India,12.365073,93.674287
ADDR01491,4658 Johnson Tunnel,Michealtown,Delaware,27234,India,10.306876,88.560009
ADDR01492,129 Norman Tunnel,Hillborough,Tennessee,03811,India,24.61667,93.712952
ADDR01493,6583 Murphy Village Apt. 267,Barryberg,Virginia,79719,India,19.612378,75.691161
ADDR01494,635 Lawson Isle,Woodardmouth,South Dakota,21107,India,14.488062,69.966049
ADDR01495,4954 Gallagher Squares Apt. 065,Smithville,Kansas,35805,India,14.673106,71.133003
ADDR01496,6585 Paula Parkways Apt. 586,Ramirezstad,Mississippi,47230,India,8.03331,79.192176
ADDR01497,12054 Courtney Manors,Manuelmouth,Pennsylvania,13025,India,27.047197,96.103953
ADDR01498,434 Heather Plaza Apt. 984,Brittanymouth,Ohio,47638,India,30.998352,82.299378
ADDR01499,01123 Andrew Passage,North Abigail,Oklahoma,27564,India,17.846527,83.834695
ADDR01500,287 Garcia Street,Jacksonview,West Virginia,79207,India,10.637143,81.905188
ADDR01501,0775 Rebecca Inlet Apt. 686,Lindseymouth,New York,31061,India,30.465319,86.878117
ADDR01502,1181 Harris Pine Apt. 502,Lake Leslieside,New York,53255,India,25.866171,72.717039
ADDR01503,585 Austin Cove Suite 864,Port Caitlin,Kansas,35263,India,9.916444,92.527112
ADDR01504,452 Vincent Corner,Lake Bobbyfort,Virginia,41378,India,15.667624,77.24279
ADDR01505,42798 Underwood Extensions Apt. 839,Daltonborough,Kentucky,61547,India,32.743215,70.151812
ADDR01506,56845 Jeremy Parks Suite 163,Youngshire,Wyoming,10234,India,12.422735,78.888279
ADDR01507,5436 Natalie Brook,Port Susan,Maine,95681,India,27.031612,83.864341
ADDR01508,953 Jordan Fields Suite 207,Smithton,California,53119,India,31.351229,70.700036
ADDR01509,44871 Cordova Crest,North Johnberg,North Dakota,69243,India,23.444794,85.795697
ADDR01510,90730 Morris Shoal Apt. 427,East Kellyville,Vermont,22721,India,20.551156,68.898803
ADDR01511,7746 Jose Rue Apt. 257,Garrettstad,Oklahoma,00831,India,32.503499,72.784919
ADDR01512,47665 Johnson Estate Apt. 856,South Ian,South Dakota,26407,India,31.133585,72.55601
ADDR01513,916 Cobb Turnpike Apt. 221,Reyeschester,Montana,09657,India,10.632703,73.960964
ADDR01514,273 Tyler Drives Suite 672,Christopherborough,Nebraska,25100,India,12.939591,88.218704
ADDR01515,222 Kaufman Ridge Apt. 477,Amberchester,Tennessee,36528,India,26.772991,89.169246
ADDR01516,83286 Randy Port,Trevorville,Indiana,72296,India,14.896884,76.164169
ADDR01517,96940 Dylan Courts,New Lindseystad,Michigan,84065,India,14.176255,69.439428
ADDR01518,6660 Ronald Grove Apt. 891,Stevenville,Colorado,10462,India,22.866015,92.355781
ADDR01519,9618 Jeremy Springs Suite 377,Michaelfort,Maine,84351,India,11.993338,78.464039
ADDR01520,495 Megan Avenue Apt. 031,Hurstberg,Massachusetts,98269,India,19.117755,76.541934
ADDR01521,82358 James View,Williamburgh,Vermont,85917,India,25.212526,85.40625
ADDR01522,4714 Sean Drive,Aaronport,Illinois,46692,India,13.191545,68.746335
ADDR01523,627 Brittany Mews,North Diamondview,Oklahoma,45927,India,12.441637,76.462533
ADDR01524,30263 Anna Orchard Apt. 031,West Sarahfort,Tennessee,47150,India,10.130338,92.469303
ADDR01525,448 Kenneth Fields,Butlerberg,Arkansas,47930,India,16.017188,79.526553
ADDR01526,5350 Williams Loop,Andrewville,Alabama,62714,India,20.716517,87.170162
ADDR01527,64465 Floyd Union,Jonesberg,Idaho,41883,India,10.369559,83.779655
ADDR01528,261 John Ranch Suite 023,Lake Thomas,Idaho,04952,India,12.806912,93.679288
ADDR01529,782 White Harbors Apt. 262,Tammyview,Kansas,66684,India,17.604443,80.927483
ADDR01530,212 Smith Parkway,West Angelamouth,Oregon,35052,India,14.845695,81.486681
ADDR01531,0948 Rebecca Unions,New Ashley,Illinois,64189,India,13.882299,75.788298
ADDR01532,08835 Brown Inlet Suite 539,New Thomas,California,92742,India,9.602624,89.814819
ADDR01533,8987 Robertson Garden Suite 688,South Joseph,Utah,53859,India,25.35418,70.485512
ADDR01534,65184 James Street,Cheyennehaven,Pennsylvania,52766,India,16.938576,83.702021
ADDR01535,7670 Jacobs Ridges,Lake Kimberlyton,Texas,54009,India,33.238344,85.102067
ADDR01536,546 Cross Keys Suite 044,Port Shelia,Hawaii,70955,India,22.39365,92.383118
ADDR01537,712 Robert Knolls,Port Nicolefurt,Pennsylvania,06618,India,29.278536,80.14033
ADDR01538,479 Cynthia Crest Apt. 077,West Laurenhaven,Illinois,72914,India,21.923375,93.139926
ADDR01539,63833 Haynes Overpass Apt. 363,Trevorfurt,Minnesota,71276,India,20.345434,93.567962
ADDR01540,006 Jade Islands Apt. 434,Angelaland,Tennessee,21473,India,20.382819,70.289696
ADDR01541,3216 Sims Valleys Apt. 186,South Erikaview,Kansas,41263,India,31.472207,88.714865
ADDR01542,6130 Timothy Passage,South Matthewchester,Arizona,11364,India,21.054638,94.113197
ADDR01543,4070 Michael Route,Josephchester,Connecticut,23652,India,28.811709,87.648512
ADDR01544,019 Karen Junctions,Port Jane,Arkansas,00545,India,24.127101,71.488174
ADDR01545,70495 Haley Trail,Castillotown,Indiana,74307,India,27.686908,73.01349
ADDR01546,0440 Edwards Court Apt. 990,Alexanderstad,Idaho,25274,India,33.593568,96.192781
ADDR01547,61811 Banks Flat Suite 692,South Rubenview,North Carolina,24715,India,29.019979,71.659394
ADDR01548,8609 Lindsay Pike Suite 015,Thompsonton,Ohio,08012,India,19.007747,96.660118
ADDR01549,530 Hebert Flat Apt. 904,Port Andreberg,Florida,14723,India,19.320224,96.920808
ADDR01550,0951 Keith Island,Jilltown,Alabama,22148,India,24.307882,92.189135
ADDR01551,794 Lisa Mountain Suite 714,Blairbury,Arizona,36187,India,14.705045,94.41333
ADDR01552,2172 Webb Garden,Mariaside,Colorado,29601,India,31.768522,69.943347
ADDR01553,55394 Ellis Street,Lake Amandaland,Washington,96301,India,18.090578,79.523295
ADDR01554,618 Stephen Meadows Apt. 703,Brittanymouth,Idaho,34176,India,16.479297,76.009824
ADDR01555,06219 Kelli Shoals,Robertstad,New York,55766,India,19.912087,93.330521
ADDR01556,771 Bell Ports Suite 201,North Diane,Georgia,28938,India,28.450317,86.06868
ADDR01557,6028 Curtis Square,Port Juliachester,Florida,00556,India,21.586612,80.168221
ADDR01558,619 Myers Port,Port Jacob,West Virginia,07911,India,18.775502,72.297792
ADDR01559,816 Elliott Common Apt. 834,Lake Vickiberg,Idaho,96064,India,23.286287,89.992944
ADDR01560,318 Cohen Circle Apt. 537,New Carolhaven,Oregon,89509,India,32.4309,94.822917
ADDR01561,03916 Nichols Mountain Suite 894,Sweeneychester,Delaware,85161,India,22.629778,70.928723
ADDR01562,6610 Fisher Forges,Port Jacqueline,Texas,34714,India,15.438414,83.533371
ADDR01563,61538 Charles Shores Suite 869,Adamborough,North Dakota,46199,India,16.940599,79.915811
ADDR01564,0600 Cruz Circles Suite 330,Lake Shannonview,New Hampshire,06652,India,17.95913,82.081959
ADDR01565,974 Michael Drives,South Bryan,Pennsylvania,85719,India,23.833016,69.086504
ADDR01566,915 Riley Crossing,Cindyshire,Utah,92947,India,15.160768,72.171727
ADDR01567,7722 Teresa Village,Theresafort,Nevada,24572,India,23.825037,88.116176
ADDR01568,859 Curtis Parks,Jenniferfurt,Louisiana,34386,India,9.008346,93.797652
ADDR01569,80836 Anne Trace,North David,Michigan,35763,India,16.618846,74.8898
ADDR01570,5725 Kristin Mountains Apt. 498,Pinedamouth,New Jersey,80716,India,27.389495,94.704215
ADDR01571,1067 Carter Islands,Thompsonmouth,Hawaii,17180,India,31.322815,68.586754
ADDR01572,083 Smith Corner Apt. 226,North Anthony,Hawaii,53199,India,29.252034,76.788594
ADDR01573,7783 Morton Green,North Elizabethbury,Nevada,15295,India,15.289013,82.256957
ADDR01574,8594 Roger Turnpike Suite 878,New Jonathan,Alaska,77511,India,26.100754,70.848304
ADDR01575,207 Jones Parkways,North Marvin,West Virginia,69654,India,30.591401,71.89718
ADDR01576,019 Caleb Route,Susanside,Kentucky,07230,India,33.329705,80.850208
ADDR01577,335 Anthony Pike,Samanthaton,New Hampshire,27004,India,29.471407,75.813179
ADDR01578,986 Michael Vista,Lake Dianachester,Idaho,81832,India,18.836091,86.72109
ADDR01579,1761 Terri Stravenue,Port Michelletown,South Dakota,10264,India,12.886328,74.130325
ADDR01580,896 Fernandez Street Apt. 018,Rothview,Florida,50934,India,29.423205,89.487399
ADDR01581,98772 Cox Drives,Annaside,Maine,88918,India,27.746826,93.14848
ADDR01582,187 Janet Turnpike Apt. 760,East Raven,Nevada,26799,India,29.346452,82.942821
ADDR01583,42682 Haynes Mountains Apt. 454,Port Donnatown,New Hampshire,84143,India,12.133284,77.02257
ADDR01584,13688 Daniel Inlet Suite 673,Port Danielle,Minnesota,43931,India,21.176677,71.933845
ADDR01585,489 Mason Fall Apt. 917,Jacksonborough,West Virginia,12288,India,30.133679,93.500645
ADDR01586,186 Emily Cape Apt. 308,Staffordmouth,Ohio,60436,India,8.752652,73.59014
ADDR01587,4217 Timothy Park,Randalltown,Arizona,63948,India,29.656178,92.272324
ADDR01588,102 Richard Station,Cooperville,New Hampshire,68907,India,14.486747,81.237011
ADDR01589,404 Grant Loaf Apt. 615,Taylorfort,Delaware,14182,India,31.868808,88.434384
ADDR01590,240 Robert Rest Suite 298,North Deborah,Arizona,55280,India,15.123415,91.881682
ADDR01591,6411 Patricia Union Suite 897,Erinchester,Arkansas,12032,India,21.133286,86.426884
ADDR01592,4096 Rivera Cove Suite 779,South Davidfort,New Jersey,19868,India,11.220694,68.886333
ADDR01593,2560 Vanessa Ford Suite 288,Trujillobury,Florida,53532,India,17.684136,85.227264
ADDR01594,87579 Mario Via,New Miatown,Kansas,05216,India,12.617176,93.243942
ADDR01595,77841 Robin Row Suite 797,Lawrenceburgh,Maine,80431,India,23.258886,78.143037
ADDR01596,285 Alexander Vista,New Edward,Nebraska,52921,India,12.251354,93.940266
ADDR01597,885 Moore Plains Apt. 228,Rogersland,California,67714,India,27.472989,87.976666
ADDR01598,528 Elizabeth Isle,Robertberg,Arkansas,93885,India,15.411804,79.210404
ADDR01599,46210 Kevin Union Apt. 037,Sabrinaport,Nebraska,44838,India,12.235593,84.595484
ADDR01600,904 Smith Fields,North Kristopher,New Jersey,83675,India,33.087858,92.856224
ADDR01601,860 Phillip Divide Suite 587,South Mariafurt,North Dakota,53680,India,24.831877,87.653162
ADDR01602,97868 Lisa Mountain Apt. 635,South Deborahstad,Virginia,12230,India,14.996173,79.875709
ADDR01603,54347 Leonard Road,East Janetton,Georgia,72836,India,8.521361,90.628806
ADDR01604,4342 Morris Stream Apt. 414,Marksmouth,South Carolina,50260,India,27.956891,68.258042
ADDR01605,600 Tracey Run Apt. 971,Luceromouth,Connecticut,98679,India,31.699401,86.773775
ADDR01606,03710 Jonathon Lock,West Elizabethbury,Connecticut,62313,India,23.629691,68.245448
ADDR01607,251 John Circles,West Jasmine,South Dakota,09443,India,14.562151,91.347482
ADDR01608,404 Steven River,Foxtown,Wisconsin,32861,India,15.941952,96.043709
ADDR01609,899 Kelly Vista Suite 202,Katherinehaven,Mississippi,40885,India,24.711248,80.290397
ADDR01610,33476 Luna Views Suite 066,South Angela,Missouri,38736,India,17.788362,78.112567
ADDR01611,59700 Peter Well Suite 508,Blackwellberg,South Carolina,69703,India,14.551966,81.534242
ADDR01612,29967 Holly Ford,Schultzton,New York,52704,India,25.6071,91.905014
ADDR01613,7086 Harding Summit Apt. 454,Markville,Arizona,96408,India,18.325966,70.967051
ADDR01614,86057 Higgins Flat,New Geraldborough,Alabama,93186,India,21.299357,87.208308
ADDR01615,565 Blair Streets Suite 373,New Johntown,Rhode Island,52604,India,29.925383,78.852663
ADDR01616,609 Jose Prairie Apt. 781,Heatherport,North Dakota,01292,India,24.830895,85.662453
ADDR01617,3651 Maldonado Rapid,Andersonmouth,Wisconsin,20683,India,15.760374,71.135031
ADDR01618,05986 Harold Causeway,Ralphland,Maine,30190,India,9.659763,96.662468
ADDR01619,22727 Padilla Field,New Juliaview,Hawaii,04714,India,24.655463,92.983256
ADDR01620,23775 Brianna Mountains,West Jasmineberg,West Virginia,69378,India,14.78982,88.621719
ADDR01621,9510 Palmer Valley,East Vincent,Idaho,90300,India,31.201719,76.664942
ADDR01622,12334 Duran Bridge,Port Lance,Arizona,53201,India,11.898162,90.198757
ADDR01623,35793 John Path Apt. 708,Port Stevenburgh,Illinois,88476,India,31.391863,91.357465
ADDR01624,295 Brooke Knolls,West Teresa,Kentucky,71547,India,28.861457,85.400966
ADDR01625,418 Samuel Inlet Apt. 921,Wheelerfurt,Utah,64821,India,25.173788,87.741917
ADDR01626,4420 Allen Mews Suite 607,Daltonfurt,South Dakota,57650,India,26.753363,87.006617
ADDR01627,7371 Tonya Station Suite 937,Harrisbury,New York,93601,India,33.934197,75.523362
ADDR01628,6316 Ibarra Turnpike,Angelaville,Nevada,62544,India,18.882708,79.259973
ADDR01629,32976 Edward Rue Suite 199,Nicholaston,Louisiana,94227,India,8.918294,88.534
ADDR01630,52079 Jeffrey Point,Stephaniemouth,Wisconsin,63756,India,22.873103,73.50754
ADDR01631,1823 Steven Mews,Elizabethside,Oregon,75087,India,26.890297,74.448533
ADDR01632,23630 Gregory Streets Suite 959,Keithland,Alaska,28477,India,21.900513,90.762015
ADDR01633,6594 Amanda Pass,Stewarttown,Arizona,01202,India,31.569689,87.484186
ADDR01634,195 Anderson Wells Apt. 513,West Luisstad,Arizona,36860,India,21.190186,92.517158
ADDR01635,8351 Susan Harbor Suite 354,Ballberg,South Dakota,48237,India,29.856606,93.418349
ADDR01636,27880 Andrew Mills Apt. 214,North Jodyshire,Wyoming,94197,India,12.709532,70.830489
ADDR01637,862 Navarro Station,Clarkstad,Washington,98741,India,11.326548,75.500904
ADDR01638,28873 Michael Run,Karenland,Rhode Island,06542,India,29.016941,90.124628
ADDR01639,01103 Martinez Place,West David,New Hampshire,08561,India,12.759777,87.711659
ADDR01640,077 Berry Island,Davidtown,Rhode Island,12103,India,16.726444,70.589695
ADDR01641,5415 Patrick Vista,Prestonhaven,Montana,66032,India,17.237368,89.582088
ADDR01642,3506 Colon Walks Apt. 977,Jeremiahhaven,Iowa,37238,India,15.984217,90.854623
ADDR01643,578 Mark Village Apt. 516,East Eduardo,Michigan,72349,India,16.614246,75.556218
ADDR01644,95976 Johnson Ports Suite 038,Lunaport,West Virginia,76049,India,15.645329,92.685203
ADDR01645,37457 Jill Lights,West Sandraburgh,Minnesota,87467,India,20.233951,93.125408
ADDR01646,93526 Kramer Crescent Suite 008,Pattersonview,Oregon,35697,India,23.17294,95.384729
ADDR01647,67992 John Square Suite 395,Middletonmouth,Georgia,36784,India,9.851609,93.793356
ADDR01648,8458 George Plain Apt. 701,Amandafort,Florida,20053,India,21.012412,93.157435
ADDR01649,01845 Daniels Mall,Richmouth,Wisconsin,69492,India,17.9234,76.652317
ADDR01650,513 Salinas Lodge Apt. 162,Carrollland,Ohio,75498,India,9.405611,92.772953
ADDR01651,65114 Travis Common,Susanchester,Alabama,70393,India,11.571497,73.808601
ADDR01652,074 Jason Isle,Williamberg,Kentucky,36744,India,18.638988,84.512704
ADDR01653,875 Christopher Junctions Suite 955,Lake Gregoryfurt,Kentucky,73717,India,31.572144,81.269572
ADDR01654,3136 Sullivan Mountain,Tammyside,New Mexico,35911,India,16.22597,88.754385
ADDR01655,5414 Mark Field Suite 953,Chavezview,Missouri,82177,India,28.252471,82.139845
ADDR01656,718 Matthew Gardens,Cummingsland,Alaska,39635,India,24.406852,73.127904
ADDR01657,5720 King Island,Lake Kimberlyland,Illinois,01004,India,24.496973,68.136692
ADDR01658,0114 Susan Glens Apt. 443,Georgeburgh,Nebraska,42703,India,15.111724,90.074605
ADDR01659,97683 Austin Path,North Lorifurt,Montana,34149,India,12.38375,90.170028
ADDR01660,56049 Nathan Overpass,Perryfort,Kansas,75028,India,20.729004,90.143506
ADDR01661,57305 Allen Grove,East Leah,Rhode Island,59688,India,10.289075,85.819912
ADDR01662,4871 Jennifer Cliffs,Lancemouth,Connecticut,92635,India,24.470676,79.698411
ADDR01663,3418 Jennifer Neck,Port Travis,Utah,73976,India,33.098524,79.116176
ADDR01664,207 Matthew Lodge,South Thomas,Indiana,40254,India,8.980858,73.783013
ADDR01665,923 Dylan Parkway,Barrettbury,Rhode Island,11693,India,17.700637,68.408236
ADDR01666,8278 King Port Apt. 800,South Michelle,North Dakota,09637,India,16.377541,92.163631
ADDR01667,11075 Kelli Views,Robertburgh,Louisiana,33035,India,12.954994,87.625696
ADDR01668,86090 Mcdonald Pike Suite 871,Christopherchester,Indiana,79342,India,24.29386,75.215871
ADDR01669,171 Cynthia Mall Suite 460,Jessicastad,Maine,23878,India,26.031643,77.986143
ADDR01670,40807 Nicholas Ports Suite 149,East Anthony,Texas,39531,India,11.352201,79.122964
ADDR01671,55391 Taylor Drives,North Christophermouth,North Dakota,09634,India,23.305438,72.843585
ADDR01672,4411 Leslie Estates,Lake Danielle,Maine,31231,India,29.41994,76.647865
ADDR01673,42382 Hicks Track Suite 562,Owensburgh,Nevada,63537,India,15.561523,89.107125
ADDR01674,367 Nichols Extension Suite 100,Gonzalezborough,New Jersey,37803,India,23.505618,77.797219
ADDR01675,334 Moreno Fields,Jaimeborough,Connecticut,40350,India,31.087325,96.8687
ADDR01676,5495 Xavier Valley,South Leslie,California,22542,India,16.911054,94.14013
ADDR01677,84399 Adrian Run Suite 001,North Megan,New Jersey,81512,India,17.340523,73.464355
ADDR01678,292 Monica Ways Suite 048,West Tamara,Connecticut,71495,India,32.650193,94.627957
ADDR01679,570 Owens Shoals Apt. 099,Randallshire,Illinois,66602,India,18.488183,74.62413
ADDR01680,34401 Spencer Common,Snyderchester,North Dakota,88584,India,26.90639,71.804968
ADDR01681,17642 Anderson Roads Apt. 109,West Mary,New Hampshire,60371,India,27.085992,85.101092
ADDR01682,4567 Delacruz Loaf Apt. 988,West Kimberly,Utah,47980,India,12.393603,78.631152
ADDR01683,764 Rivera Vista Apt. 456,Westtown,South Carolina,92746,India,24.91405,69.083539
ADDR01684,3894 Christopher Orchard,Jillianland,Massachusetts,67436,India,30.790148,75.417886
ADDR01685,95011 Harrington Heights Suite 819,Lake Laura,Tennessee,68253,India,21.903069,69.409022
ADDR01686,578 Jeffrey Rapids,Sextonborough,Nevada,47991,India,33.861686,87.197128
ADDR01687,0642 Casey Neck Apt. 297,New Jameston,Nebraska,56031,India,24.992758,68.572511
ADDR01688,39937 Jason Center Apt. 755,Kristinastad,Delaware,11520,India,25.933493,80.086491
ADDR01689,0960 Foster Fork Suite 262,Keithborough,Kansas,77499,India,17.886598,83.871189
ADDR01690,8125 Johnson Causeway,South Miranda,Illinois,59532,India,20.334305,72.440686
ADDR01691,8764 Jessica Vista,North Gavin,Hawaii,42587,India,26.074993,86.279029
ADDR01692,60159 Bowen Extension Apt. 950,Port Logan,California,62313,India,15.829028,87.188273
ADDR01693,66900 Keith Motorway Suite 811,West Brandymouth,Michigan,26942,India,25.224557,75.829337
ADDR01694,3242 Sean Loop Suite 722,Gutierrezfurt,Ohio,85454,India,23.746493,71.977742
ADDR01695,501 Stanley Street,Stewartborough,Alabama,47949,India,29.596971,71.042513
ADDR01696,259 Baird Ford,Port Rodneyland,New Hampshire,26502,India,26.687922,71.414302
ADDR01697,219 Anderson Rest Apt. 213,North Nicholas,South Carolina,80495,India,10.964326,71.081648
ADDR01698,98265 Erik Circle,South Baileychester,Washington,79485,India,13.164813,73.792732
ADDR01699,5385 Mcdonald Trafficway,Jeanton,Idaho,85076,India,14.837842,83.171237
ADDR01700,190 James Cove,North Sean,New Hampshire,68526,India,13.243503,88.399666
ADDR01701,972 Carla Park,Martinezbury,Arkansas,54224,India,15.679131,69.142766
ADDR01702,77852 Andrew Row,East Williamfurt,Arizona,57530,India,20.905223,74.023126
ADDR01703,0198 Swanson Passage,Lake Sandramouth,Vermont,46095,India,32.261233,77.587505
ADDR01704,96525 Elizabeth Expressway,Leslieborough,Nebraska,45919,India,8.071188,87.477361
ADDR01705,2456 Mcknight Island Suite 340,Lake Gabriela,Georgia,21811,India,31.578881,92.221733
ADDR01706,483 Jensen Spur Apt. 349,Lawrenceshire,Mississippi,37378,India,25.39457,72.32519
ADDR01707,873 Miller Station,West Karatown,Illinois,98343,India,10.34215,82.839455
ADDR01708,194 Mckinney Cape,South Michael,Louisiana,99562,India,26.812654,70.937424
ADDR01709,240 Tucker Key Suite 558,Tinafurt,Michigan,45971,India,14.653195,74.703648
ADDR01710,868 Kathy Forge,Barneston,North Dakota,36798,India,33.705314,76.584643
ADDR01711,484 Bailey Causeway Apt. 608,Jillianton,Utah,53117,India,20.071211,70.894459
ADDR01712,5422 Gary Hills Apt. 191,East Jessica,Iowa,42939,India,12.542247,69.143891
ADDR01713,133 Edward Road Suite 660,Vincentburgh,Utah,59175,India,15.554747,91.246287
ADDR01714,1121 Joseph Square,Travisville,Arizona,09533,India,16.130385,89.417666
ADDR01715,86530 Robles Harbor,Burnsfurt,West Virginia,86654,India,10.46996,89.987916
ADDR01716,3590 Clark Glens Apt. 468,North Frankmouth,Iowa,45277,India,9.193116,92.707963
ADDR01717,6237 Carroll Underpass,Nguyenshire,Connecticut,11096,India,25.247231,72.944856
ADDR01718,94723 Luna Forges Suite 167,New Brad,Colorado,86470,India,17.295713,80.693721
ADDR01719,464 Powers Gateway Suite 524,Deannatown,Vermont,68968,India,24.166983,93.475791
ADDR01720,4627 Amy Junctions,Franklinchester,Virginia,92626,India,10.416734,91.633964
ADDR01721,4280 Griffin Centers,Castilloport,Minnesota,66099,India,12.754605,79.622548
ADDR01722,89132 Amy Neck Apt. 206,Ericksonport,California,53663,India,33.020058,75.88316
ADDR01723,0101 Jimmy Tunnel Suite 809,Patrickshire,North Carolina,05682,India,18.028603,92.669476
ADDR01724,05896 Jenny Skyway Apt. 892,West Samantha,Arizona,37071,India,28.797377,86.816548
ADDR01725,94329 Alexander Roads Apt. 627,South Nicholasstad,Kansas,45655,India,28.719648,71.27864
ADDR01726,175 Campbell Highway,Sullivanmouth,Virginia,92687,India,26.100417,69.700745
ADDR01727,656 Charles Square,West Jennifer,Missouri,73419,India,32.504142,72.622467
ADDR01728,167 Jennings Hills,North Kathrynstad,Oregon,06063,India,18.816721,85.131759
ADDR01729,93655 Monica Forest Suite 541,Lake Jesse,Connecticut,52462,India,28.858884,87.673401
ADDR01730,66466 Alyssa Club Suite 520,Campbellshire,Hawaii,49092,India,12.712775,79.012773
ADDR01731,663 Erin Ports,Justinfort,Arkansas,50465,India,17.323572,68.835671
ADDR01732,4534 Mary Mount Apt. 716,New Frankview,Georgia,12974,India,25.796067,92.317558
ADDR01733,639 Brandon Field Suite 437,Port Michaelchester,Virginia,64713,India,33.309559,71.789005
ADDR01734,55924 Autumn Rapid,Lake Christophermouth,Connecticut,30707,India,31.930348,71.275187
ADDR01735,61973 Miller Center Apt. 683,Clintonville,Alabama,74596,India,18.693391,69.333197
ADDR01736,55527 Floyd Street Apt. 393,Meaganland,Louisiana,83826,India,14.801935,77.1129
ADDR01737,453 Angela Crescent Suite 579,Sarahchester,Wisconsin,93620,India,26.318773,87.659939
ADDR01738,75377 Dylan Manor,Lake Dawn,Nebraska,21317,India,27.955747,84.722821
ADDR01739,145 Padilla Roads Suite 854,East Brittneymouth,Montana,07932,India,22.690318,96.358971
ADDR01740,421 Cheryl Parkway Apt. 277,South Kellystad,Oregon,73396,India,25.415953,77.810719
ADDR01741,060 Joshua Trace Suite 539,Robertberg,Nevada,05561,India,21.600683,88.316825
ADDR01742,7475 Kaiser Walks,Robertton,North Carolina,26127,India,10.476296,87.189685
ADDR01743,137 Smith Skyway,Velezstad,Georgia,63859,India,14.463002,78.026735
ADDR01744,7167 Swanson Fords,West Markview,New Hampshire,77600,India,25.583685,79.161422
ADDR01745,0480 Lopez Junction Apt. 849,East Robertberg,Indiana,48612,India,29.814859,84.191983
ADDR01746,297 Gordon Crossroad Apt. 580,Mclaughlinside,New Mexico,23679,India,33.682582,69.582417
ADDR01747,171 Wanda Oval,Alexiston,Kansas,73243,India,24.728367,72.550894
ADDR01748,25198 Olivia Light Apt. 030,Westland,Illinois,21790,India,30.069985,92.704263
ADDR01749,1150 Gabriel Springs,New Caitlynborough,Kansas,51785,India,30.604806,70.171092
ADDR01750,55555 Oconnell Port,Mitchellstad,California,72618,India,20.782847,74.985863
ADDR01751,114 David Hollow Apt. 696,Sharonshire,Alaska,39878,India,33.223771,69.460171
ADDR01752,5302 Paul Freeway Suite 740,Meghanville,Hawaii,23662,India,13.79037,86.656202
ADDR01753,47922 Smith Underpass,Crawfordchester,Virginia,42607,India,18.485202,74.815
ADDR01754,86119 Rebecca Trail Apt. 586,Smithland,Tennessee,37956,India,19.936459,91.236577
ADDR01755,1051 Waters Groves,Justinmouth,New Mexico,06792,India,19.650563,92.841088
ADDR01756,72715 Timothy Bridge,Dominiqueberg,Georgia,36164,India,19.623771,71.442499
ADDR01757,651 Christopher Parkways,Lake Dillon,Delaware,93634,India,20.931707,86.947817
ADDR01758,18410 Kenneth Mews Apt. 034,North Heather,Rhode Island,12557,India,10.668726,79.957818
ADDR01759,967 Timothy Greens Suite 385,New Anthonyland,Tennessee,63519,India,22.485406,68.004922
ADDR01760,83627 Rachael Street Apt. 770,Lake William,Arkansas,87291,India,10.363284,85.521895
ADDR01761,18620 Stephen Parks,Stricklandberg,Wisconsin,70744,India,24.09572,76.833341
ADDR01762,311 Raymond Spur,Clinehaven,Mississippi,53448,India,21.216781,73.998686
ADDR01763,557 Cindy Centers Apt. 059,Bobbymouth,Washington,11015,India,25.458334,95.560299
ADDR01764,40562 Coffey Glens,North Jonathanburgh,Oklahoma,50514,India,17.446904,69.573981
ADDR01765,83506 Williams Rapids Apt. 817,Arroyofurt,Texas,96959,India,13.795871,81.179339
ADDR01766,976 Betty Avenue Suite 438,North Melodystad,New Hampshire,74250,India,22.563922,85.972981
ADDR01767,1407 Timothy Squares,East Timothystad,Arkansas,07327,India,20.301476,87.057849
ADDR01768,08994 Baker Row Suite 194,South Douglasport,Iowa,16939,India,26.613751,71.306677
ADDR01769,67995 Lauren Turnpike,Greeneview,Illinois,50510,India,27.742319,74.430666
ADDR01770,650 Donald Squares Apt. 638,Jeremytown,Pennsylvania,88835,India,16.875285,92.066633
ADDR01771,0923 William Squares Apt. 552,New John,Washington,28068,India,33.075276,76.467523
ADDR01772,072 Stephen Walks Suite 396,Port Kristina,Alabama,12853,India,21.571612,88.360786
ADDR01773,92305 Meza Plain Apt. 582,North Jenna,Pennsylvania,15532,India,9.190231,72.760506
ADDR01774,10901 Sherri Green Apt. 399,Port Ronald,Wyoming,05806,India,11.651679,88.788827
ADDR01775,992 Lee Squares Suite 691,Lake Ralphport,Virginia,51361,India,26.760536,71.101884
ADDR01776,2645 Sherry Meadow Suite 702,Castanedaport,Utah,23852,India,23.882146,73.438759
ADDR01777,35027 Bob Greens,Wellsville,Oklahoma,05457,India,32.185623,79.393998
ADDR01778,940 John Ville,Sarahton,South Carolina,87701,India,19.883196,90.661192
ADDR01779,3961 Pugh Passage Apt. 026,West Catherine,Missouri,93157,India,26.636486,71.125207
ADDR01780,34998 Knight Estates,Griffinside,West Virginia,28093,India,18.776229,94.872169
ADDR01781,44896 Conrad Freeway,Amandaborough,Pennsylvania,84186,India,29.774122,85.075522
ADDR01782,1010 Patricia Rue,West Jennifer,Kentucky,41139,India,28.075775,81.064633
ADDR01783,775 Brandon Street,Lopezstad,New Hampshire,43067,India,25.119874,95.729519
ADDR01784,74929 Joseph Knolls Suite 757,Russellmouth,Virginia,68865,India,11.500536,82.466031
ADDR01785,246 Barnes Land Apt. 372,Underwoodberg,Oregon,18084,India,21.789473,69.408577
ADDR01786,6104 Abigail Street Apt. 842,South Allison,Kansas,44243,India,32.318015,92.325667
ADDR01787,459 Davis Forest,Jonesstad,California,91562,India,20.556231,82.741654
ADDR01788,51146 Nicholas Plaza Apt. 927,West Amber,Texas,78977,India,31.95022,73.138871
ADDR01789,60477 Ronald Turnpike Apt. 790,Moodyshire,Wyoming,80883,India,23.042414,89.184345
ADDR01790,60074 Benjamin Wall,North Karlatown,Oregon,10111,India,11.337926,79.234762
ADDR01791,616 Scott Flat,East Margaret,New Hampshire,05623,India,23.614197,93.59818
ADDR01792,974 Paul Bridge Apt. 617,North Michaelmouth,New York,63277,India,21.106863,79.155217
ADDR01793,6783 Carpenter Village Suite 486,Meganport,California,86306,India,33.46702,94.561397
ADDR01794,0369 Debra Village Suite 527,Lake Randy,Louisiana,02095,India,27.821741,75.934281
ADDR01795,669 Joseph Forge,New Brittany,Missouri,10685,India,33.053432,96.144258
ADDR01796,68520 Howe Field Suite 643,South Angela,Arkansas,30093,India,19.773988,71.867783
ADDR01797,92425 Alexander Corner Apt. 014,Howardchester,Georgia,37618,India,18.731382,88.300414
ADDR01798,4573 Jennifer Roads Suite 254,Lake Jamesland,Tennessee,97888,India,27.459099,76.668481
ADDR01799,5728 Benson Haven Apt. 769,West Markport,Utah,13660,India,26.238852,92.960519
ADDR01800,80196 Caldwell Shores,Port Christophermouth,Texas,39748,India,26.508733,95.12985
ADDR01801,691 Patel Unions Suite 102,Port Daisy,North Carolina,41041,India,24.447165,73.825783
ADDR01802,8546 Hall Village,Reedhaven,Massachusetts,07035,India,24.228357,76.426805
ADDR01803,6885 Kelli Garden Suite 638,Michelleberg,Ohio,39124,India,16.977633,87.498838
ADDR01804,48585 Kim Motorway,North Ann,Louisiana,87751,India,33.514723,86.852505
ADDR01805,577 Schultz Stream Apt. 865,Kimstad,New Hampshire,43910,India,32.916488,82.61291
ADDR01806,8541 Ramos Springs Apt. 587,North Garyborough,Iowa,59617,India,26.052111,77.349061
ADDR01807,361 Tammy Field Suite 373,East Jimmouth,New Jersey,50368,India,11.000537,78.214896
ADDR01808,8549 Case Manors Apt. 369,Mendezton,Nebraska,22943,India,20.489618,84.548508
ADDR01809,8138 Contreras Terrace,Delacruzhaven,Colorado,33827,India,25.346088,80.10686
ADDR01810,04671 Malone Fields,Lake Cassandra,Nevada,43081,India,27.444587,92.40029
ADDR01811,655 Caleb Extensions Suite 211,East Morgan,Indiana,57742,India,15.434127,92.571732
ADDR01812,39465 Barron Canyon Apt. 318,Danielletown,California,79243,India,29.015924,83.15917
ADDR01813,94020 Jonathan Canyon Suite 065,Hernandezborough,New Hampshire,75487,India,8.657076,72.214475
ADDR01814,62690 Brianna Plain Apt. 233,Jeremyport,Utah,19169,India,25.426609,73.79717
ADDR01815,409 Perez Row Apt. 412,Foxburgh,Tennessee,30507,India,27.50481,72.667126
ADDR01816,0947 Bradley Path Suite 684,Barnesport,New Mexico,52696,India,15.452004,75.266269
ADDR01817,51731 Tiffany Tunnel Apt. 420,Port Summerstad,Kentucky,61956,India,29.823927,88.027251
ADDR01818,59310 Jared Land,North Gregoryside,Iowa,18272,India,15.673655,89.854224
ADDR01819,584 Blevins Island Suite 380,Port Lisa,Wyoming,61301,India,8.839966,91.60676
ADDR01820,1330 Herrera Gardens Suite 605,North Anthony,Wyoming,58012,India,10.66448,93.173026
ADDR01821,176 Shawn Unions,Davisbury,Oregon,16233,India,27.226804,93.080403
ADDR01822,78558 Watson Ports,Sparksside,Maryland,03374,India,27.302731,84.276846
ADDR01823,22654 Kidd Valley Apt. 102,Harrisfort,Indiana,48145,India,14.177482,90.744908
ADDR01824,293 Davis Track,Johnsonchester,Massachusetts,13826,India,28.769366,76.341521
ADDR01825,1548 Jodi Extension Apt. 151,North Gregory,New Mexico,72155,India,25.276833,94.86806
ADDR01826,98711 Stephanie Squares Suite 354,New Michael,Rhode Island,67150,India,18.076421,95.744357
ADDR01827,09406 Adriana Divide,Gallaghershire,Massachusetts,04416,India,33.371391,77.066965
ADDR01828,2042 Andrew Freeway,East Mariamouth,South Dakota,22820,India,22.35524,68.375992
ADDR01829,66427 Dawson Springs Suite 986,Reyesville,Nevada,86996,India,14.534869,85.996289
ADDR01830,98304 Cheryl Shoals,Johnsontown,Minnesota,02092,India,28.304047,93.233425
ADDR01831,9072 Macias Circle,West Allisonland,Illinois,40684,India,29.579571,94.433105
ADDR01832,94021 Reeves Plains,North Carlosport,South Carolina,13115,India,26.320356,86.781339
ADDR01833,025 Gray Locks,Andersonview,Rhode Island,34325,India,27.6328,83.851839
ADDR01834,63598 Benton Springs Apt. 893,Rodriguezchester,Arizona,75450,India,23.688061,90.508256
ADDR01835,677 Dean Groves,Tarachester,Missouri,26676,India,33.071535,76.531154
ADDR01836,2567 Butler Ports,Scottburgh,Nevada,86739,India,12.613073,87.797107
ADDR01837,33894 Jacqueline Roads Apt. 292,Randallmouth,Pennsylvania,06743,India,12.861391,73.040059
ADDR01838,5866 Michael Skyway Apt. 672,Rodriguezmouth,New Jersey,96688,India,21.360018,78.938749
ADDR01839,13432 Kim Island,Thomastown,Florida,21513,India,19.141203,84.14136
ADDR01840,404 Catherine Tunnel Apt. 227,New Stevenhaven,California,59978,India,11.38173,84.935596
ADDR01841,9281 Jeffrey Plain Apt. 499,Lake Katrinastad,Nevada,68597,India,14.63042,77.586321
ADDR01842,5292 Smith River Suite 573,Hannahshire,Kansas,79695,India,26.451922,72.489365
ADDR01843,125 Lee Station Suite 437,Jasonview,Louisiana,40576,India,11.996288,77.356271
ADDR01844,540 Pace Crossing Suite 779,Edwardsview,North Dakota,10497,India,9.322241,95.039074
ADDR01845,019 Timothy Spring Apt. 249,East Tonyafort,New Hampshire,86092,India,24.005826,87.194816
ADDR01846,7201 Robert Highway,New Bryan,North Dakota,49010,India,20.754324,84.607633
ADDR01847,45364 Vincent Roads,Port Alexandra,Washington,56269,India,17.310225,90.736912
ADDR01848,0969 Martin Well,North Tylershire,Kansas,26439,India,16.264334,74.378898
ADDR01849,0553 Rebekah Burgs,Briannaland,Alabama,40658,India,12.780597,69.977118
ADDR01850,97273 Burton Hill Apt. 994,Goodtown,Nebraska,78577,India,21.133649,80.062006
ADDR01851,019 Torres Flats,Cookhaven,Montana,22378,India,21.962935,70.666421
ADDR01852,94386 Parrish Loaf,North Cheyennebury,Hawaii,58720,India,13.75115,74.18726
ADDR01853,5157 Susan Garden,New Jasonside,Mississippi,66057,India,16.628971,78.463137
ADDR01854,89955 Riggs Skyway Suite 620,Gonzalezborough,Delaware,08057,India,13.679577,89.827015
ADDR01855,1220 Barbara Glens,Schmidtmouth,Wisconsin,39960,India,21.792971,96.902301
ADDR01856,08167 Yang Centers Apt. 595,West Reneeborough,New Jersey,65408,India,29.415898,96.452863
ADDR01857,4747 Herrera Greens,Chasebury,Idaho,17774,India,8.228896,87.399216
ADDR01858,342 Kelly Hill Apt. 212,Sanderschester,Arizona,35166,India,19.587348,94.230397
ADDR01859,85970 Ross Circles,Holmeston,Minnesota,93953,India,23.956229,86.012819
ADDR01860,34769 Strickland Spur,Richardville,South Dakota,48142,India,32.931317,87.793989
ADDR01861,26108 Norris Creek,Johnville,Kentucky,54216,India,16.344362,94.56204
ADDR01862,9873 Cline Ports Suite 447,Lake Sarah,Idaho,07700,India,32.569679,79.190402
ADDR01863,6805 Debra Mission,Rodriguezberg,Oklahoma,88843,India,22.04617,76.202041
ADDR01864,16205 Moreno Square,Amandachester,Illinois,74667,India,31.694734,91.841163
ADDR01865,1440 John Street Suite 958,Thomasview,Maryland,02181,India,17.748909,91.281685
ADDR01866,846 Mitchell Plaza,Wattsberg,Michigan,86934,India,19.584479,69.271698
ADDR01867,2552 Thompson Unions,Port Tinafurt,New Hampshire,11181,India,31.355322,73.582859
ADDR01868,848 Carol Hollow,Michaelmouth,California,54575,India,21.361262,95.498143
ADDR01869,50185 David Cape Apt. 807,Davidshire,Georgia,37291,India,12.352265,95.73201
ADDR01870,95836 Thompson Flats,Williamston,Michigan,55954,India,21.987346,68.212587
ADDR01871,353 Lewis Forge Suite 772,Crawfordfort,Iowa,85318,India,9.702267,87.439719
ADDR01872,6470 Davis Run,East Regina,Maryland,83762,India,28.113139,93.083575
ADDR01873,691 Tracy Alley Suite 029,North Shannon,Idaho,73887,India,19.029446,71.013877
ADDR01874,7148 Jennifer Estate Suite 472,New Charlesfort,Washington,22128,India,21.98161,88.379543
ADDR01875,2998 Andrew Camp Apt. 142,North Jessicaborough,Nebraska,12895,India,33.381822,90.480995
ADDR01876,8190 Reilly Valleys Apt. 002,North Earlshire,Wyoming,90813,India,24.81059,95.252782
ADDR01877,57921 Fischer Glen Apt. 223,Angelaberg,Minnesota,53774,India,27.419161,72.458883
ADDR01878,32203 Goodwin Port,New Jonathanchester,Ohio,48705,India,19.939856,77.619746
ADDR01879,8706 Joshua Crest,Bellberg,Mississippi,30642,India,10.275543,69.573774
ADDR01880,5167 Cruz Dam,Port Edward,Oregon,89345,India,28.649584,84.184442
ADDR01881,573 Vega Spring,Lake Danielle,Nevada,36147,India,22.94902,74.601723
ADDR01882,265 Sherry Wall,South Wendyberg,Arkansas,94898,India,14.724847,79.252946
ADDR01883,5468 Alison Brooks Suite 161,Lake Katelyn,Colorado,34495,India,24.385649,80.557726
ADDR01884,79540 Barton Divide,New Kevin,Ohio,93725,India,8.439165,87.525663
ADDR01885,69518 Sheila Center Suite 445,East Barry,Illinois,73032,India,21.905694,86.60126
ADDR01886,68231 Nicholas Gateway Apt. 047,New Jose,New Jersey,80546,India,24.077083,89.922857
ADDR01887,2292 Olivia Plaza Suite 302,New Erica,North Carolina,77982,India,23.225808,88.325579
ADDR01888,419 Cathy Prairie,South Brendabury,Hawaii,89643,India,9.887326,94.913385
ADDR01889,87624 Hall Bypass,Williammouth,Kentucky,17686,India,10.759524,90.819865
ADDR01890,5792 Sherry Terrace,South Stephaniefort,Utah,95427,India,15.835118,70.508651
ADDR01891,023 Jessica Forks Apt. 968,Port Dawn,Massachusetts,38705,India,27.89713,80.692608
ADDR01892,906 Jackson Fall Suite 759,Harrisville,Oklahoma,83903,India,18.272945,87.160972
ADDR01893,5511 Patricia Lakes Suite 196,North Douglas,Iowa,54783,India,20.32368,83.470565
ADDR01894,7055 Jessica Extensions Apt. 479,Madisonview,Massachusetts,45629,India,11.545918,79.338784
ADDR01895,806 Hill Summit Suite 187,South Michaelberg,South Carolina,11979,India,28.7346,83.82601
ADDR01896,0897 Sean Parkways Apt. 684,Phillipsburgh,Illinois,77160,India,32.963491,72.178191
ADDR01897,7165 Tate Cliff,Simmonschester,Maine,70110,India,25.609515,94.510899
ADDR01898,5364 Watson Forks Apt. 835,Port Shannonhaven,Alabama,10603,India,28.670445,89.150413
ADDR01899,0406 Chapman Corner,West Danielhaven,Missouri,84560,India,17.701393,95.534488
ADDR01900,15048 Christine Hollow,Hollandmouth,Wisconsin,79763,India,22.391629,84.097023
ADDR01901,5897 Dana Field Apt. 084,North James,Oklahoma,49469,India,11.204114,68.145865
ADDR01902,42978 Bobby Mountains Suite 492,Riveraton,Indiana,38797,India,23.513027,83.577409
ADDR01903,8935 Turner Rue,New Josephfurt,Kentucky,00593,India,32.621464,76.836043
ADDR01904,8684 Meyer Center Suite 436,New Bruceside,Wisconsin,58109,India,27.455711,94.202845
ADDR01905,3077 Harris Lake Suite 741,Levinehaven,Texas,42430,India,16.940143,79.96698
ADDR01906,0870 Melissa Fork Apt. 835,West Margaret,Florida,41063,India,24.794219,82.864028
ADDR01907,0768 Elaine Alley,Cameronshire,Alabama,94862,India,12.184813,74.402851
ADDR01908,245 Riley Ridge,Heiditown,Mississippi,60862,India,29.703458,73.63546
ADDR01909,253 Amanda Gateway Suite 885,Andersenberg,Louisiana,00920,India,12.715308,91.190142
ADDR01910,442 Shawn Lodge Suite 764,West Katietown,Rhode Island,56762,India,30.158529,92.690244
ADDR01911,31014 Robin Union,South Alexander,Texas,92492,India,32.241617,96.835078
ADDR01912,8978 Cody Springs Apt. 287,Byrdville,Ohio,06837,India,19.992895,83.940274
ADDR01913,68630 Taylor Vista Suite 599,East Yvonne,Ohio,01666,India,15.556969,69.95352
ADDR01914,6232 Derek Junction Suite 415,Jeffreyberg,Utah,25214,India,10.553262,89.042088
ADDR01915,5287 Le Parks,Theodoretown,Oklahoma,83192,India,20.666951,77.594677
ADDR01916,8597 Macdonald Tunnel Apt. 527,Chavezberg,Nevada,84636,India,11.333594,87.008716
ADDR01917,76138 Nash Summit Apt. 988,Lake Anthony,California,59862,India,10.601171,85.965958
ADDR01918,85419 White Parks Apt. 356,Alexanderstad,West Virginia,08649,India,31.403083,77.215792
ADDR01919,3874 Walsh Oval,Melissafurt,Michigan,74731,India,19.716795,85.87393
ADDR01920,12383 Gomez Rest Apt. 011,Ashleyfort,Wyoming,31520,India,15.947563,84.940928
ADDR01921,901 Steven Crossroad,Grantberg,Rhode Island,55277,India,22.704352,78.57031
ADDR01922,320 Deborah Ways Apt. 831,Port Kevin,Maine,01054,India,16.224662,80.420914
ADDR01923,7552 Cortez Springs Apt. 054,Juliemouth,Connecticut,75901,India,8.125629,75.139079
ADDR01924,888 Dean Fields Suite 945,Kleinshire,Vermont,31110,India,13.759668,89.45467
ADDR01925,9879 Brenda Spring Apt. 862,Juliehaven,South Dakota,69251,India,19.339226,92.363192
ADDR01926,39504 Francis Trail Apt. 718,Thomasstad,Illinois,82941,India,11.491952,89.256211
ADDR01927,796 Vanessa Port Suite 674,Estradaton,Massachusetts,46502,India,30.825032,81.422603
ADDR01928,94284 Luna Mill,Teresaland,New York,20589,India,17.327282,76.858682
ADDR01929,1696 Shawn Drive Suite 849,East Stephentown,Texas,21345,India,22.343467,73.097335
ADDR01930,8133 Jeffery Court Suite 745,West Jonathan,Montana,30055,India,23.772319,92.411997
ADDR01931,946 Erickson Hills,Josephview,California,78923,India,30.326555,72.060048
ADDR01932,5111 Smith Plains Suite 771,North Gina,Mississippi,05445,India,22.004069,75.633805
ADDR01933,158 Knight Points,North Joshuaview,Arizona,92095,India,31.044732,70.217409
ADDR01934,002 Austin Way Apt. 078,Johnnyborough,South Dakota,65432,India,9.960399,68.540279
ADDR01935,8443 Sherman Mount Apt. 335,Fergusonstad,Mississippi,03991,India,21.186636,68.904633
ADDR01936,463 Tracy Ways Apt. 341,New Brianborough,Michigan,83425,India,23.129153,79.7489
ADDR01937,47356 Lin Haven,Christinebury,New York,52241,India,23.340944,94.282804
ADDR01938,51176 Tony Manor,Tammyfort,New Hampshire,60725,India,22.341444,83.76061
ADDR01939,74617 Nichole Locks,Chandlerland,Nebraska,91088,India,33.966933,81.691015
ADDR01940,4605 Pamela Pine,North Anthony,North Dakota,08288,India,28.155128,78.60874
ADDR01941,67468 Cross Fork,Rachelfurt,West Virginia,59916,India,13.805973,90.3922
ADDR01942,891 Carter Ways,Port Kaylatown,Pennsylvania,14755,India,27.063898,76.438976
ADDR01943,66983 Marcia Rest Suite 720,Davidchester,Minnesota,73449,India,20.08223,82.801948
ADDR01944,3966 Theresa Courts,Lake Chadside,Nebraska,79557,India,18.316414,82.562851
ADDR01945,6356 Ryan Turnpike Suite 013,Williamston,Florida,43089,India,25.229641,92.591473
ADDR01946,20082 Rodriguez Brook,Sheilafort,West Virginia,32910,India,28.970041,85.807043
ADDR01947,325 Joshua Points Suite 454,Lake Julieville,Kentucky,76859,India,12.311932,82.909964
ADDR01948,9002 Hale Plain Suite 345,West Johnathanport,Virginia,17091,India,19.601732,73.19521
ADDR01949,61800 Kelly Greens,New Jamie,Arizona,12491,India,32.666508,87.122986
ADDR01950,7623 Holmes Pines Apt. 114,West Allisonland,West Virginia,99336,India,33.161125,89.341674
ADDR01951,04183 Cheryl Junctions Apt. 832,Carrillotown,Indiana,47370,India,20.571089,78.405071
ADDR01952,9626 Kevin Rest,East Robert,Ohio,68091,India,13.689297,82.141622
ADDR01953,48579 Bradley Tunnel,Michaelshire,Montana,11113,India,9.63439,78.71362
ADDR01954,2909 Derrick Knolls,Lake Shane,Utah,81459,India,9.113019,73.996448
ADDR01955,766 Robert Isle Apt. 895,Port Robertstad,Alaska,06356,India,31.600878,78.47629
ADDR01956,590 Walker Cape Apt. 000,Oliviaside,South Dakota,58781,India,20.21153,81.18466
ADDR01957,88580 Karen Throughway,Phambury,New York,99358,India,9.207374,96.437104
ADDR01958,4144 Bates Lights,Alyssaberg,West Virginia,84548,India,16.425849,88.408351
ADDR01959,75715 Moore Brooks,Tanyaside,Kentucky,29824,India,21.555696,92.059768
ADDR01960,0883 Hayden Street Apt. 940,Port Kayla,Tennessee,37176,India,29.706679,75.636166
ADDR01961,03095 Emily Camp,North Catherinechester,West Virginia,04991,India,22.153102,73.041645
ADDR01962,976 Stevens Hill Suite 291,Cookland,Hawaii,96488,India,24.995558,78.593607
ADDR01963,710 Lang Lights Apt. 992,North Laurenview,Pennsylvania,51185,India,24.98675,92.228603
ADDR01964,801 Mary Manors,Coxland,Connecticut,38048,India,21.433235,78.913535
ADDR01965,2183 Davis Shore,New Caroline,South Dakota,43821,India,31.588303,82.974782
ADDR01966,84732 Tina Union,North Cindy,New York,40629,India,17.175348,93.163863
ADDR01967,09727 Corey Fall,Lake Taramouth,North Dakota,66272,India,20.658401,81.981193
ADDR01968,15322 Sally Streets,Coleberg,Arizona,61293,India,23.709485,82.553273
ADDR01969,86060 Duncan Prairie Suite 153,West Johnborough,Maine,59322,India,11.613176,72.802569
ADDR01970,54818 Thomas Shoals,Emilyfurt,North Carolina,36261,India,10.004294,86.660833
ADDR01971,96707 Summers Cove,Craigfort,California,67101,India,13.499445,73.420265
ADDR01972,06816 Williams Flats Suite 373,Strongview,Kentucky,20157,India,17.417797,88.801779
ADDR01973,68687 Wallace Ports Apt. 990,Lake Austin,Connecticut,71190,India,11.076586,74.680044
ADDR01974,480 Leon Branch Suite 154,Yangton,Virginia,22601,India,29.090488,88.887414
ADDR01975,455 Johnson Mountains Suite 602,East Jayport,Connecticut,44299,India,20.519433,81.885625
ADDR01976,27549 Richardson Lakes Suite 876,Hernandezland,Washington,93477,India,13.478303,72.676142
ADDR01977,74564 Hall Mountains,South Jacobside,Wisconsin,40989,India,29.66749,68.650935
ADDR01978,74896 Tyler Fords Apt. 901,Port Christineland,Pennsylvania,31717,India,9.121753,84.631109
ADDR01979,83949 Bonnie Parks,Wolfmouth,Maryland,20390,India,12.189358,86.256672
ADDR01980,3969 Collins Walk Apt. 998,Christianburgh,Washington,96954,India,9.018962,84.59581
ADDR01981,65797 Moses Camp,South Jennifer,Missouri,12283,India,9.453712,75.48953
ADDR01982,252 Zoe Crossroad,New Corey,Pennsylvania,32398,India,12.680976,95.788912
ADDR01983,035 Gregory Cove Suite 907,Port Ashleymouth,Florida,14900,India,23.583296,84.344536
ADDR01984,501 Moore Lakes Apt. 743,Lake Paulfurt,Iowa,60296,India,8.484121,88.866872
ADDR01985,47768 Johnson Gateway Apt. 503,Lake Amy,New York,54216,India,25.205372,76.220184
ADDR01986,1296 Parker Keys Suite 419,Carriechester,Vermont,59758,India,10.229461,81.026897
ADDR01987,869 Julie Estate Apt. 318,Port Kayla,Texas,68039,India,33.812171,93.15177
ADDR01988,43820 Reid Turnpike,South Jeffrey,Iowa,86559,India,12.434736,92.080544
ADDR01989,6100 David Lakes Apt. 966,Michaelstad,Massachusetts,35383,India,23.621807,91.043866
ADDR01990,459 Janet Spring,Port Kevinview,Alaska,58522,India,29.331783,73.27464
ADDR01991,1539 Ellen Fort,Mitchellberg,Massachusetts,59782,India,25.150868,75.6711
ADDR01992,42349 Bryant Ville Suite 015,New Travischester,Massachusetts,65795,India,26.828857,77.937467
ADDR01993,61400 James Springs,East Leslie,Kentucky,86430,India,19.790224,85.127284
ADDR01994,28139 Christopher Circles,Jacobsonhaven,Florida,93379,India,13.975158,79.178395
ADDR01995,96294 David Inlet,West Ernestton,Ohio,76179,India,10.822823,73.868108
ADDR01996,70170 Sawyer Vista,South Donaldhaven,New Hampshire,80717,India,30.349384,82.626426
ADDR01997,8119 Jeff Burgs,Youngfort,Maine,34693,India,18.91467,72.337275
ADDR01998,0695 Kristi Junction Suite 348,South Christine,Kansas,02293,India,10.503763,81.800206
ADDR01999,070 Mitchell Fork,Johnsonville,Wyoming,09380,India,23.983452,69.13206
ADDR02000,36028 Mark Falls,West Vincentfort,Wyoming,46790,India,28.380574,82.596547
