customer_id,name,email,phone,signup_date,kyc_verified,address_id,ring_id
CUST00001,Kenneth Young,daniel36@example.org,4958375504,2025-06-15T02:30:19,True,ADDR01727,
CUST00002,Stephanie Ray,nicholas99@example.com,347.745.9698x66915,2025-08-17T09:02:23,True,ADDR00357,
CUST00003,Michael Davis,glynch@example.com,620-786-6785x452,2025-07-05T05:10:44,True,ADDR01085,
CUST00004,Megan Brown,vwallace@example.com,953-539-5736,2026-02-01T08:55:25,True,ADDR00448,
CUST00005,Randy Elliott,josephyoder@example.net,001-634-329-5331x618,2025-03-30T08:07:40,True,ADDR00986,
CUST00006,Robert Ferguson,samuelbell@example.net,(647)228-5837x67961,2025-08-31T19:35:15,True,ADDR00149,
CUST00007,Tommy Ingram,cmay@example.org,333-539-5943x7021,2025-08-25T11:15:55,True,ADDR01010,
CUST00008,Preston Alexander,cmiller@example.net,226.920.7032,2025-03-30T05:02:03,True,ADDR00237,
CUST00009,Carol Gonzalez,dustindennis@example.net,(691)601-9793x4145,2025-02-15T12:03:16,True,ADDR01283,
CUST00010,Angela Park MD,robertduran@example.net,(795)254-0543x60457,2026-03-06T02:24:22,True,ADDR01414,
CUST00011,Gary Lucero,rlewis@example.org,910-357-2462x11743,2026-01-10T20:55:32,True,ADDR00274,
CUST00012,Shelby Young,sjones@example.org,374-625-4006x320,2025-05-25T18:17:28,True,ADDR01982,
CUST00013,Richard Davenport,williamsdana@example.org,(244)819-6073,2025-07-17T16:30:51,False,ADDR01729,
CUST00014,Daniel Reynolds,coryjohnson@example.org,+1-730-397-9435x839,2025-07-04T09:44:41,True,ADDR01277,
CUST00015,Kenneth Rios,kimberly09@example.com,673.361.3522x651,2026-02-08T15:26:10,False,ADDR01501,
CUST00016,Ryan Henry,johnsonsteven@example.org,3284679034,2026-02-28T13:25:36,True,ADDR01781,
CUST00017,Jordan Brown,johnbrown@example.com,+1-622-644-7004x90921,2025-08-08T20:06:10,True,ADDR00414,
CUST00018,Michael Garrett,mholmes@example.com,(491)693-3931,2026-05-14T06:39:38,True,ADDR01164,RING002
CUST00019,Mr. Howard Morris,sanchezkayla@example.com,001-451-806-4575x2427,2025-06-09T03:31:25,True,ADDR01715,RING008
CUST00020,Jason Lopez,donald36@example.net,304-895-1953x61729,2026-06-02T08:21:47,True,ADDR00780,
CUST00021,Jenny Castro,pamela61@example.net,+1-807-475-8870x6043,2025-10-19T00:07:45,True,ADDR00052,
CUST00022,Kevin Wallace,howelljeremy@example.org,(332)888-8247x888,2025-06-16T18:12:15,True,ADDR01783,
CUST00023,Steven Fox,diana72@example.org,949-209-7430x0294,2025-03-01T02:13:51,True,ADDR01430,
CUST00024,Kyle Hanna,jacquelinewerner@example.com,328-951-1239x4932,2026-06-15T16:32:12,True,ADDR00285,
CUST00025,Brian Becker,leahmartin@example.com,3133903995,2025-05-26T04:06:37,True,ADDR00718,
CUST00026,Robert Hobbs,derek76@example.net,001-389-294-7108x3109,2025-05-05T09:55:18,True,ADDR00788,
CUST00027,Travis Brady,tiffany79@example.net,001-707-794-4943x19693,2025-02-03T08:17:34,True,ADDR01343,
CUST00028,Theresa Kennedy,maria21@example.com,523.503.6296x30889,2025-06-21T01:37:08,True,ADDR00181,
CUST00029,Matthew Robinson,robinsonchristopher@example.net,001-940-788-5398x51505,2025-12-29T23:31:18,True,ADDR00895,
CUST00030,Ashley Herrera,sara53@example.com,628.990.9814,2025-08-14T08:28:43,True,ADDR01486,
CUST00031,Michael Riley,larry78@example.org,001-345-286-8270x70665,2025-06-17T01:51:01,True,ADDR01955,
CUST00032,Gary Collins,zknight@example.org,+1-549-911-2877x5951,2026-01-19T18:49:48,True,ADDR00792,
CUST00033,Amanda Allen,elizabethharris@example.com,(411)701-2735x7263,2025-03-06T19:27:25,True,ADDR00208,
CUST00034,Karen Freeman,fharper@example.net,514.217.1079x19892,2025-03-28T01:46:23,True,ADDR01036,
CUST00035,Jacob Beard,zdiaz@example.com,+1-688-295-9979x968,2025-12-30T17:23:42,True,ADDR00887,
CUST00036,Andrea Taylor,patrickhester@example.com,687.296.9779x4832,2026-02-22T02:44:01,True,ADDR01520,
CUST00037,Ann Love,jjensen@example.org,689.310.3366,2026-04-10T07:51:03,False,ADDR00278,
CUST00038,Mr. Caleb Gates DVM,justinjames@example.net,+1-373-438-6084x24998,2025-03-16T10:47:10,True,ADDR00656,
CUST00039,Michelle Morrow,burnsseth@example.net,874.474.2996x1904,2025-11-05T08:11:12,True,ADDR01039,
CUST00040,Matthew Morgan,vanessagarrett@example.org,703.892.2893,2025-05-12T11:42:06,True,ADDR01545,
CUST00041,Charles Roberts,aholloway@example.net,275.310.3349,2025-01-13T05:25:24,True,ADDR00479,
CUST00042,Miss Sarah Ellis,lopezmatthew@example.org,907-376-9228,2026-04-23T12:32:54,True,ADDR00084,
CUST00043,Willie Mahoney,mitchelldavis@example.org,677-965-3621x47227,2026-01-11T09:52:35,True,ADDR00172,
CUST00044,Mrs. Wendy Robinson MD,alicia46@example.com,332.465.5389x6950,2025-09-20T12:56:17,True,ADDR01907,
CUST00045,Keith Brooks,christopherbowen@example.com,001-804-907-2133,2025-01-18T23:39:29,True,ADDR01756,RING008
CUST00046,Mary Riley,stephaniestevens@example.org,6415810472,2025-01-10T06:18:35,True,ADDR01380,
CUST00047,Sabrina Mccann,lnguyen@example.net,677-441-7350x815,2025-03-02T06:38:14,True,ADDR00405,
CUST00048,Shelby Rogers,joshuasmith@example.org,309.201.3860x0356,2025-02-27T16:18:17,False,ADDR00576,
CUST00049,Veronica Mckee,livingstonrobert@example.org,9445772861,2025-01-22T08:03:10,True,ADDR00702,
CUST00050,Willie Mitchell,clarkbrian@example.org,+1-749-551-3883x241,2025-09-06T08:10:43,False,ADDR01629,
CUST00051,David Allen,marianash@example.org,525-486-4989x8668,2026-01-25T18:14:27,True,ADDR00532,
CUST00052,Connie Carpenter,jeffreypoole@example.com,260-271-9705x715,2025-08-15T04:36:40,True,ADDR01122,
CUST00053,Mike Andrade,thomasjensen@example.org,7768436446,2025-12-13T20:52:22,False,ADDR01003,
CUST00054,Jennifer Campbell,patrick79@example.org,888-505-1419x2990,2026-01-21T16:47:52,True,ADDR01601,
CUST00055,Brenda Ferguson,nbarnett@example.com,001-868-505-9453x675,2025-12-18T03:27:40,True,ADDR00894,
CUST00056,Anna Simpson,kristen02@example.com,2002948205,2025-01-06T09:19:17,True,ADDR00102,
CUST00057,Donald Harvey,emilycunningham@example.org,702.324.3595,2025-06-26T11:43:17,True,ADDR01488,
CUST00058,Sharon Johnson,onewton@example.net,(802)710-4915x792,2025-12-16T03:24:02,True,ADDR01333,
CUST00059,Alyssa Taylor,dianenewton@example.org,855.959.5440,2025-08-17T10:42:29,True,ADDR01352,
CUST00060,Jennifer Johnson,mcdowellteresa@example.org,+1-346-469-0594x0100,2026-02-01T01:54:46,True,ADDR00696,
CUST00061,Brittany Jones,amberrodriguez@example.org,6628957005,2025-01-07T01:00:06,False,ADDR00672,
CUST00062,Bobby Mitchell,franklinthomas@example.net,001-430-966-1210x505,2025-05-07T22:22:49,True,ADDR01849,
CUST00063,Michael Fisher,blackburntodd@example.net,(970)774-2684x5065,2026-05-14T01:35:47,True,ADDR00931,
CUST00064,Jesus Green,tthompson@example.net,(445)923-2182x691,2025-07-08T06:11:26,True,ADDR00907,RING002
CUST00065,Kathleen Murphy,yolandagibbs@example.com,+1-282-490-7516,2026-03-03T00:44:31,True,ADDR00282,RING007
CUST00066,Christina Larson,michellebrown@example.org,685.804.9640x948,2025-04-02T12:02:29,True,ADDR00053,
CUST00067,Ryan Brown,christinaphillips@example.com,+1-333-270-5693x070,2025-07-03T12:10:15,True,ADDR01121,
CUST00068,Thomas Wu,perezwilliam@example.net,682.707.9327x2456,2025-03-25T20:08:53,False,ADDR00740,
CUST00069,Denise Smith,thomas49@example.com,904.756.1487x1175,2025-02-19T02:20:13,True,ADDR00323,
CUST00070,Tammy Lopez,nathanjames@example.net,277-841-3894,2025-01-22T12:08:56,True,ADDR00524,
CUST00071,Christopher Becker,levimason@example.org,692.445.5755,2025-10-25T18:11:36,True,ADDR00401,
CUST00072,Miss Meghan Sims,rhodessarah@example.net,303.943.8623x27235,2026-04-25T23:26:27,True,ADDR00150,
CUST00073,Julie Schmidt,brian28@example.net,841.350.7039x546,2025-01-23T21:21:52,True,ADDR00746,
CUST00074,Brett Fernandez,jeremy50@example.org,712.737.6732,2025-11-08T15:27:52,True,ADDR00085,RING005
CUST00075,Monique Jones,fraziershannon@example.org,(463)440-1154,2026-06-08T19:52:39,True,ADDR00136,
CUST00076,Tracey Mendoza,marissareyes@example.com,420.706.1631,2025-08-01T04:10:00,True,ADDR01461,
CUST00077,Cassandra Hogan,tnunez@example.net,609.436.0499,2025-03-02T07:18:45,True,ADDR00973,
CUST00078,Lindsey Simpson,jgomez@example.org,(665)838-6218,2025-02-08T01:52:15,True,ADDR00944,
CUST00079,Garrett Fowler,christopher04@example.com,921.356.0998,2026-02-25T00:40:03,True,ADDR00557,
CUST00080,Travis Ferrell DDS,breannataylor@example.org,4379446988,2025-12-08T16:57:00,True,ADDR01663,RING007
CUST00081,Robert Robinson,parkerjennifer@example.org,5479670548,2026-02-01T07:05:57,True,ADDR01869,
CUST00082,Katelyn Morales,collinsmichelle@example.net,701.315.7718,2025-06-01T15:35:10,True,ADDR01950,
CUST00083,Mary Morton,bushjeffrey@example.net,966-831-1345x0070,2025-05-08T00:22:31,True,ADDR00184,
CUST00084,Derek Elliott,littlerandall@example.net,607-547-2443x312,2025-07-17T18:23:39,True,ADDR01609,
CUST00085,Kimberly Gonzalez,ksparks@example.org,001-392-214-4805,2026-05-28T19:50:46,True,ADDR00918,
CUST00086,Shirley Davidson,andersonkathleen@example.net,+1-545-415-2994x1793,2026-05-09T00:02:14,True,ADDR00631,
CUST00087,Yolanda Johnson DDS,thomasthomas@example.com,001-315-218-4123x848,2025-03-04T07:58:03,True,ADDR01403,
CUST00088,Mark Baker DVM,marcus77@example.org,(801)589-6783,2026-05-26T19:22:31,True,ADDR01111,
CUST00089,Jennifer Raymond,andersonjames@example.net,001-944-744-9426,2025-02-18T11:58:51,True,ADDR01183,
CUST00090,John Hernandez,thomasjackson@example.net,+1-800-668-8783x584,2025-08-02T02:42:56,True,ADDR00205,
CUST00091,Clayton Kemp,francisfields@example.net,4677472841,2026-06-27T16:43:50,True,ADDR00687,
CUST00092,Daniel Allen,ngray@example.com,299.427.9646x29462,2026-06-24T23:30:57,True,ADDR01630,
CUST00093,Lauren Mendez,denise00@example.com,(513)282-9444,2025-11-20T04:32:01,True,ADDR00900,
CUST00094,Caitlin Mitchell,glewis@example.net,507.379.6066,2025-09-20T18:53:27,True,ADDR01197,
CUST00095,David Garcia,justin55@example.org,937.354.7148,2025-11-06T23:52:21,True,ADDR01157,
CUST00096,Billy Davis,emilyburnett@example.org,267.413.1308x3862,2026-01-11T21:16:53,False,ADDR00198,
CUST00097,Diana Lane,rebeccawhite@example.org,653-336-1518x217,2025-03-15T10:40:39,True,ADDR00314,
CUST00098,Joshua Campbell,imckinney@example.com,+1-561-634-2285x92486,2025-09-15T04:15:59,False,ADDR00628,
CUST00099,Michael Welch,jenniferrobbins@example.com,+1-513-469-6082x975,2026-01-11T06:57:34,True,ADDR01843,
CUST00100,Kristen Wright,owilson@example.org,(852)803-5747x8781,2025-02-01T03:55:38,True,ADDR00956,
CUST00101,Michele Shannon,nicholasgray@example.org,(696)975-4878,2026-06-01T21:27:31,True,ADDR00313,
CUST00102,Jesse Lane,steve03@example.com,(472)548-2666,2025-07-15T09:50:19,True,ADDR00009,
CUST00103,Daniel Gibson,morganrobinson@example.net,8072916816,2025-06-28T15:33:58,True,ADDR00717,
CUST00104,Joseph Mcdonald,castillojoseph@example.org,001-425-909-4366x288,2025-05-06T22:56:00,True,ADDR01034,
CUST00105,Richard Webb,gutierrezjeremy@example.org,205-513-4418x4230,2025-04-16T14:56:31,True,ADDR01346,
CUST00106,Adam Henry,njones@example.com,6386674544,2025-04-26T13:14:40,False,ADDR00389,
CUST00107,Erin Jones,dcarter@example.org,6014545265,2025-10-02T10:14:14,True,ADDR01879,
CUST00108,Victoria Jones,james63@example.org,+1-905-906-0183x147,2026-06-20T17:19:17,True,ADDR01320,
CUST00109,Dominic Mccoy,christopherlewis@example.org,538-715-4169x049,2026-02-12T02:34:24,True,ADDR00549,
CUST00110,Jason Beck,normanerica@example.org,289.431.1510,2025-07-03T02:08:49,True,ADDR00972,
CUST00111,Jeffrey Walton,sarah90@example.com,488-613-4953x8698,2026-01-23T11:15:16,True,ADDR01029,
CUST00112,Richard Garza,sobrien@example.org,001-222-704-5193x979,2025-05-14T03:04:34,True,ADDR00940,RING003
CUST00113,James Oconnor,joseph23@example.org,001-968-535-6439x102,2025-05-28T17:06:27,True,ADDR01795,RING003
CUST00114,Bradley Hoffman,dfrazier@example.org,+1-265-407-7638x43896,2025-09-21T15:48:42,True,ADDR01485,
CUST00115,Cathy Dickerson,mitchelllee@example.net,657-742-4641,2026-06-16T15:17:22,True,ADDR01827,
CUST00116,Jose Wilson,newmanbeverly@example.com,966-957-8918,2026-06-28T17:27:46,True,ADDR00335,
CUST00117,Kristi Barnes,thompsonbrittany@example.com,919.529.5166,2026-04-21T16:05:31,True,ADDR00062,
CUST00118,Jay Pittman,patricia90@example.com,942-249-0073x14720,2025-11-08T09:01:02,True,ADDR01031,
CUST00119,Jeffrey Sullivan,christophermorrison@example.com,(869)383-0186,2026-04-17T00:36:46,True,ADDR00401,
CUST00120,Marcus Walker,xsantos@example.com,+1-888-976-5898x381,2025-10-26T08:35:40,True,ADDR00632,
CUST00121,Savannah Gates,andersonheather@example.net,969-289-9522,2025-07-27T01:10:17,True,ADDR00586,
CUST00122,Michael Baxter,ppeters@example.com,510-237-8652x874,2025-07-12T23:39:59,True,ADDR00932,
CUST00123,Samuel Reed,hjohnson@example.org,598-662-8257,2025-09-05T20:21:51,True,ADDR00477,
CUST00124,Brian Reed,brandy92@example.org,+1-281-436-1136x1015,2026-06-10T20:50:47,True,ADDR00805,
CUST00125,Christopher Boyd,william49@example.net,686-341-1639x8737,2025-07-06T05:11:35,True,ADDR01455,
CUST00126,Tammy May,aaron03@example.org,001-585-321-3664x841,2026-03-06T10:00:06,True,ADDR01133,
CUST00127,Kaylee Gallagher,whitechristopher@example.org,4592488797,2025-11-11T18:36:57,True,ADDR00930,
CUST00128,Stephanie Arellano,bryantlinda@example.org,(429)780-3409,2025-05-01T19:07:10,True,ADDR01990,
CUST00129,Timothy Jones,brandon10@example.org,214.624.8697x76566,2025-06-25T08:14:30,True,ADDR00683,
CUST00130,Daniel Wood,kathy27@example.org,447-646-5656x162,2025-08-31T03:12:52,True,ADDR01755,
CUST00131,Rachel Bowen,lisa53@example.org,+1-399-660-0214x88289,2025-10-31T06:07:30,True,ADDR01924,
CUST00132,Angela Jackson,vclarke@example.org,(500)542-9676,2025-03-23T01:25:14,True,ADDR00116,
CUST00133,Virginia Robinson,kevin92@example.com,(662)613-5533x02747,2025-07-10T22:50:59,True,ADDR00399,
CUST00134,Kimberly Jones,hnewton@example.com,417-384-2652x71788,2025-04-01T15:16:34,True,ADDR00122,
CUST00135,Laura Reyes,samantha78@example.net,(653)516-6483,2025-04-14T10:53:20,False,ADDR01798,
CUST00136,Eric Cochran,longkristy@example.org,284-494-2254x2722,2026-06-20T17:11:25,True,ADDR00816,
CUST00137,Jesse Rodriguez,jon34@example.net,(861)811-7036x876,2026-06-20T04:32:50,True,ADDR01807,
CUST00138,Jamie Dennis,rhonda05@example.org,(218)506-5558,2025-11-19T19:23:21,True,ADDR00363,
CUST00139,Samantha Navarro,daniel58@example.org,+1-895-802-2893x490,2026-02-15T05:58:16,True,ADDR00351,
CUST00140,Sharon Bowman,jenniferrice@example.org,6278240047,2025-06-18T15:57:22,True,ADDR00373,
CUST00141,Isabella Mckinney,lisajackson@example.com,921.963.3947x2762,2025-01-25T23:24:13,True,ADDR00941,
CUST00142,Mark Perkins,matthewgilbert@example.org,+1-997-342-7405,2025-10-10T13:50:26,True,ADDR00546,
CUST00143,Bruce James,tmoore@example.com,001-450-666-2367x61697,2025-04-02T00:38:31,True,ADDR01468,
CUST00144,Sydney Ray,nthompson@example.com,343-845-8969,2026-05-22T17:42:55,True,ADDR01811,
CUST00145,Tami Dorsey,shawmorgan@example.org,+1-986-255-2824x714,2025-07-30T09:51:04,True,ADDR00417,
CUST00146,Dennis Lester,pevans@example.net,+1-429-824-4177x599,2025-04-25T09:50:13,False,ADDR01913,
CUST00147,Heidi Ferguson,davidjohnson@example.org,001-829-658-2387x44835,2025-12-29T21:01:36,True,ADDR00216,
CUST00148,Brian Alvarez,cookangela@example.net,+1-708-408-5997x05486,2026-03-24T06:52:31,True,ADDR01822,
CUST00149,David Butler,jody66@example.org,(726)257-6675x476,2025-09-16T05:18:50,True,ADDR01163,
CUST00150,Brian Evans,khoward@example.org,(758)412-0029x14581,2025-05-10T11:31:25,True,ADDR00592,
CUST00151,David Alexander,oenglish@example.net,001-252-216-4919,2026-05-06T17:10:00,True,ADDR00166,
CUST00152,Brian Chang,greyes@example.net,210-737-0194,2025-08-21T11:01:56,True,ADDR01472,
CUST00153,Stephen Hoffman,johnny51@example.net,8353353387,2025-08-22T05:09:21,True,ADDR01281,RING003
CUST00154,Shelby Thompson,allisonpowell@example.org,+1-978-906-7709x77809,2025-03-27T04:13:21,True,ADDR01036,
CUST00155,Steven Elliott,kelseymiller@example.org,333-417-9722x207,2025-05-06T09:05:13,True,ADDR00153,
CUST00156,Jennifer Jackson,smithchristopher@example.com,(829)754-2807,2025-11-13T19:15:20,True,ADDR00252,
CUST00157,Shawn Smith,thooper@example.com,455.656.2363,2026-05-14T09:48:26,True,ADDR01006,
CUST00158,Emily King,catherinedavis@example.org,358-517-7698x08474,2025-07-15T11:34:05,True,ADDR01848,
CUST00159,Erik Miller,nicholskelly@example.org,(608)254-5786,2025-05-19T06:47:00,True,ADDR00591,
CUST00160,Sara Mason,donaldstevens@example.net,984-236-2643x57905,2026-01-25T05:20:02,True,ADDR01800,
CUST00161,Allison Becker,lchapman@example.org,699-938-3381,2025-07-16T15:43:48,True,ADDR00356,
CUST00162,Brianna Garcia,lisa38@example.org,737.636.9350,2025-09-09T01:02:45,True,ADDR00419,
CUST00163,Mark Hall,derrickmccullough@example.org,+1-717-555-3657,2026-04-28T22:39:01,True,ADDR01859,
CUST00164,Leah Wagner,wilsonandrew@example.net,5036106039,2026-01-21T03:10:21,True,ADDR01807,
CUST00165,Jason White,corypetty@example.org,539.433.3564x71643,2026-03-19T16:04:09,True,ADDR01322,
CUST00166,Cynthia Krueger,umayer@example.org,691.421.1378x93511,2025-07-06T07:24:59,True,ADDR00738,
CUST00167,Stephanie Howard,vpage@example.com,001-645-572-9453x375,2025-12-27T22:57:58,True,ADDR00126,RING001
CUST00168,Beth Beltran,samuel30@example.org,+1-488-923-2196x2192,2025-07-22T19:04:51,True,ADDR00245,
CUST00169,Regina Odom,christopher28@example.com,389-943-8065x3283,2026-05-21T13:55:17,False,ADDR01934,
CUST00170,Robert Smith MD,gonzalezrandy@example.org,001-586-326-0264x42928,2025-06-21T01:35:39,True,ADDR01084,
CUST00171,Gregory George,eric78@example.net,(788)494-2577,2026-03-18T19:52:17,True,ADDR00984,
CUST00172,Alexis Scott,frazierbrian@example.com,581.769.9509x299,2025-07-02T05:24:57,False,ADDR01408,
CUST00173,Janet Turner,rogersmichael@example.org,285.813.3673,2025-12-28T14:14:57,True,ADDR01962,
CUST00174,Mitchell Watson,fedwards@example.com,8023064761,2025-05-14T05:17:43,True,ADDR01143,
CUST00175,Monica Hoover,wanda78@example.net,001-284-708-8285,2025-06-02T16:19:40,True,ADDR01516,
CUST00176,Amanda Wilson,scotttorres@example.com,344.239.4263x002,2026-01-26T19:48:30,False,ADDR00053,
CUST00177,Steven Beasley,noconnor@example.com,684-256-2675x835,2025-11-11T04:27:46,True,ADDR00515,
CUST00178,Noah Thompson,norma54@example.com,001-334-253-0099,2025-07-05T08:02:57,True,ADDR01852,
CUST00179,Bradley Harper,yvilla@example.net,(783)696-0023,2026-05-13T01:34:32,True,ADDR01096,
CUST00180,Joseph Petersen,farleybrenda@example.net,+1-539-851-4681x49203,2025-05-11T11:34:53,True,ADDR00787,
CUST00181,Destiny Green,nelsonjennifer@example.com,(365)248-1378,2025-02-06T20:27:15,True,ADDR01526,
CUST00182,Connor Escobar,zarmstrong@example.net,001-482-662-9957x295,2025-02-25T03:44:58,True,ADDR01302,
CUST00183,Ricardo White,chadsutton@example.net,480.888.8519,2025-11-19T22:22:42,False,ADDR01295,
CUST00184,Darrell Becker,munozkeith@example.org,577-471-2443x0082,2026-04-04T12:41:53,True,ADDR00862,
CUST00185,Craig Bolton,melissajones@example.net,217-238-4787,2025-01-21T13:42:55,True,ADDR01486,
CUST00186,Stephanie Garcia,luis24@example.net,+1-334-465-5756x86027,2026-04-08T02:21:13,True,ADDR01772,
CUST00187,Jonathan Jackson,timothywillis@example.com,+1-477-917-5306x1113,2025-12-13T07:41:31,True,ADDR00497,
CUST00188,Bonnie Rodriguez,qmorris@example.org,001-728-976-4918x4960,2025-03-21T13:37:01,True,ADDR01244,
CUST00189,Paul Wright,hutchinsonkenneth@example.com,(468)627-1985,2025-02-19T14:27:52,True,ADDR00302,
CUST00190,Matthew Carroll,rrojas@example.org,(361)861-4893,2026-04-10T06:19:56,True,ADDR01006,
CUST00191,Jason Allen,uhardin@example.com,298-598-3826,2025-01-29T17:14:48,True,ADDR01288,
CUST00192,Jack Montgomery,lisadaniel@example.net,338.818.6096,2025-11-26T21:44:21,False,ADDR00019,
CUST00193,Joshua Obrien,gregorygarcia@example.net,(439)582-9823x2073,2025-07-26T19:26:54,True,ADDR01583,
CUST00194,Franklin Meyers,dsandoval@example.net,982-793-5768x6029,2026-03-28T12:22:20,False,ADDR00717,
CUST00195,Zachary Gutierrez,jessicaho@example.org,+1-851-794-3174,2025-05-08T22:02:34,True,ADDR00221,
CUST00196,Mrs. Deborah Campbell MD,warrenkathleen@example.net,339.626.4905,2025-05-29T08:41:59,False,ADDR00285,
CUST00197,Donna Bates,hturner@example.net,+1-908-922-5135,2025-01-02T06:42:56,True,ADDR00091,
CUST00198,Lauren Warren,martinezkrista@example.com,+1-944-640-0972x768,2025-02-10T22:27:33,True,ADDR01560,
CUST00199,Natasha Reed,ssoto@example.net,(610)932-2673,2025-05-09T04:53:40,True,ADDR00985,
CUST00200,Holly Thompson,ronaldkline@example.com,901-414-5777x46047,2026-04-28T07:58:52,True,ADDR01662,
CUST00201,Caitlin Baldwin,matthew95@example.net,803-321-9318x888,2026-02-02T05:53:05,True,ADDR01617,
CUST00202,Melissa Bradley,zfuller@example.org,9367291148,2025-04-14T19:40:56,True,ADDR01309,
CUST00203,Derek Avila,lowedavid@example.net,908-666-8736x5424,2025-02-16T15:56:00,True,ADDR00354,
CUST00204,Marcus Cox,middletonjulia@example.net,001-864-433-6284x28566,2025-03-04T02:20:43,True,ADDR01820,
CUST00205,Wendy Wilcox,morganfrank@example.net,+1-946-233-4988,2026-04-25T07:33:50,True,ADDR01438,
CUST00206,Madeline Nolan,chaneydiana@example.net,(566)704-9382,2025-10-16T21:11:48,False,ADDR00289,
CUST00207,Michael Lopez,jrocha@example.com,001-937-496-9669x69214,2026-04-26T09:15:02,True,ADDR00947,
CUST00208,Alex Harris,seth00@example.com,760.411.4507x95731,2026-04-25T22:14:20,True,ADDR00780,
CUST00209,Jennifer Thompson,nball@example.net,+1-985-518-9394x40899,2025-12-18T14:10:05,True,ADDR01304,
CUST00210,Jesus Koch,michaelandrews@example.org,738.422.0137,2025-05-08T07:48:52,False,ADDR00536,
CUST00211,Benjamin Price,susan74@example.org,672-613-1770x7544,2026-05-18T19:07:48,False,ADDR00127,
CUST00212,Destiny Evans,zwright@example.com,(572)910-8961x530,2025-08-05T03:13:38,True,ADDR00174,
CUST00213,Mrs. Jessica Murphy,pgarcia@example.org,544.730.0722x39036,2025-07-19T22:03:50,True,ADDR00280,
CUST00214,Timothy Swanson,allen43@example.org,(645)949-9477x24667,2026-01-05T11:25:22,True,ADDR01315,
CUST00215,Abigail Bennett,henrymitchell@example.net,679.655.4446x58192,2025-05-12T17:11:54,True,ADDR01001,
CUST00216,Christopher Harrell,brownjulia@example.com,773.916.4110x25666,2026-02-19T04:41:23,True,ADDR01729,
CUST00217,Megan Bush,christy42@example.org,561.825.5364x93190,2025-10-02T22:22:57,True,ADDR00139,RING007
CUST00218,Cathy Ponce,soneal@example.com,(546)766-2612,2026-02-07T23:29:15,True,ADDR00348,
CUST00219,Emily Leblanc,jasontanner@example.net,871.255.8750x615,2025-09-08T03:35:06,True,ADDR01727,
CUST00220,Dawn Stanley,gilescharles@example.com,(701)949-7788x8290,2026-04-11T17:46:17,True,ADDR01452,
CUST00221,Michael West,zimmermanscott@example.org,(354)509-2009,2025-09-09T09:37:08,True,ADDR01998,
CUST00222,Roy Wilson,tom81@example.net,001-770-338-2519,2025-12-06T06:51:20,True,ADDR01429,
CUST00223,Jack Erickson,oduncan@example.com,2544415415,2026-01-16T10:07:03,True,ADDR01544,
CUST00224,Michael Williams,brittany93@example.net,7476251574,2026-01-27T08:18:52,True,ADDR01247,
CUST00225,Anthony Reynolds,jennifernichols@example.com,705-439-3817x937,2025-01-23T07:16:55,True,ADDR00471,
CUST00226,Julia Vasquez,coopertyler@example.com,+1-227-225-2850x192,2026-01-07T03:57:51,True,ADDR01022,
CUST00227,Aaron Ruiz,david41@example.org,(470)538-0984,2026-04-12T16:04:02,True,ADDR01352,
CUST00228,David Baldwin,brianhamilton@example.org,(417)559-4285x08405,2025-06-12T07:35:10,True,ADDR01738,
CUST00229,Geoffrey Wood,brownnicholas@example.net,001-867-710-5421x03863,2025-01-13T07:49:15,True,ADDR00890,
CUST00230,Tamara Mendez,kimberly12@example.org,+1-733-298-9737,2026-05-02T00:32:23,False,ADDR01475,
CUST00231,Alexandria Moore,ahernandez@example.org,853.814.5797x3282,2026-04-01T15:34:38,True,ADDR00756,
CUST00232,Kendra Bennett,tina63@example.org,298.283.3659,2026-06-07T11:09:22,True,ADDR00559,
CUST00233,Tina Owens,scott54@example.net,954.378.9607,2025-01-04T10:48:10,True,ADDR00649,
CUST00234,April Garcia,laura75@example.net,001-651-481-5684x7472,2025-06-28T13:22:31,True,ADDR01674,
CUST00235,Laura Nash,westkimberly@example.net,392-912-9141,2025-07-03T14:28:42,True,ADDR01998,
CUST00236,Kristen Liu,mistybeasley@example.org,001-548-265-0535x4704,2025-12-03T19:50:03,True,ADDR01656,
CUST00237,Ryan Taylor,lynnjennifer@example.net,302.572.8961,2025-04-14T14:09:26,True,ADDR01792,
CUST00238,Gabrielle Simpson,lunajeffrey@example.org,+1-463-528-5795x605,2026-03-05T09:25:33,True,ADDR01572,
CUST00239,Tracy Garcia,courtney89@example.net,944-751-6028x641,2026-05-07T10:50:54,True,ADDR01268,
CUST00240,James Brown,paulwilson@example.com,413.259.1889,2025-01-12T17:04:50,True,ADDR00872,
CUST00241,Joshua Welch,ryan41@example.com,604-201-6120x3849,2025-06-14T06:15:18,True,ADDR00859,
CUST00242,Erik Sherman,michael63@example.org,650.786.4340,2025-12-30T12:12:27,True,ADDR01386,
CUST00243,Brittany Allen,kellynavarro@example.net,+1-981-527-2267x019,2025-01-14T06:36:05,True,ADDR00805,
CUST00244,William Sanchez,bakerjon@example.net,001-765-263-1594,2025-03-05T14:29:43,True,ADDR00669,
CUST00245,Gregory Sims,logannancy@example.org,816.342.0197x842,2025-02-14T05:26:49,False,ADDR00179,
CUST00246,Mr. Thomas Cooper,amy95@example.net,(627)928-8792,2025-04-11T14:37:32,True,ADDR00596,
CUST00247,Alyssa Martinez,hilljohn@example.net,9648538611,2025-04-17T05:43:33,True,ADDR01359,
CUST00248,Jeffery Villa,wilsonnicole@example.net,+1-963-432-1412,2026-05-25T01:32:47,True,ADDR01718,
CUST00249,Raven Briggs,egarza@example.org,+1-277-892-5564x51361,2026-02-13T20:45:02,False,ADDR00213,
CUST00250,Ronald Holt,hawkinsjames@example.com,2694821899,2025-04-12T11:35:59,True,ADDR01608,
CUST00251,Kristy Mills,kimberlyfrost@example.com,(526)712-0851,2026-03-29T09:14:29,True,ADDR00708,
CUST00252,David Green,martinezjason@example.com,456-508-0661,2025-09-29T02:34:29,True,ADDR01028,
CUST00253,Brendan Ortega,joseharmon@example.com,(306)713-8203x86290,2026-05-07T19:44:59,True,ADDR01243,
CUST00254,Richard Swanson,fmueller@example.com,351.720.6083,2025-10-18T02:33:49,True,ADDR00831,
CUST00255,Joseph Snyder,karenmoore@example.org,842-864-8094,2025-08-03T16:50:19,True,ADDR00323,
CUST00256,Tabitha Wilson,vdaniel@example.net,001-631-553-8723x114,2025-12-18T23:27:17,True,ADDR00964,
CUST00257,Anna Williams,kristinstevens@example.com,001-994-875-3636x76782,2026-04-04T19:37:37,True,ADDR01936,
CUST00258,Michelle Webb,dwayne68@example.com,611-946-4184x9816,2025-12-14T09:34:20,True,ADDR01686,
CUST00259,Bryan Roman,aliciakim@example.net,364-675-8473,2026-06-14T13:44:43,True,ADDR00855,
CUST00260,Katherine Christensen,stanleydawn@example.net,001-723-593-2043,2025-09-08T16:22:50,True,ADDR01585,
CUST00261,Joel Ramirez,brownmelissa@example.net,281-530-4289,2026-01-13T08:43:37,True,ADDR00458,
CUST00262,Carly Gregory,tbaker@example.net,001-745-869-4435x04492,2026-03-12T01:35:43,True,ADDR00517,
CUST00263,Kristen Brewer,russelllindsay@example.com,(493)668-7087x682,2025-10-01T21:18:33,True,ADDR01637,
CUST00264,Melissa Lewis,colemankelly@example.net,(806)894-0825x971,2025-05-01T03:59:53,True,ADDR01536,
CUST00265,Jesus Horne,daviserik@example.com,(348)212-2737x9966,2025-05-13T10:57:21,True,ADDR00350,
CUST00266,Misty Swanson,jenniferburnett@example.net,985-937-0254,2026-03-04T19:49:49,True,ADDR01922,
CUST00267,Monique Flowers,laurenwade@example.com,643-324-1844x75195,2025-12-22T17:05:23,True,ADDR00859,
CUST00268,Ryan Ramirez,derek86@example.org,526-997-0020x0635,2026-05-13T06:36:49,False,ADDR01732,
CUST00269,Courtney Hubbard,danielle18@example.com,(301)925-9145x2072,2026-01-17T23:19:45,True,ADDR01352,
CUST00270,Jerry Carrillo,lopezjoseph@example.net,(820)869-1214x6229,2025-05-12T23:07:03,True,ADDR01583,
CUST00271,Rebecca Oconnell,mendozaamber@example.org,001-888-849-1003x9984,2026-01-09T01:20:31,True,ADDR01745,
CUST00272,Carolyn Norman DDS,maria04@example.net,+1-911-528-0914,2025-05-17T01:08:30,True,ADDR01300,
CUST00273,Sean Taylor,mark50@example.com,+1-978-647-2736x96749,2026-06-17T13:29:19,True,ADDR01153,
CUST00274,Erika Herrera,harry57@example.com,001-234-298-2699x265,2025-09-12T13:48:07,True,ADDR00877,
CUST00275,Theresa Edwards,gilbertkaren@example.com,6434328623,2026-04-30T19:25:47,True,ADDR00429,
CUST00276,Kathy Meyer,ismith@example.com,001-750-567-6963x7253,2026-06-12T02:49:59,True,ADDR00522,
CUST00277,Megan Hampton,kathy89@example.com,001-791-545-5918x549,2026-03-14T20:52:03,True,ADDR01947,
CUST00278,Leslie Morales,yangrachel@example.net,+1-497-784-7561x94705,2025-02-16T18:35:32,True,ADDR00292,RING007
CUST00279,David Freeman,ecole@example.org,+1-924-985-2271x68886,2026-02-06T13:42:31,True,ADDR01362,
CUST00280,Danielle Cunningham,unielsen@example.org,337.449.5455,2025-12-06T22:30:40,False,ADDR00078,
CUST00281,Joshua Stevens,wjacobs@example.com,253.319.3551x061,2025-07-23T16:17:16,True,ADDR01148,
CUST00282,Candace Smith,campbelljeffrey@example.com,001-629-997-0489,2026-03-20T00:05:41,True,ADDR00702,
CUST00283,Lori Freeman,teresa76@example.net,+1-467-521-4238x08861,2025-04-11T02:55:22,True,ADDR01928,
CUST00284,Katrina Rivera,james76@example.net,+1-660-529-1011,2026-03-15T06:02:40,True,ADDR00850,
CUST00285,Megan Gonzales,scott03@example.com,870-830-2002,2025-09-06T16:16:51,True,ADDR00963,
CUST00286,Mark Suarez,lpowell@example.net,(472)805-1067,2026-02-27T00:55:23,True,ADDR01423,
CUST00287,Kayla Mccoy,hoffmanian@example.org,807-679-2430x33431,2025-06-06T16:15:54,True,ADDR01449,RING007
CUST00288,Jonathan Smith,matthewjohnson@example.com,+1-859-716-0928x3526,2026-01-10T10:31:02,True,ADDR01246,RING002
CUST00289,Justin Mueller,thompsonkristina@example.com,001-386-450-8730,2025-09-17T04:47:39,True,ADDR00508,
CUST00290,Adam Mora,tanya32@example.org,771.847.1285x9918,2025-11-21T01:44:31,False,ADDR00583,
CUST00291,Paula Jones,merickson@example.org,+1-813-451-5672x4006,2025-12-04T09:32:41,True,ADDR00268,
CUST00292,Kayla Lamb,dtownsend@example.org,566-694-9098,2025-07-30T14:02:06,False,ADDR00045,
CUST00293,Chloe Collier,alan74@example.org,719.757.4790x17328,2025-04-20T07:32:01,False,ADDR00726,
CUST00294,Justin Mccullough,reedvanessa@example.net,(957)365-8156,2025-07-11T03:02:13,True,ADDR01620,
CUST00295,Kelly Griffin,gentrygregory@example.net,848-559-1717x484,2025-11-13T14:31:40,False,ADDR01813,
CUST00296,Joanne Hubbard,teresa30@example.net,477-851-4033,2026-04-11T02:46:57,True,ADDR01080,
CUST00297,Adrian Morris,austinnguyen@example.com,(787)419-8665x5714,2025-05-27T16:31:14,True,ADDR01016,
CUST00298,Lisa Barrera,yvetteoconnor@example.net,001-488-897-9973,2025-05-20T11:12:21,True,ADDR01068,
CUST00299,Paul Cummings,wrightvictoria@example.org,+1-905-728-0716x7237,2025-09-29T07:57:08,True,ADDR01848,
CUST00300,Debra Harrell,riveramelissa@example.org,001-543-604-5906,2025-05-27T11:38:38,True,ADDR01830,
CUST00301,Lawrence Summers,jameseric@example.net,+1-220-482-7078x79891,2026-01-30T06:08:25,False,ADDR01417,
CUST00302,Jerry Smith,colleenschneider@example.net,798-710-4849x7364,2026-04-22T02:36:32,False,ADDR00210,
CUST00303,Stephanie Williams,powersaaron@example.net,438.594.5588x704,2025-10-26T17:18:49,False,ADDR00175,
CUST00304,Alison Gonzalez,cortezronald@example.com,345-961-7814,2025-06-07T03:44:58,True,ADDR00503,
CUST00305,Jeffrey Wallace,michaelrodriguez@example.net,(868)892-1569x8255,2026-06-11T03:10:53,True,ADDR01512,
CUST00306,Ashley Cruz,ashley19@example.org,001-683-234-3773,2025-10-18T06:21:35,True,ADDR01034,
CUST00307,Mike Harris,ryan24@example.org,(254)239-6914x2532,2026-02-15T23:54:09,True,ADDR00178,
CUST00308,Eugene Johnson,rsmith@example.org,+1-627-839-6539x2719,2025-11-22T22:38:30,True,ADDR00512,
CUST00309,Christopher Hogan,reevesalex@example.org,+1-930-450-8734,2025-11-30T21:38:32,False,ADDR01772,
CUST00310,Keith Gregory,pgarcia@example.org,001-871-945-4003,2026-06-10T19:53:17,False,ADDR00371,
CUST00311,Carla Chandler,kara84@example.net,207-575-2298x59567,2025-06-04T17:39:55,False,ADDR01239,
CUST00312,Lisa Martin,amy04@example.com,+1-548-286-4552x645,2026-03-06T18:43:43,True,ADDR00966,
CUST00313,Kimberly Vega,mayers@example.com,(965)661-7806x1948,2025-05-03T23:46:44,True,ADDR01498,
CUST00314,Amanda Palmer,paula12@example.net,517-659-5927x71201,2025-01-25T09:37:11,True,ADDR00137,
CUST00315,Barbara Williams,kevin51@example.com,638-520-7253,2025-11-19T17:33:33,True,ADDR01905,
CUST00316,Julie Thomas,kzimmerman@example.com,(203)622-7120x9626,2025-11-17T22:31:22,True,ADDR02000,
CUST00317,Emily Peterson,michaelsteele@example.org,8079362290,2025-12-27T05:26:05,True,ADDR00938,
CUST00318,Isabella Ross,martinezjeffery@example.com,848-219-1498x7020,2025-11-20T03:30:23,True,ADDR01748,
CUST00319,Diana Hogan,mitchell77@example.net,+1-673-537-4372,2025-12-21T07:04:14,True,ADDR01955,
CUST00320,Judy Stevens,normaweber@example.com,220.414.6984x405,2025-09-28T18:15:41,True,ADDR00732,
CUST00321,Julie Williams,frankhudson@example.org,(355)374-4943x970,2025-02-15T04:24:55,True,ADDR01265,
CUST00322,Anthony Solomon,ginaliu@example.net,(561)231-3120x274,2026-01-27T16:10:01,True,ADDR01843,
CUST00323,Monica Jones,margaret54@example.org,001-634-370-1624,2026-06-25T10:50:02,True,ADDR00678,
CUST00324,Erica Morton,jordanclark@example.com,449-713-2831x30387,2025-03-28T05:55:19,True,ADDR00734,
CUST00325,Jeffrey May,peggy03@example.org,(766)784-9512x361,2025-04-19T12:23:03,True,ADDR00104,
CUST00326,Frank Norman,jessica23@example.net,328-376-3833x6728,2026-03-22T23:49:56,True,ADDR00419,
CUST00327,Pamela Bishop,karen13@example.com,(756)312-6043,2025-07-02T13:27:00,True,ADDR00421,
CUST00328,Melody Quinn,patelapril@example.org,001-990-671-0576,2026-04-26T05:21:59,True,ADDR01101,
CUST00329,Katherine Garcia,lindsayenglish@example.org,540.286.6292,2025-05-30T05:45:43,True,ADDR00278,
CUST00330,Joshua Harrison,carly64@example.com,680-710-6237x3224,2026-05-23T01:05:42,True,ADDR00387,
CUST00331,Shannon Simmons,ayersmatthew@example.org,204.644.9633,2025-06-09T19:55:26,True,ADDR00169,
CUST00332,Amanda Ruiz,stephanie01@example.net,001-578-330-4963x38338,2025-02-24T05:46:55,True,ADDR01527,
CUST00333,Adrienne Zamora,bstewart@example.net,8178656180,2026-02-08T21:54:13,True,ADDR01342,
CUST00334,Rhonda Thomas,richard53@example.com,(992)914-9597,2025-01-23T03:07:36,True,ADDR01530,
CUST00335,Daniel Smith,rodriguezrobert@example.net,001-660-395-0624x362,2025-10-20T10:46:05,True,ADDR00294,
CUST00336,Amy Gardner,jenniferfernandez@example.net,994-407-1180x2278,2025-04-18T15:57:45,True,ADDR00886,
CUST00337,Nicole Hopkins,mitchellrebecca@example.org,(594)920-8177x87384,2025-01-12T00:48:51,True,ADDR00866,
CUST00338,Jessica Dorsey,reedcraig@example.com,9167352044,2025-03-24T10:17:15,True,ADDR00577,RING006
CUST00339,Billy Garcia,emilycampbell@example.org,(436)361-3794,2025-08-19T15:37:06,True,ADDR00253,
CUST00340,Matthew Fisher,ddickson@example.com,557.355.0203x45255,2026-01-06T21:28:06,True,ADDR01039,
CUST00341,William Colon,tcallahan@example.com,244.935.0258x3163,2025-11-23T06:35:20,True,ADDR00220,
CUST00342,Christopher Berry,andrewsmichael@example.org,001-793-638-6165x4183,2025-07-10T01:13:47,True,ADDR01152,
CUST00343,Shane Monroe,vanessa43@example.net,001-632-387-6550x118,2026-05-29T08:06:58,True,ADDR00523,
CUST00344,Yvette Marks,jeffscott@example.com,+1-855-816-3475x008,2026-03-26T15:27:27,True,ADDR01428,
CUST00345,Devin Morgan,hannah06@example.com,7524805982,2025-05-16T08:31:58,True,ADDR00112,
CUST00346,Tina Ray,qjuarez@example.net,973-626-1993,2025-12-06T06:12:41,True,ADDR00110,
CUST00347,Melissa Wilson,hday@example.com,001-336-305-7319x658,2026-01-07T06:18:06,True,ADDR01690,
CUST00348,Todd Hinton,lpruitt@example.net,439.226.6671,2025-05-11T06:41:28,True,ADDR00707,
CUST00349,Linda Taylor,nmathews@example.net,811-754-9702,2025-06-27T18:48:54,True,ADDR00323,
CUST00350,Andrew Martin,kellyolson@example.com,+1-450-653-7162x5777,2025-10-08T13:42:42,True,ADDR01588,
CUST00351,Gabriel Davis,hernandezgregory@example.com,(731)792-9638,2025-12-19T14:15:11,True,ADDR00423,
CUST00352,Patricia Long,brendarivera@example.com,564-514-7297x44632,2025-05-05T21:40:44,True,ADDR00229,
CUST00353,Anthony Farmer Jr.,jamescarter@example.net,815.741.5014,2026-02-22T02:38:48,True,ADDR00371,
CUST00354,Sharon Hicks,tweeks@example.com,001-601-879-1961x793,2026-03-11T10:50:26,True,ADDR01570,
CUST00355,Kevin Gibbs,willisjames@example.net,743.851.0474,2026-04-05T14:50:52,True,ADDR00174,
CUST00356,Devin Brown,vwilliams@example.org,5934039722,2026-04-03T20:29:38,True,ADDR01695,
CUST00357,Michael Hammond,sthornton@example.org,001-216-893-3832,2026-04-14T15:15:59,True,ADDR00615,
CUST00358,Jeffrey Brown,joseph95@example.org,001-221-960-9090x170,2025-10-26T08:00:49,True,ADDR00170,
CUST00359,Frank Mcclain,lopezmiguel@example.net,001-431-555-1717x9823,2026-05-01T09:44:22,True,ADDR00684,
CUST00360,Eric Blanchard,laurenhenderson@example.org,001-658-708-5884x11326,2026-06-29T00:14:00,True,ADDR01535,
CUST00361,Bradley Burgess,taylorjohnson@example.org,607.642.4362,2025-11-02T16:55:57,True,ADDR00643,
CUST00362,Shannon Delgado,punderwood@example.net,267-499-4218x53225,2025-08-20T20:56:58,True,ADDR00601,
CUST00363,Robin Garner,drichard@example.net,622.714.7175,2025-09-07T15:53:02,True,ADDR01572,
CUST00364,Denise Barker,michaelabbott@example.net,2384256373,2026-03-30T17:52:54,False,ADDR01689,
CUST00365,Aaron Chen,mpotts@example.org,+1-451-801-4910x64998,2025-02-26T08:26:08,True,ADDR00529,
CUST00366,David Moreno,fmarquez@example.com,6565724698,2025-08-24T11:17:36,True,ADDR00348,
CUST00367,Deborah Morales,katrinahamilton@example.org,(688)894-1937,2026-02-13T19:17:41,True,ADDR01795,
CUST00368,Robert Swanson,gbrown@example.org,(944)428-8731x9059,2025-10-11T21:00:28,True,ADDR01103,
CUST00369,Dr. Luke Brown Jr.,erin78@example.com,264.716.9644x62105,2025-01-08T06:01:33,True,ADDR01012,
CUST00370,Jacqueline Perez,youngmark@example.net,916-962-2060,2026-04-02T15:40:07,True,ADDR01029,
CUST00371,Carl Nichols,melissaclark@example.org,875-480-8875,2026-04-11T08:20:14,True,ADDR01000,
CUST00372,Ronald Phillips,barbaralucas@example.com,+1-355-317-5870x74520,2025-02-04T23:49:44,True,ADDR01566,
CUST00373,Emily Gray,wellsmichael@example.com,+1-310-737-6399x9020,2025-08-22T23:54:54,True,ADDR01403,
CUST00374,Ashley Martinez,carterkimberly@example.com,001-680-978-7334,2025-02-03T18:40:29,True,ADDR01923,
CUST00375,Shannon Taylor,bbrady@example.com,+1-286-509-0893,2026-06-12T10:46:59,True,ADDR01262,RING001
CUST00376,Corey Carter PhD,justin10@example.net,262-677-1725,2026-01-16T15:59:14,True,ADDR00868,
CUST00377,Shawn Alexander,dylan95@example.com,001-682-324-7411,2025-09-24T23:15:30,True,ADDR01315,
CUST00378,Amanda Smith,scottsmith@example.net,404-793-0733,2025-04-10T13:21:04,True,ADDR01522,
CUST00379,David Mason,diana09@example.net,(761)471-7155x252,2025-01-22T15:19:37,False,ADDR01429,
CUST00380,Raymond Olson,gstein@example.com,+1-897-434-1069x5565,2025-08-29T11:07:40,True,ADDR01416,
CUST00381,Heather Waller,brownjulia@example.com,001-654-532-0578x18418,2026-01-11T14:10:14,True,ADDR00946,RING003
CUST00382,Sue Jenkins,ymoore@example.com,622-707-1411,2026-05-09T09:50:19,True,ADDR00067,
CUST00383,Christie Williamson,kimberly62@example.org,001-333-369-5980x722,2026-06-29T12:35:01,True,ADDR00553,
CUST00384,Joseph Horn,garzadawn@example.org,001-346-381-2575,2026-06-07T16:09:11,True,ADDR00088,
CUST00385,Randall Holt Jr.,theresajohnson@example.com,6299946457,2025-03-17T22:04:57,True,ADDR00848,
CUST00386,Bryan Cook,kathrynburns@example.com,649.322.0936x449,2025-01-10T18:26:58,True,ADDR00611,
CUST00387,Leslie Anderson,smithkeith@example.net,724-722-5640x05696,2026-04-26T01:53:59,True,ADDR01204,
CUST00388,Timothy Reed,frankmurphy@example.org,+1-329-319-4326x645,2025-03-10T04:45:47,True,ADDR01404,
CUST00389,Michael West,anthonygardner@example.org,574.640.7939,2025-09-29T21:24:33,True,ADDR00550,
CUST00390,Tracy Chavez,tannerzachary@example.net,480.513.7304x9512,2025-05-18T20:35:46,True,ADDR01727,
CUST00391,David Howard,scottturner@example.net,592.823.4565x424,2026-05-19T00:05:00,True,ADDR00592,
CUST00392,Melanie Miller,halevictoria@example.org,7127966619,2026-06-02T19:03:58,True,ADDR01030,
CUST00393,Tyrone Vasquez,huangterri@example.org,001-988-690-2538x4864,2025-04-08T11:31:43,True,ADDR01781,
CUST00394,Jeffrey Hernandez,parker12@example.org,465-893-6917x12569,2025-11-07T09:19:06,True,ADDR01546,
CUST00395,Travis Hammond,erios@example.org,(861)842-7179x70838,2026-01-26T00:15:20,True,ADDR01842,
CUST00396,Jacqueline Sloan,qphillips@example.org,001-607-858-8768x975,2025-10-03T18:44:23,True,ADDR00185,
CUST00397,Rhonda Hall,gallowayrobert@example.com,+1-518-298-3183,2025-10-31T21:38:36,True,ADDR00867,
CUST00398,Brittany Santos,torreskaitlyn@example.com,+1-221-992-7663x03999,2025-02-24T13:18:03,True,ADDR01041,
CUST00399,Theresa Gonzalez,jonescory@example.com,863.866.3088x118,2025-12-30T13:56:32,True,ADDR01522,
CUST00400,Tyler Clark,kimmckinney@example.net,693.803.0581x03511,2025-10-11T08:28:13,True,ADDR00666,
CUST00401,Jose Soto,markmartinez@example.com,841.667.5597,2025-11-20T10:15:37,False,ADDR01388,
CUST00402,Caitlin Vang,trevor84@example.org,001-679-458-9484x52409,2025-11-19T00:23:13,True,ADDR00863,
CUST00403,Nathaniel Burton,rodriguezjennifer@example.org,290.838.0849x702,2025-08-23T04:40:05,True,ADDR01193,
CUST00404,Jesse White,kelli37@example.net,+1-610-620-8797x596,2025-07-06T00:51:42,True,ADDR01159,RING003
CUST00405,Mrs. Sandy Williams PhD,fgray@example.net,378-306-2896x4940,2025-07-05T14:58:18,True,ADDR01529,
CUST00406,Allen Davis,christianpope@example.org,(951)470-1438,2026-05-12T12:02:55,False,ADDR00835,
CUST00407,Justin Pearson,christophermendoza@example.com,+1-516-546-4316x271,2025-10-15T18:32:34,True,ADDR01165,
CUST00408,Brian Mann,smurphy@example.net,682-285-5350,2025-11-18T00:51:20,True,ADDR01425,
CUST00409,Christine Anderson,truiz@example.org,808.521.4723,2025-02-25T17:32:28,True,ADDR01857,
CUST00410,Matthew Osborne,tylerstefanie@example.net,2175471820,2025-09-17T14:20:05,True,ADDR01203,
CUST00411,Nicholas Anderson,osanchez@example.net,8363395103,2025-05-26T12:44:49,True,ADDR00385,
CUST00412,Robert Deleon,leonardgonzalez@example.com,001-503-669-9697x82937,2025-10-16T12:19:57,True,ADDR01857,
CUST00413,Shane Avila,ehoffman@example.net,001-258-627-9439x57204,2025-04-26T09:55:52,True,ADDR01047,
CUST00414,Patricia Adams,joannehicks@example.com,775.283.4610,2025-11-10T20:47:58,False,ADDR01244,
CUST00415,Zachary Robles DVM,willie76@example.org,(578)980-2706x47888,2025-03-05T07:43:15,True,ADDR00264,
CUST00416,Krista Smith,aowens@example.org,476.687.0672,2025-11-30T17:22:47,True,ADDR01314,
CUST00417,Mrs. Beth Pacheco,simmonscassandra@example.com,293-267-4495x0651,2025-08-31T06:03:07,True,ADDR00924,
CUST00418,Lauren Ramsey,luis12@example.org,(789)373-4525,2026-06-28T11:42:17,True,ADDR01557,
CUST00419,Peter Wilson,steelekathryn@example.org,927.265.3460x99248,2026-01-13T13:15:50,True,ADDR01188,
CUST00420,David Garcia,alyssagriffin@example.org,(565)598-9857,2026-01-10T04:11:21,True,ADDR01077,
CUST00421,Jacob Tyler,washingtonchristopher@example.org,460-647-6249,2026-01-30T03:53:05,True,ADDR01695,
CUST00422,Christina Mitchell,ronald81@example.org,417-545-4028x884,2025-06-03T22:39:30,False,ADDR00837,
CUST00423,Kimberly Fuentes,colealexander@example.org,653.881.2220,2025-06-24T08:21:56,False,ADDR00871,
CUST00424,Richard Lambert,adammoore@example.org,+1-991-680-6406x2161,2026-01-20T05:08:32,True,ADDR00332,
CUST00425,Shane Johnson,leecynthia@example.org,809-478-7305,2025-06-09T02:58:24,True,ADDR00533,
CUST00426,Joseph Smith Jr.,dmack@example.com,+1-483-462-7912x092,2025-05-23T07:08:28,True,ADDR01793,
CUST00427,Gregory Santiago,vkidd@example.com,461.886.3616,2026-03-14T14:30:52,True,ADDR00712,
CUST00428,Brandon Morrison,clarkbryan@example.net,(539)909-5910x083,2025-07-14T12:32:01,True,ADDR00865,
CUST00429,Stephen Powell,ronald98@example.net,+1-542-707-1738x36472,2025-04-04T14:18:31,True,ADDR00009,
CUST00430,Teresa Munoz,troybrown@example.org,582.722.6884x448,2025-11-11T20:34:46,True,ADDR00577,
CUST00431,Jane Norton,robert31@example.com,7397147589,2025-01-08T18:04:05,True,ADDR01472,
CUST00432,Mary Lopez,figueroadavid@example.com,001-753-621-6588x72208,2025-06-08T07:05:52,True,ADDR00800,
CUST00433,Ronald Barrett,andersonmichelle@example.org,921.934.2691x5128,2026-04-16T15:30:56,False,ADDR01543,
CUST00434,John Prince,vhall@example.net,+1-696-403-5659,2026-01-26T05:35:32,True,ADDR01691,
CUST00435,Cody Harris,lfrazier@example.net,(715)627-0800x05295,2025-12-29T11:44:57,True,ADDR00500,
CUST00436,Melissa Smith,johnsoncarol@example.com,962-696-3854x341,2025-01-14T04:31:00,True,ADDR01335,
CUST00437,Juan Phelps,scott97@example.org,810.358.8791x212,2026-06-03T08:26:07,True,ADDR00744,
CUST00438,Ann Gross,karen47@example.org,943-541-0546,2025-10-29T14:33:31,False,ADDR01664,
CUST00439,Alan May,xfinley@example.org,+1-235-766-7049x65779,2025-04-27T10:26:57,True,ADDR01615,
CUST00440,Keith Diaz,xpowell@example.net,(897)716-9096x597,2025-11-17T23:07:43,True,ADDR00025,
CUST00441,Megan Smith,lesliedaniels@example.org,(313)959-1022x088,2026-01-01T09:49:19,True,ADDR00855,
CUST00442,Kristen Green,sarahpineda@example.org,749-321-9159x2486,2025-10-02T00:23:56,True,ADDR01510,
CUST00443,Lisa Stewart,tonypeterson@example.org,+1-340-444-3430x984,2025-11-01T03:49:13,True,ADDR00766,
CUST00444,Megan Webb,butlererica@example.org,867.325.3936,2025-05-10T02:13:00,True,ADDR00593,
CUST00445,Jordan Stephens PhD,samuel46@example.com,+1-294-314-1120x756,2025-08-29T07:24:38,True,ADDR01067,
CUST00446,Kathleen Rodriguez,santosmary@example.com,+1-266-901-8210x87327,2025-08-20T10:32:15,True,ADDR00004,
CUST00447,Kelly Anderson,davissusan@example.net,001-280-507-8200x79753,2025-01-28T10:41:13,True,ADDR01717,
CUST00448,John Davis,mhunter@example.net,001-753-939-8490,2025-05-04T18:26:53,True,ADDR01525,
CUST00449,Teresa Tucker,donald45@example.org,(672)751-8815x0124,2025-06-19T07:50:38,True,ADDR00038,RING004
CUST00450,Adrian Hanna,toddlewis@example.org,(683)814-2286,2026-02-11T19:36:44,True,ADDR00632,
CUST00451,Kyle Robinson,qberger@example.org,001-711-332-1171x560,2025-08-25T14:16:00,True,ADDR00911,
CUST00452,Kaitlin Cummings,rachael47@example.net,(477)611-3213x67104,2025-06-10T19:06:30,True,ADDR00781,
CUST00453,Eileen Perkins,ywatkins@example.org,001-821-911-1908x8287,2025-04-09T21:30:18,True,ADDR00666,
CUST00454,Connie Gallagher,mark66@example.org,+1-907-489-4020x228,2025-09-23T06:46:44,True,ADDR00470,
CUST00455,Gary Baird,michaelhernandez@example.org,821.393.9596,2025-04-01T01:12:05,True,ADDR00166,
CUST00456,Melissa James,stanleyjacqueline@example.net,7923646672,2025-04-28T11:26:46,False,ADDR01415,
CUST00457,Tyrone Dawson,anne39@example.org,+1-521-546-4323,2026-02-24T11:07:37,False,ADDR00498,
CUST00458,George Perkins,michaelfinley@example.com,(908)221-2316,2025-11-30T10:07:32,True,ADDR01727,
CUST00459,Katherine Mendoza,jeremygraham@example.com,972-397-8768x8977,2026-03-29T14:09:34,True,ADDR01378,
CUST00460,Andrea Harris,laneamanda@example.org,960-369-6424,2025-11-17T20:20:48,True,ADDR01365,
CUST00461,Michael Ellis,kyle55@example.com,8425678062,2025-02-22T02:58:18,True,ADDR01355,
CUST00462,Amy Freeman,wstrickland@example.net,513.742.9686,2026-05-20T10:23:57,True,ADDR00410,
CUST00463,Christine Green,lchung@example.net,+1-761-970-7897x798,2025-02-19T18:26:37,True,ADDR01792,
CUST00464,Tina Rocha,jordanmelissa@example.net,7656695619,2026-05-25T10:08:24,True,ADDR00193,
CUST00465,Timothy French,jennifer59@example.org,001-594-803-4037x1540,2025-03-03T01:14:55,True,ADDR01030,
CUST00466,Emily Griffin,echen@example.org,307.847.5443x975,2026-04-14T06:48:12,False,ADDR01629,
CUST00467,Kathleen Hunter,smithsandy@example.org,(299)746-1685x90985,2025-06-12T09:52:00,True,ADDR01924,RING002
CUST00468,Brooke Carroll,cwilliams@example.com,(564)279-8603x5991,2025-10-26T23:45:37,True,ADDR00869,
CUST00469,Jonathan Holmes,tsanchez@example.net,001-482-407-2794x556,2026-05-21T14:14:43,True,ADDR00804,
CUST00470,Crystal Garcia,natalie26@example.net,524-284-9075x1601,2025-08-24T21:43:24,True,ADDR01263,
CUST00471,Jesse Lambert,ninaanderson@example.com,001-337-968-5903,2025-02-27T04:42:22,True,ADDR01039,
CUST00472,Jill Thompson,riverajennifer@example.net,545.810.4048,2025-11-18T16:14:13,True,ADDR00325,
CUST00473,Kelly Jones,rebeccareyes@example.net,7172169454,2026-03-28T16:10:42,True,ADDR00669,
CUST00474,Elaine Martinez,kimberlykelley@example.net,+1-992-626-2152,2025-01-08T21:35:59,True,ADDR00689,
CUST00475,Jessica Hunter,adam66@example.org,(963)863-8722x175,2026-01-17T15:09:34,True,ADDR01401,
CUST00476,Michelle Mason,harrisjeffrey@example.com,620-616-4386x6538,2025-05-15T09:33:39,True,ADDR01469,
CUST00477,Eugene Mendoza,itaylor@example.net,001-655-504-5776x778,2025-08-04T23:46:28,True,ADDR01232,
CUST00478,James Cantu,colemanrobert@example.net,+1-583-701-7673x155,2025-06-24T16:43:00,True,ADDR00064,
CUST00479,Michael Mitchell,ymeyer@example.net,755.379.7496x72892,2025-09-25T23:56:24,True,ADDR00448,
CUST00480,Colin Murray,mcguirevictoria@example.org,201-418-9637x1691,2026-06-02T12:37:58,True,ADDR00406,
CUST00481,Ruben Graham,jessica93@example.com,611.391.3106x742,2025-06-06T00:28:08,True,ADDR01352,
CUST00482,Russell Boyer,kelly47@example.org,001-843-773-0999x890,2025-09-24T09:02:58,True,ADDR00514,
CUST00483,Gary Sanchez,matthew92@example.com,(595)879-6661,2025-12-15T03:18:34,True,ADDR01412,
CUST00484,Melissa Hoffman,hnavarro@example.org,+1-732-695-2330,2025-11-18T23:47:20,True,ADDR00676,
CUST00485,Michelle Taylor,hillcathy@example.org,6414907914,2026-03-29T02:09:03,True,ADDR00201,
CUST00486,Hector Rogers,amanda92@example.com,578-261-7692x902,2025-07-13T19:28:48,False,ADDR00098,
CUST00487,Anthony Bell,james43@example.org,(630)985-7721,2026-01-25T09:22:46,True,ADDR00825,
CUST00488,Dakota Mendoza,carol13@example.org,+1-451-576-9829x90742,2025-12-21T05:58:17,True,ADDR00127,
CUST00489,Joshua Booth,carrmark@example.com,513.235.2140,2026-06-29T11:45:06,True,ADDR00258,
CUST00490,Matthew Peterson,gibsonmatthew@example.com,391.480.8522x690,2025-09-14T03:13:22,True,ADDR00816,
CUST00491,Jessica Perez,twood@example.org,271.893.7116,2026-04-29T13:49:53,True,ADDR01740,
CUST00492,Christopher Brown,ronald44@example.org,546-886-1056,2026-04-14T20:31:28,False,ADDR01110,
CUST00493,Eric Conley,kevin85@example.com,876.734.4785x180,2025-05-05T06:07:24,True,ADDR00729,
CUST00494,Douglas Woods,psmith@example.org,7172182562,2026-01-28T12:03:58,True,ADDR01228,
CUST00495,Sarah Chavez,carrsharon@example.org,858-560-9872x4373,2025-05-12T11:01:01,True,ADDR01030,
CUST00496,Sandy Edwards,amandafisher@example.net,(252)822-8096x5947,2025-02-27T08:25:18,True,ADDR01858,
CUST00497,Jane Wilson,lopezwilliam@example.net,(816)407-3449x81413,2026-04-02T00:21:43,True,ADDR00567,
CUST00498,Steven Gould,johnnystewart@example.org,001-833-724-8186x90069,2025-11-18T07:06:18,True,ADDR01018,
CUST00499,Judith Mccormick,bvillegas@example.net,329-595-3215,2025-07-11T03:29:07,True,ADDR00183,
CUST00500,Daniel Blanchard,hstone@example.net,+1-920-641-9023,2025-11-14T01:34:43,True,ADDR00174,
CUST00501,Anthony Flores,wendy19@example.org,2807949334,2025-11-18T12:13:54,True,ADDR00903,
CUST00502,Andrew Nelson,hintongary@example.net,870-876-9699x876,2026-01-30T16:29:21,True,ADDR00282,
CUST00503,James Stewart,mullinschelsea@example.org,950-753-9750x92418,2025-04-14T23:39:37,True,ADDR00342,
CUST00504,Patricia Medina,ambersoto@example.net,252-943-4103x61858,2025-10-28T09:09:07,True,ADDR01649,
CUST00505,Evelyn Freeman,craigware@example.org,953-482-8026x914,2026-05-25T03:37:48,True,ADDR01163,
CUST00506,Makayla Miller,jamesatkinson@example.org,833.214.1464x58502,2026-03-14T17:23:53,True,ADDR00551,
CUST00507,Sheila Huang,chrisgreen@example.net,962-704-1596,2025-04-12T18:46:01,True,ADDR00049,
CUST00508,Jeffrey Torres,gabriel77@example.net,+1-568-956-5688,2025-07-24T16:44:55,True,ADDR01151,
CUST00509,Patricia Johnson,umartinez@example.net,+1-419-736-3410x9458,2025-05-28T08:29:08,True,ADDR00608,
CUST00510,Catherine Adams,harrislance@example.net,661.763.7575,2025-07-18T20:39:20,True,ADDR01526,
CUST00511,Christopher Ford,khurley@example.org,(536)392-8552,2025-12-22T18:04:53,True,ADDR00656,
CUST00512,Andrew Gordon,ericshepherd@example.net,(926)853-7658x89102,2025-11-14T21:31:03,True,ADDR01657,
CUST00513,Brianna Jacobs,jeffersonphillip@example.org,001-377-847-3407x5789,2025-07-04T15:17:40,True,ADDR00158,
CUST00514,Brendan Hernandez,christopher52@example.net,+1-473-917-1479x70650,2025-12-06T08:57:14,True,ADDR01098,
CUST00515,Kelly Smith,james03@example.org,001-606-643-0956x44564,2025-01-13T18:45:28,True,ADDR00697,
CUST00516,Justin Coleman,laura58@example.org,(486)968-8949x174,2025-01-27T09:06:09,True,ADDR01960,RING001
CUST00517,Megan Fischer,ricenathaniel@example.com,881.424.7006x444,2025-03-12T05:15:06,True,ADDR01194,
CUST00518,Crystal Perkins,rodriguezdavid@example.com,755-541-1400x8901,2025-09-27T06:33:40,True,ADDR01218,
CUST00519,Stacy Jacobson,ehebert@example.com,857-546-0745,2025-12-11T13:18:09,True,ADDR01526,
CUST00520,Todd Lopez,debrawashington@example.com,(718)893-2427,2025-06-11T18:45:07,True,ADDR00291,
CUST00521,Troy Walker,ayoung@example.com,656-581-1835,2025-10-11T04:31:02,True,ADDR01334,
CUST00522,Mr. Jerome Hernandez,mjohnson@example.net,(733)880-4037,2026-04-05T03:53:07,True,ADDR01550,
CUST00523,Gregory Scott,paulroy@example.net,837.849.6642x899,2025-01-12T20:33:37,True,ADDR00786,
CUST00524,Patricia Green,johnsonalicia@example.net,001-761-919-0118x35294,2025-08-10T04:37:39,False,ADDR01187,
CUST00525,Lauren Sullivan,amanda92@example.net,654.606.5996,2025-12-24T00:57:20,False,ADDR01305,
CUST00526,John Curtis,hallmegan@example.net,491.939.0970x685,2025-03-24T09:23:43,True,ADDR00785,
CUST00527,Christopher Daniels,charlottehanson@example.net,(504)307-3206x322,2026-06-06T10:57:34,True,ADDR00671,
CUST00528,Jeremiah Wade,stephen45@example.net,+1-563-314-8571,2026-02-17T11:32:37,True,ADDR00071,
CUST00529,Lisa Williams,molly88@example.net,598-325-0178x53491,2025-12-07T11:16:00,True,ADDR00086,
CUST00530,Robert Robinson,ginasilva@example.net,630.565.4200x221,2025-04-19T15:04:46,False,ADDR01370,
CUST00531,Kayla Benson,jacob73@example.org,(481)443-5453x71224,2025-06-23T14:14:32,True,ADDR01758,
CUST00532,Nicole Hoffman,jessicajohnson@example.com,688-932-7616x36493,2025-06-16T17:37:44,True,ADDR01459,
CUST00533,Mary Vance,jose38@example.com,001-980-259-7395x69901,2025-03-19T19:49:25,True,ADDR01125,
CUST00534,Mary Barnes MD,johnsonkeith@example.com,323-262-3406x0066,2025-01-09T20:38:01,True,ADDR00324,
CUST00535,Emily Gonzalez,joseph63@example.org,(515)341-9019x19415,2026-04-25T20:43:42,True,ADDR01184,
CUST00536,Kendra Smith,cortezmelissa@example.com,915.432.7988,2026-01-06T06:59:55,True,ADDR01746,
CUST00537,Michael Rivera,laura02@example.com,814.825.4245x19576,2025-12-10T23:47:44,True,ADDR00451,
CUST00538,Robert Vega,bruce78@example.org,+1-502-325-4983,2025-06-04T19:59:13,True,ADDR00036,
CUST00539,Angela Navarro,ronald57@example.com,903.260.6585,2025-08-18T07:38:12,True,ADDR00458,
CUST00540,Ashley Simpson,lisa75@example.net,391.567.2264x3386,2025-06-23T19:43:31,True,ADDR01031,
CUST00541,Paul Hernandez,vcrawford@example.com,+1-944-511-3549x740,2025-10-08T20:39:39,True,ADDR00769,
CUST00542,Michael Kennedy,qwoods@example.com,569-794-2271,2025-12-24T07:01:59,True,ADDR00002,
CUST00543,Shane Johnson,erinthomas@example.com,(905)748-4568,2026-05-04T12:02:26,True,ADDR01187,
CUST00544,John Sandoval,markanderson@example.net,852.392.1771x9006,2025-11-12T01:31:33,True,ADDR00712,
CUST00545,Claudia Gaines,gentrytimothy@example.com,564.260.2319x73108,2026-01-16T21:24:47,True,ADDR00668,
CUST00546,Diane Oconnor,corey35@example.org,622-537-9954x776,2025-05-31T12:26:45,True,ADDR01719,
CUST00547,Stephen Montoya,morgan20@example.com,001-612-414-6098x24221,2026-01-07T12:27:37,False,ADDR01002,RING005
CUST00548,Samantha Williams,morrisjessica@example.net,(337)566-4624x1467,2025-10-31T18:30:38,True,ADDR00534,
CUST00549,James Scott,phanson@example.com,001-536-291-9491x524,2026-04-12T20:08:06,True,ADDR00413,
CUST00550,Jordan Anderson,sanchezglenn@example.org,552-262-8051,2025-07-15T03:46:50,True,ADDR00804,
CUST00551,Jacqueline Cruz,shawnsmith@example.com,426-784-2374,2026-04-04T12:48:06,True,ADDR00012,
CUST00552,Charles Martin,ngriffin@example.org,(667)840-7702x08771,2025-07-30T03:20:37,True,ADDR00700,
CUST00553,John Whitney,wanda44@example.net,515-572-6014x03584,2026-03-04T00:06:30,True,ADDR01832,
CUST00554,Ryan Smith,andrewsjacob@example.com,(440)800-8799x5032,2025-07-07T06:11:02,True,ADDR01015,
CUST00555,Mr. Richard Weaver MD,parmstrong@example.net,(742)906-2605x684,2025-10-02T19:03:52,True,ADDR00103,
CUST00556,Patrick Wolfe,zclayton@example.com,454-952-0649,2025-11-30T00:34:22,True,ADDR01030,
CUST00557,Teresa Wood,xperez@example.net,233-866-8305,2025-05-05T22:03:03,True,ADDR00120,
CUST00558,Alan Williams,jennifer15@example.org,964.787.8399x83721,2025-04-17T02:22:45,True,ADDR00194,
CUST00559,Stephen Berg,fhiggins@example.org,863-670-3713x77041,2025-05-17T18:41:36,True,ADDR01641,
CUST00560,Stephanie Crosby,mitchellmartin@example.org,+1-383-855-4036x66150,2025-11-22T21:24:37,True,ADDR01807,
CUST00561,Bryce Ward,garciamitchell@example.org,822.206.2583,2026-01-20T17:45:59,True,ADDR00558,
CUST00562,Joseph Mcguire,william34@example.net,(430)721-2133x14569,2025-02-07T19:54:07,True,ADDR01833,
CUST00563,Steven Valdez,charlesjensen@example.net,(812)936-1068,2025-09-12T14:14:51,True,ADDR01155,
CUST00564,Diane Bond,emily90@example.com,001-314-263-9389x90931,2025-01-11T23:23:20,True,ADDR00627,
CUST00565,Mary Williams,theresa48@example.org,941.664.5060,2025-08-17T06:20:32,True,ADDR01597,
CUST00566,Katherine Pena,claudia52@example.org,352-893-5264,2025-09-03T01:02:37,True,ADDR01704,
CUST00567,Mary Bailey,jthomas@example.net,406.389.3884,2025-01-11T02:15:53,False,ADDR00957,
CUST00568,Rita Pratt,shannon07@example.org,(547)658-7566x347,2026-03-27T10:14:58,True,ADDR00145,RING008
CUST00569,Anthony Rice,jennifercarpenter@example.com,372.213.7454x6668,2025-01-28T02:59:45,True,ADDR01979,
CUST00570,Isabella Mckee,owenskimberly@example.net,412-731-2408,2026-01-29T09:14:46,True,ADDR01064,
CUST00571,Jerry Lewis,erinmorrow@example.net,001-281-864-2064x691,2025-11-01T20:30:42,True,ADDR00528,
CUST00572,Omar Brady,meghan59@example.net,+1-287-595-0267x039,2025-06-30T00:55:33,True,ADDR01553,RING003
CUST00573,Julie Thomas,andrea94@example.net,405.829.0966,2026-01-21T08:50:51,True,ADDR01492,
CUST00574,Kimberly Harrison,michael83@example.net,277-309-9885,2025-11-09T03:40:37,True,ADDR01730,
CUST00575,Corey Medina,kelleysamantha@example.com,8016461401,2026-03-22T15:14:31,True,ADDR00476,
CUST00576,Melissa Martinez,catherine08@example.com,631-706-3600x48181,2026-03-07T16:06:41,True,ADDR00067,
CUST00577,Ricky Thornton,james83@example.com,+1-763-771-7475x02661,2025-06-13T15:08:00,True,ADDR00215,
CUST00578,Jessica Harris,kbruce@example.org,404-431-0853,2025-09-04T23:08:44,True,ADDR01088,
CUST00579,Eric Walton,doliver@example.com,001-439-878-3036x34350,2026-01-22T15:52:00,False,ADDR00775,RING005
CUST00580,Heather Hill,ryan99@example.com,+1-895-272-2378,2025-04-22T10:07:52,True,ADDR00449,
CUST00581,Julie Thomas,johnstephens@example.org,885-951-4209x8462,2025-01-11T07:24:51,True,ADDR01965,
CUST00582,Emma Lyons,buchanancharlotte@example.org,995.727.6011x2374,2026-05-28T20:47:56,True,ADDR00258,
CUST00583,Amy Vargas,amanda38@example.com,276-716-2891,2026-05-24T13:21:03,True,ADDR00519,
CUST00584,Jill Goodman,clarkanthony@example.com,001-408-609-3190x0913,2025-10-06T10:12:50,True,ADDR00359,
CUST00585,Lucas Williams,brandyallen@example.net,+1-440-454-4873,2025-03-09T06:05:24,True,ADDR00213,
CUST00586,Molly Watts,judywhitaker@example.org,(794)800-3239x6179,2026-05-25T16:44:39,False,ADDR01194,
CUST00587,Craig Pearson,ldonovan@example.org,001-345-574-0728x1062,2025-10-02T11:20:44,True,ADDR01548,
CUST00588,Brandi Valencia,goodmichelle@example.net,(757)572-3446x3857,2025-01-12T04:26:40,True,ADDR01761,
CUST00589,Cheyenne Galloway,denniselliott@example.org,001-887-826-2878x122,2026-05-30T01:26:01,True,ADDR00341,
CUST00590,Anthony Carter,eeverett@example.net,797.449.8841,2025-05-21T22:18:39,True,ADDR00130,
CUST00591,Aaron Freeman,lewistheresa@example.com,(699)329-6184x8538,2026-04-28T16:37:23,True,ADDR00919,
CUST00592,William Lin,wilsonamanda@example.net,493.737.7640x3809,2026-04-03T23:26:54,False,ADDR01681,
CUST00593,Karen Dickson,browngabriel@example.com,222-917-1662x2478,2025-06-27T07:14:52,True,ADDR01400,
CUST00594,Vincent Mitchell,kelliewilson@example.com,836-875-1106,2025-07-11T18:35:48,True,ADDR00286,
CUST00595,Samuel Wheeler,timothywhite@example.net,8384776848,2025-12-14T16:57:16,True,ADDR01454,
CUST00596,Barbara Marks,gibsontimothy@example.org,8372692402,2025-10-30T07:00:24,True,ADDR00959,
CUST00597,Shaun Hicks,ztaylor@example.com,402-518-2101x88772,2026-05-07T11:26:07,True,ADDR00075,
CUST00598,Alyssa Shannon,eric06@example.net,489-746-1570x918,2026-02-11T16:23:31,True,ADDR00339,
CUST00599,Susan Mendoza,isaac55@example.net,363-475-6107,2025-02-25T04:09:48,True,ADDR00656,
CUST00600,Keith Bell,hensonlaura@example.com,(375)693-5891x207,2025-08-29T14:00:58,False,ADDR01600,
CUST00601,Michael Woods,pamelafowler@example.com,001-793-298-9840x5189,2026-03-15T04:59:04,True,ADDR00436,
CUST00602,Kelly Reyes,francis54@example.org,+1-354-679-2162,2026-01-01T08:36:16,True,ADDR01995,
CUST00603,Kayla Miller,zfrancis@example.org,+1-656-796-3296x303,2025-12-25T04:11:19,True,ADDR01094,
CUST00604,Kimberly Swanson,clarkkara@example.com,260-917-5142x4127,2026-06-28T11:45:12,True,ADDR01371,
CUST00605,Emily Singleton,brownmichelle@example.net,952.777.0877x10780,2026-02-15T03:31:02,False,ADDR00044,
CUST00606,Kathy Anderson,zfuller@example.org,556-679-1286,2025-11-13T11:44:10,True,ADDR00403,
CUST00607,April Christian,idiaz@example.org,(413)327-2550x221,2026-03-18T13:07:49,True,ADDR01415,
CUST00608,Kelly Reynolds,garyswanson@example.net,637-698-4040x328,2026-04-30T06:35:41,True,ADDR01298,
CUST00609,Sarah Curry,iwatson@example.net,548-472-1679,2025-12-14T18:01:51,True,ADDR01678,
CUST00610,Timothy Smith,rgarza@example.net,2753529315,2025-10-26T21:43:27,True,ADDR00370,
CUST00611,Jenna Warner,ybeltran@example.net,+1-609-709-3635x17332,2026-01-31T23:20:58,True,ADDR00497,
CUST00612,Dr. Adam Ashley,john66@example.net,287-859-8801,2026-01-02T13:17:46,True,ADDR00010,
CUST00613,Matthew Forbes,cathylara@example.org,+1-377-664-0656x023,2025-08-28T22:38:08,True,ADDR01912,
CUST00614,Alexis Hamilton,qmontoya@example.net,656.798.9223,2025-09-10T23:33:41,True,ADDR01129,
CUST00615,Theresa Washington,mcruz@example.org,(493)866-8601,2025-03-23T21:32:03,False,ADDR00458,
CUST00616,Robert Hughes,theresa59@example.org,(526)584-8291x449,2026-01-31T15:03:40,True,ADDR00963,
CUST00617,Michael Pham,youngjacqueline@example.org,651-419-0924x4965,2025-12-06T23:34:25,True,ADDR00699,
CUST00618,Cheryl Martin,brian98@example.com,001-564-336-3252x540,2025-12-18T07:50:53,True,ADDR00832,
CUST00619,Brian Glenn,jamiegarcia@example.com,(984)362-6715,2025-04-17T02:19:09,True,ADDR01215,
CUST00620,Susan Roberts,erikclark@example.com,284-203-2167x1823,2026-06-01T10:30:08,True,ADDR01603,
CUST00621,Arthur Moore,cynthia64@example.com,845.668.2811x528,2025-04-15T16:21:52,True,ADDR01243,
CUST00622,Alexandra Johnson,ewolf@example.net,627-949-8912x3851,2025-06-26T20:03:17,False,ADDR01792,
CUST00623,Christina Jenkins,jschaefer@example.com,(674)519-5956x458,2026-02-17T04:19:58,True,ADDR00320,
CUST00624,Cathy Campbell,kristin23@example.org,(434)796-2036x1959,2025-09-06T05:35:05,True,ADDR00910,
CUST00625,Louis Pitts,ilopez@example.org,(208)381-2270x0334,2025-01-27T00:25:09,True,ADDR00553,
CUST00626,Suzanne Weaver,dnavarro@example.net,443.285.1144x30813,2025-05-25T05:41:31,True,ADDR01279,
CUST00627,Timothy Jackson,vincent21@example.com,+1-227-271-3733x15985,2025-01-11T01:12:19,True,ADDR01713,
CUST00628,Anthony Rogers,jrandall@example.org,+1-974-855-8671,2025-10-21T15:45:42,True,ADDR00027,
CUST00629,Earl Brown,kennethadams@example.org,+1-596-538-3421,2026-01-10T12:23:02,True,ADDR01086,
CUST00630,Terry Nichols,olivia58@example.org,6395204744,2026-05-15T17:59:33,True,ADDR01786,
CUST00631,Autumn Keith,ogonzalez@example.org,+1-266-850-9559x75043,2026-04-09T18:43:44,True,ADDR01556,
CUST00632,Randy Wilson,travis43@example.com,691.693.6620x870,2025-05-16T21:37:43,True,ADDR01903,
CUST00633,Denise Harrington,dylan89@example.com,283.459.8403,2025-12-28T10:28:07,False,ADDR00700,
CUST00634,Morgan Mcneil,alishamoss@example.com,(673)755-7041x8951,2025-11-11T11:25:21,True,ADDR01892,
CUST00635,Sarah Payne,diana71@example.com,556.636.0525x00122,2025-11-18T17:22:51,True,ADDR01724,
CUST00636,Carolyn Reynolds,nicole57@example.net,001-924-738-6740,2026-06-27T03:54:54,True,ADDR00530,RING008
CUST00637,Melvin Turner,prattcesar@example.net,+1-206-479-1590x7426,2025-08-29T03:26:18,True,ADDR01423,
CUST00638,Joshua Guerrero,jandrews@example.org,851-949-4531x982,2025-10-04T19:45:43,True,ADDR00927,
CUST00639,Albert Lee,mdixon@example.org,(489)901-0756x579,2025-12-11T09:37:13,True,ADDR00728,
CUST00640,Cindy Marshall,hmoreno@example.org,+1-595-824-0434,2025-08-19T19:40:11,True,ADDR01992,
CUST00641,Erin Beard,alexis39@example.net,001-381-409-0096,2026-02-07T12:05:50,True,ADDR01944,
CUST00642,Michael Woodward,bjacobs@example.org,001-936-901-1555x02392,2025-09-08T23:44:45,True,ADDR01754,
CUST00643,Kathleen Bridges,qjohnson@example.com,(911)753-6710,2026-05-24T12:24:07,True,ADDR00859,
CUST00644,Audrey Young,crystalgonzales@example.org,(888)461-1019x687,2026-03-22T09:47:20,True,ADDR01237,RING002
CUST00645,Shane Black,andrea93@example.com,688-295-2587x441,2025-03-29T09:11:13,True,ADDR01449,
CUST00646,Samuel Frank,kevin34@example.com,+1-922-792-1845,2025-03-22T22:57:32,True,ADDR00749,
CUST00647,Samuel Fletcher,wmoore@example.com,7185757525,2025-03-29T03:52:46,True,ADDR00211,
CUST00648,Denise Jefferson,ubrown@example.com,001-726-443-0550,2026-01-05T23:18:31,True,ADDR00887,RING001
CUST00649,Jose Young,dpineda@example.com,(870)762-1025,2025-06-30T08:57:32,True,ADDR01613,
CUST00650,Matthew Sharp,kathysandoval@example.com,001-815-272-2411x00793,2025-02-27T22:02:33,True,ADDR00706,
CUST00651,Angela Bush,angelamacias@example.org,459.587.2600,2025-08-11T19:15:21,True,ADDR00877,
CUST00652,Nathan Thomas,deandavid@example.org,+1-631-581-3087x513,2025-01-29T19:10:09,True,ADDR01013,
CUST00653,Joshua West,jonesmatthew@example.org,2345117103,2026-05-29T10:16:57,True,ADDR00124,
CUST00654,Karen Howell,cindymoore@example.com,405.802.4286x48601,2026-02-18T06:16:21,False,ADDR01773,
CUST00655,Alyssa Trevino,megangonzalez@example.com,9634846732,2026-02-28T00:00:28,True,ADDR01247,RING005
CUST00656,Mr. Jeffrey Johnson,brittany52@example.net,(654)277-4100x251,2025-06-12T17:42:38,True,ADDR01506,
CUST00657,Richard Robinson,rmiller@example.org,427.954.3929x28563,2026-03-29T17:54:23,True,ADDR01761,
CUST00658,Charles Mcdonald,sancheztravis@example.org,730-506-9706x566,2025-09-09T08:32:41,True,ADDR00889,
CUST00659,Amber Petty,vbond@example.com,001-557-602-1753x42718,2026-01-12T14:35:32,True,ADDR00364,
CUST00660,Brian Lee,eric43@example.org,720.264.4385x734,2025-11-29T16:34:36,False,ADDR01952,
CUST00661,Karen Todd,josephtorres@example.org,(619)630-7830x57399,2026-05-01T22:07:34,True,ADDR01888,
CUST00662,Laurie Garcia,shawn65@example.net,001-392-853-8662x7673,2025-09-25T06:32:12,True,ADDR01527,
CUST00663,Andrew Dunn,amanda03@example.org,001-696-231-2165x73063,2025-07-07T05:24:08,True,ADDR01410,
CUST00664,Catherine Horne,epowers@example.org,855.220.3329,2026-02-24T19:16:47,True,ADDR01593,
CUST00665,Rebecca Levy,april44@example.org,807-615-2544x0797,2025-08-22T12:35:02,True,ADDR00501,
CUST00666,Marc Walker,alexa80@example.net,518-307-0439x3509,2025-10-07T06:47:13,True,ADDR01814,
CUST00667,James Todd,turnerstephanie@example.com,001-336-967-5504x44046,2025-09-07T08:18:30,True,ADDR01576,
CUST00668,Michael Bradford,branchmelinda@example.net,001-569-516-3267x4002,2025-03-01T21:48:48,True,ADDR00695,
CUST00669,Michelle Nichols,albertcoleman@example.org,001-636-549-1771x33851,2025-09-19T22:40:19,True,ADDR01804,
CUST00670,Melanie Matthews,alvarezkimberly@example.net,001-943-736-9708x599,2026-02-17T00:36:12,True,ADDR01748,
CUST00671,Rebecca Bright,ychurch@example.net,645-817-0859x8325,2025-04-14T16:11:15,True,ADDR01307,
CUST00672,Andrew Cooper,flemingblake@example.net,(779)222-2786x4456,2026-02-27T11:19:42,False,ADDR01097,
CUST00673,Stacy Marshall,megan61@example.org,777.698.9154x5757,2025-06-07T07:25:41,True,ADDR01311,
CUST00674,Rebecca Flowers,donaldperry@example.com,(552)503-7376,2025-07-29T04:55:42,True,ADDR01970,
CUST00675,Anthony Thornton,chavezdanielle@example.org,001-903-981-7253,2025-04-23T21:24:21,True,ADDR01514,
CUST00676,Robert Martinez,amandamendez@example.net,(476)708-4180x248,2025-03-27T12:26:39,True,ADDR00774,
CUST00677,Mary Hicks,ajohnston@example.org,284-314-4419x7070,2026-06-06T17:44:36,True,ADDR01531,
CUST00678,Deanna Smith,gibsonvictoria@example.org,216.474.1877,2026-06-19T09:37:22,True,ADDR00330,
CUST00679,Jocelyn Herman,millermark@example.net,5909644953,2025-10-21T11:19:44,True,ADDR01295,
CUST00680,Aaron Farrell,qking@example.org,313.867.5549x126,2025-07-14T21:48:35,True,ADDR00948,
CUST00681,Brandon Harris,sandrahoover@example.org,+1-435-681-6604x21430,2025-05-20T16:53:37,True,ADDR01482,
CUST00682,John Harris,erinthomas@example.net,(614)800-0543x25967,2026-05-07T08:25:53,True,ADDR00442,
CUST00683,Sandra Kane,janicegrant@example.org,(406)865-7905x2452,2026-06-16T16:33:39,True,ADDR00429,
CUST00684,Rebecca Brown,pamelapage@example.com,(600)947-8655x67874,2025-08-05T18:58:21,True,ADDR01335,
CUST00685,William Rich,rioscarl@example.net,587-727-5506,2025-12-11T18:54:12,True,ADDR01552,
CUST00686,Patricia Taylor,william04@example.net,+1-896-208-8059,2025-05-25T00:29:41,True,ADDR01424,
CUST00687,Marissa Wallace,reynoldskristina@example.com,+1-770-421-3396x1290,2026-03-20T08:26:19,True,ADDR00197,
CUST00688,Matthew James,cscott@example.org,(678)315-9348x9569,2025-04-06T10:08:16,True,ADDR00388,
CUST00689,Kathy Robinson,benjamin09@example.org,657.775.9565x203,2025-05-19T22:03:48,True,ADDR00318,
CUST00690,Morgan Jackson,vmurphy@example.net,001-527-792-7816x55667,2025-08-06T21:13:50,False,ADDR01949,RING004
CUST00691,Melissa Moore,franciscosharp@example.org,630.849.3782x37704,2025-05-17T11:18:11,True,ADDR01627,
CUST00692,Sarah Casey,freykyle@example.net,998-836-3019,2025-06-23T03:32:02,True,ADDR01438,
CUST00693,Joanne Obrien,maxwell67@example.net,+1-453-628-5832x82409,2026-06-26T12:52:22,False,ADDR01544,
CUST00694,Jennifer Gardner,chavezcrystal@example.net,(343)446-6807x244,2025-11-01T06:53:25,True,ADDR01924,
CUST00695,Nicholas Ruiz,robertevans@example.org,+1-837-792-2143x408,2026-06-17T05:06:42,True,ADDR00493,
CUST00696,Mike Moore,tuckerkatherine@example.org,(478)475-6324x8707,2025-03-15T15:04:20,True,ADDR01777,
CUST00697,Kenneth Vasquez,gpayne@example.org,263-232-0444,2025-08-02T06:26:33,True,ADDR00739,
CUST00698,Barbara Payne,melissahorn@example.org,831-315-0908,2025-02-20T00:57:14,True,ADDR00570,
CUST00699,Timothy Lawrence,nancy51@example.net,+1-501-946-7587x67948,2025-05-08T12:39:36,True,ADDR01256,
CUST00700,Diana Benton,julianmolina@example.org,001-836-854-9394,2026-02-16T12:52:46,True,ADDR01839,
CUST00701,Tina Franklin,omcintosh@example.org,492-278-1018,2025-07-05T15:57:47,False,ADDR01877,
CUST00702,Adrian Singh,ccampbell@example.org,+1-253-882-6677x215,2025-01-03T19:06:44,False,ADDR01569,
CUST00703,Laura Bauer,aimee99@example.net,260-507-3656x122,2025-09-27T15:27:51,True,ADDR00476,
CUST00704,Cindy Taylor,arianachavez@example.com,+1-920-729-5505x0395,2025-06-07T16:39:57,True,ADDR00058,
CUST00705,Matthew Acevedo,angelica96@example.org,542-655-7462,2026-01-28T07:29:29,True,ADDR00325,
CUST00706,Sarah Norris,rwade@example.net,585-906-6277x0806,2025-05-29T04:28:19,True,ADDR00973,
CUST00707,Christine Morgan,kingjohn@example.org,(734)403-4884x33410,2026-04-21T15:27:51,False,ADDR00621,
CUST00708,Alexandra Vaughan,christopherlong@example.org,001-923-641-1000,2026-03-27T04:00:15,True,ADDR00915,
CUST00709,Amanda Williamson,bayers@example.net,848-377-2417,2025-10-23T09:22:05,True,ADDR01120,
CUST00710,Emily Deleon,jwaller@example.net,001-893-300-0675x22595,2025-11-28T09:00:10,True,ADDR00206,RING004
CUST00711,Donald Morris,dhoward@example.org,001-900-528-8728x9680,2026-03-30T18:31:31,True,ADDR01032,
CUST00712,Jason Ramirez,alexandra03@example.org,953.843.4017x38517,2025-04-19T04:23:58,False,ADDR01340,
CUST00713,Hannah Blake,cooperkevin@example.com,288.551.3504x3402,2025-10-12T19:31:23,False,ADDR00303,
CUST00714,Rachel Webb,morrisongary@example.org,001-735-443-8605,2025-05-15T01:51:10,True,ADDR00856,RING004
CUST00715,Andrew Norton DVM,wellsgregory@example.com,416-696-6616,2026-02-21T12:21:54,True,ADDR00836,
CUST00716,Robert Stevens,willismichelle@example.net,966-606-9733,2026-05-01T12:50:09,True,ADDR00599,
CUST00717,Isaac Archer,davisashley@example.com,001-621-289-9463,2025-10-28T06:46:19,False,ADDR00898,
CUST00718,Kelsey Dawson,melissawhite@example.net,(276)264-2633x37482,2026-02-11T21:18:01,True,ADDR01393,
CUST00719,Lisa Hill,devinhorne@example.com,387.401.0891x79529,2026-02-23T01:59:57,True,ADDR01932,
CUST00720,Laurie Wilcox,michael31@example.org,001-612-648-4404,2026-03-24T20:58:18,True,ADDR00042,
CUST00721,Donna Hawkins,carol00@example.net,001-955-479-1390x1515,2026-02-27T19:53:03,True,ADDR00741,
CUST00722,Rodney Kim,brittneywebb@example.com,3216331480,2026-04-10T11:14:48,True,ADDR01067,
CUST00723,Richard Clark,kzimmerman@example.org,001-398-944-5985x05832,2025-08-13T20:17:37,True,ADDR01311,
CUST00724,Cheryl Montgomery,bowmanjonathan@example.com,+1-784-870-1797x1962,2026-06-01T00:56:04,True,ADDR01911,
CUST00725,Suzanne Barrera,gregorychan@example.com,806-246-9018,2025-03-02T14:39:40,True,ADDR00429,
CUST00726,Jasmine Roth,zsmith@example.net,(354)567-5598x1339,2025-01-13T18:34:49,True,ADDR00500,
CUST00727,Jason Sweeney,angelarose@example.net,(645)749-4634,2025-10-28T22:29:47,False,ADDR00602,
CUST00728,Joseph Taylor,dking@example.org,(256)455-7206x052,2025-05-03T11:41:32,True,ADDR00961,RING003
CUST00729,Alexandra Freeman,racheljones@example.org,001-876-273-0819x403,2025-04-29T06:07:29,True,ADDR01982,
CUST00730,Derrick Pruitt,nicole19@example.com,402-297-8416x9356,2025-07-03T00:12:37,True,ADDR00030,
CUST00731,Anthony Munoz,margaretchambers@example.com,6083978059,2025-11-11T17:57:12,True,ADDR01436,
CUST00732,Jason Andersen DDS,jeffery60@example.com,(201)542-4630x02340,2026-02-05T10:51:33,True,ADDR00101,
CUST00733,Micheal Clark,william88@example.org,876.266.1570,2026-06-03T10:55:16,True,ADDR00582,
CUST00734,Anthony Henson,garzamichelle@example.com,910.676.6401x8671,2025-03-04T17:01:48,True,ADDR01170,
CUST00735,Ricky Fleming,patrickblackburn@example.net,980.552.9059x67344,2025-07-06T01:23:30,True,ADDR00888,
CUST00736,Kelly Gutierrez,savannahdavis@example.com,001-370-840-8928x3760,2025-06-22T20:59:56,True,ADDR01336,RING004
CUST00737,Jesse Ferguson,dakota25@example.net,251-343-2477,2025-01-27T20:25:15,True,ADDR01393,
CUST00738,Mr. Patrick Matthews,erikallen@example.com,001-318-374-8383x196,2025-02-17T10:17:54,True,ADDR00195,
CUST00739,Joanne Thomas,swallace@example.com,636-481-2784x032,2025-03-18T01:23:08,True,ADDR01413,
CUST00740,Gabriel Miller,daniel77@example.org,001-803-538-4974,2025-10-19T12:56:46,True,ADDR00482,
CUST00741,Amy Diaz,michaelpatel@example.org,658.936.4896,2025-04-22T14:20:21,True,ADDR01540,
CUST00742,Nicholas Cooper,obaldwin@example.org,001-461-289-9629x92487,2025-09-05T02:48:58,True,ADDR00744,
CUST00743,Diana Nguyen,abbottbrittany@example.net,001-688-697-0377x5868,2025-01-03T01:35:46,True,ADDR00595,
CUST00744,Isabel Noble,nathanramirez@example.com,745-811-2642x4981,2025-12-19T09:51:25,True,ADDR00679,
CUST00745,Juan Miller,scooper@example.org,290-369-9689,2025-10-21T21:11:15,True,ADDR01898,
CUST00746,Darius Castillo,michael37@example.org,202-288-4100x44486,2026-03-23T13:36:21,True,ADDR01834,
CUST00747,Glenn King,beverly91@example.net,255-230-3402x665,2025-03-22T20:24:52,True,ADDR01565,
CUST00748,Bryan Nguyen,melissacollins@example.net,+1-504-968-4341,2025-08-31T11:48:22,True,ADDR01048,
CUST00749,Thomas Richards,dawsonscott@example.org,001-598-215-7157x26501,2025-01-29T06:16:02,True,ADDR00164,
CUST00750,Rebecca Villanueva,janicegomez@example.net,001-930-719-9169x3467,2025-11-19T00:10:57,True,ADDR01586,
CUST00751,Stephen Morgan,matthew93@example.net,(564)617-6332x59898,2026-05-28T12:01:02,True,ADDR01516,
CUST00752,Andrew Savage,williamprince@example.org,986.386.0740x05449,2025-10-30T12:10:22,True,ADDR00375,
CUST00753,Lisa Mclean,amy47@example.net,+1-877-747-4099x77372,2025-11-22T07:43:30,True,ADDR00607,
CUST00754,Rebecca Roberts,dawn83@example.net,705.723.5966,2025-03-22T16:54:30,True,ADDR01305,
CUST00755,Erik Fox,desireegomez@example.org,646-290-6403x4528,2026-05-28T17:34:27,True,ADDR01255,
CUST00756,Billy Graham,tflores@example.org,001-860-430-8393x487,2026-05-08T14:23:34,True,ADDR01047,
CUST00757,Joseph Simmons,andrew28@example.com,(661)719-1748x77442,2025-10-22T22:46:15,True,ADDR01862,
CUST00758,Ashley Weaver,donna22@example.com,239.336.5642x100,2025-08-31T13:00:53,True,ADDR00275,
CUST00759,Emily Moore,andreaconley@example.org,(590)993-8032x357,2025-01-19T13:37:57,True,ADDR01976,
CUST00760,Philip Jennings,andersonscott@example.com,+1-286-322-2675x660,2026-01-17T20:12:32,True,ADDR01284,
CUST00761,Mark Williams MD,normanwilliam@example.com,+1-444-854-6811,2025-09-06T02:58:15,True,ADDR00590,
CUST00762,Edward Mccarthy,jaime22@example.net,935-746-8026x85983,2025-06-21T12:55:16,True,ADDR01790,
CUST00763,Donald Barron,cpadilla@example.org,214-912-5218x868,2025-03-01T03:35:41,True,ADDR00303,
CUST00764,Javier Kirby,hmayer@example.org,001-293-596-7838x012,2025-05-19T00:33:57,True,ADDR00115,
CUST00765,Maria Nguyen,michael41@example.org,(315)595-5111x841,2025-04-29T17:49:14,True,ADDR00561,
CUST00766,Larry Parker,riveravanessa@example.net,573.478.0862x947,2026-02-12T15:34:28,True,ADDR01586,
CUST00767,Timothy Parker,taylorstacy@example.net,959-775-6183x20886,2025-07-26T16:01:48,True,ADDR00710,
CUST00768,Kevin Nash,diamondgriffin@example.net,001-390-254-0781x006,2025-01-11T20:42:52,True,ADDR01735,
CUST00769,Curtis Zamora,ajefferson@example.com,+1-355-752-8093x121,2025-02-22T13:29:13,True,ADDR01639,
CUST00770,Holly Moss,jfowler@example.org,6169722167,2026-06-18T14:55:18,True,ADDR00032,
CUST00771,Bobby Wright,paulsmith@example.org,393-620-0668x6124,2026-04-24T21:13:50,True,ADDR00352,
CUST00772,Bryan Ramirez,phelpsmichael@example.com,431-992-8114x2977,2025-05-12T05:05:48,True,ADDR00050,
CUST00773,Arthur Reynolds,biancacarlson@example.org,(219)575-1939x286,2025-01-20T19:59:46,True,ADDR01350,
CUST00774,Mr. Jack Shelton MD,antonio04@example.com,7909956918,2025-01-24T15:16:52,True,ADDR01309,
CUST00775,Bradley Willis,grantgary@example.com,+1-313-299-6194x416,2025-12-12T06:12:11,False,ADDR00889,
CUST00776,Valerie Hayes,timothy68@example.com,+1-529-203-9326x998,2025-09-21T22:40:07,True,ADDR01108,
CUST00777,John White,williamclark@example.net,(778)469-8355x4036,2026-05-26T08:27:06,True,ADDR00456,
CUST00778,Keith Giles,lawrence85@example.org,+1-908-840-3020,2026-01-24T01:31:00,True,ADDR00250,
CUST00779,Lisa Erickson,robinsonrenee@example.net,505-575-0567x773,2025-12-20T11:20:10,True,ADDR00522,
CUST00780,Edward Hurley,daniellesanders@example.net,264.742.6488x5298,2025-10-05T03:49:33,True,ADDR00649,
CUST00781,Justin Austin,ericwhite@example.net,7192252215,2025-02-21T06:06:00,True,ADDR01660,
CUST00782,Pamela Taylor,heather82@example.com,+1-705-713-2997x71547,2026-03-06T01:32:34,True,ADDR01883,
CUST00783,Sarah Cooper,shepardkathleen@example.net,433-454-8157,2026-03-26T17:09:07,True,ADDR00600,
CUST00784,Collin Peters,johnsonsara@example.net,001-472-856-9400x578,2025-05-20T17:37:45,True,ADDR00012,
CUST00785,Jonathan Moore,bryan25@example.com,(968)476-7076,2026-03-03T07:45:26,False,ADDR01376,
CUST00786,Carolyn Wiggins,michaeldaniels@example.net,5212624237,2026-05-23T15:31:46,True,ADDR01611,
CUST00787,Ashley Beasley,hmartinez@example.org,+1-541-533-6383x57100,2026-04-01T13:20:11,True,ADDR01043,
CUST00788,Aaron White,williamsmichael@example.com,+1-223-600-6938x999,2025-10-03T03:02:55,True,ADDR01393,
CUST00789,Melissa Thomas,crystalallen@example.com,(507)559-8228x4870,2025-12-09T03:16:49,True,ADDR01731,
CUST00790,Wanda West,anna88@example.com,397.444.6547,2025-01-03T18:50:14,True,ADDR01122,
CUST00791,Mr. Jared Garcia,jasonjennings@example.net,609-410-7572x5324,2025-05-03T15:53:32,True,ADDR01670,
CUST00792,Misty Pierce,juliamiller@example.net,001-749-609-4333x0187,2025-05-10T03:01:23,True,ADDR00881,
CUST00793,Joseph Mccoy,yscott@example.net,267-784-2789x268,2025-09-12T11:05:19,True,ADDR00094,
CUST00794,Dennis King,kimsimmons@example.net,769-387-6023,2025-06-27T01:43:32,True,ADDR00978,
CUST00795,Heather Jackson,weaverdonald@example.com,(386)770-8084x029,2025-08-05T08:41:15,True,ADDR00279,
CUST00796,Sandra Gonzalez,kathycooke@example.com,(523)239-4423,2025-02-19T05:01:44,True,ADDR01230,
CUST00797,Lisa Myers,ckoch@example.org,502-804-4877,2025-08-18T09:39:19,True,ADDR01231,
CUST00798,Erica Branch,jacob37@example.com,001-683-229-7857,2026-06-19T09:14:03,True,ADDR00506,
CUST00799,Tammy Gaines,christopherarcher@example.org,9439257614,2025-02-05T14:17:10,True,ADDR00749,
CUST00800,Elizabeth Diaz,kelli99@example.com,390-939-2083x15646,2026-01-13T18:06:28,True,ADDR00345,
CUST00801,Jessica Walters,grantcynthia@example.org,200.959.2836,2025-04-29T00:43:59,True,ADDR00814,
CUST00802,Antonio Steele,shepardtiffany@example.net,(974)416-7939x748,2026-03-12T20:39:55,True,ADDR00491,
CUST00803,Timothy Golden,jillian86@example.net,822.552.3315x899,2025-08-07T19:32:19,True,ADDR01967,
CUST00804,Taylor Davis,barbaratran@example.com,583.432.3933x703,2026-06-12T12:39:10,True,ADDR01554,
CUST00805,Stephanie Scott,uherman@example.org,+1-869-522-3643x7936,2026-05-14T22:25:49,True,ADDR00987,
CUST00806,Amy Moore,jenniferreid@example.org,281-790-0321,2025-06-13T11:45:23,True,ADDR00527,
CUST00807,Ashley Hodges,crystalayala@example.org,7023412700,2025-07-26T14:55:10,True,ADDR01213,
CUST00808,Brittany Lopez,rogersnancy@example.net,+1-405-856-9353x9239,2026-03-13T15:05:30,True,ADDR01498,
CUST00809,Jessica Henry,julierichardson@example.com,403-923-9291x224,2026-02-12T10:13:46,False,ADDR01511,
CUST00810,Jason White,michael24@example.com,721-484-2202x604,2025-01-21T10:16:34,True,ADDR00461,
CUST00811,Gina Reed,bobby05@example.org,001-569-775-1678x62917,2025-07-17T19:12:34,True,ADDR01312,
CUST00812,Lisa Dominguez,gutierrezkatherine@example.net,430-299-0699x48448,2026-03-09T08:14:39,True,ADDR00589,
CUST00813,Jeremy Shepard,wilsonsarah@example.net,307-766-7660x579,2025-04-10T10:52:10,True,ADDR00504,
CUST00814,Randall Reed,amber22@example.net,931.214.7657,2026-02-05T06:40:38,True,ADDR00096,
CUST00815,Paul Goodman,lopezjames@example.net,899.310.2658x2084,2025-09-16T09:58:34,True,ADDR00042,
CUST00816,Thomas Rogers,uwhitehead@example.net,217-664-6906x4313,2025-07-31T13:34:05,True,ADDR01545,
CUST00817,Roberto Flores,fhudson@example.net,870-371-7185,2026-01-20T22:14:03,True,ADDR01047,
CUST00818,Kari Ford,gary22@example.org,592-776-3931,2026-03-31T00:49:37,False,ADDR00686,
CUST00819,Amy Wood,muellerrobert@example.net,951.829.9756x93260,2025-04-02T14:09:32,True,ADDR00646,
CUST00820,Jennifer Hodges,daniellehill@example.com,415.927.9636x645,2025-06-14T04:51:00,True,ADDR01867,
CUST00821,Randy Miller,angela53@example.com,605.260.8798,2025-03-23T09:06:14,False,ADDR00349,
CUST00822,Sara Williams,hfox@example.org,001-507-892-4265x0064,2026-01-11T09:24:42,True,ADDR00107,
CUST00823,Tammy Johnson,jeffery21@example.com,001-789-249-6815x65682,2026-01-01T11:08:01,True,ADDR00527,
CUST00824,Stephanie Stevens,megan18@example.com,(504)606-6870x7012,2026-03-18T04:17:20,True,ADDR00475,
CUST00825,Fred Osborn,mbyrd@example.org,536-758-6502x11473,2026-01-02T08:28:57,True,ADDR00147,
CUST00826,Ryan King,joseking@example.org,883-910-4774,2025-07-15T06:53:25,True,ADDR01925,
CUST00827,Katelyn Short,matthewsmith@example.com,965-206-8979x2105,2025-01-23T23:05:18,True,ADDR00021,
CUST00828,Robert Morgan,suzannejohnson@example.com,+1-335-975-1369x762,2025-10-04T22:28:35,True,ADDR00525,
CUST00829,Heidi Mcclain,zcline@example.net,(962)497-3354x529,2026-01-27T13:34:08,True,ADDR01392,
CUST00830,Cindy Cohen,dadams@example.org,001-830-603-5283x2086,2026-02-16T15:07:10,True,ADDR01875,
CUST00831,Timothy Hammond,thomaskhan@example.org,001-567-714-2931,2026-01-14T01:55:35,True,ADDR01381,
CUST00832,Brent Guerra,owilliams@example.com,(236)938-2386,2025-08-17T04:17:44,True,ADDR00981,
CUST00833,Joseph Caldwell,fross@example.net,001-591-427-1489x863,2025-10-21T21:09:08,True,ADDR01227,
CUST00834,Bobby Cooper,grossrichard@example.com,493-999-1229,2025-01-04T19:34:03,True,ADDR01937,
CUST00835,Michelle Perez,joshua34@example.org,229-362-7169x59011,2025-11-02T20:10:55,True,ADDR00449,
CUST00836,Peter Thornton,kharris@example.com,484-551-3185,2025-08-15T22:42:47,True,ADDR00119,
CUST00837,Jessica Martinez,marvin91@example.net,(603)203-7124x6565,2026-01-01T00:45:13,True,ADDR01629,
CUST00838,Brooke Kim,figueroascott@example.org,779-736-0535,2025-01-06T04:31:29,True,ADDR00304,
CUST00839,Theresa Ross,thorntonmichael@example.org,(765)383-1043x475,2025-01-02T05:18:22,True,ADDR01113,
CUST00840,Alyssa Clark,cbaxter@example.com,001-569-365-2899x56448,2026-04-07T12:54:56,True,ADDR01059,
CUST00841,Nicole Benson,isabelsanders@example.org,5868660706,2025-04-30T11:58:50,True,ADDR01310,RING002
CUST00842,Brandy Webb,mcdanielcraig@example.net,(210)750-2063,2025-04-14T02:48:08,True,ADDR01757,
CUST00843,Paul Ross,smithvincent@example.org,721-807-8587,2026-03-31T20:56:22,True,ADDR01390,
CUST00844,Erika Davidson,thomas85@example.org,001-707-453-3467x67690,2025-08-26T18:47:28,True,ADDR00010,
CUST00845,Angela Allen,christopherbutler@example.org,724.762.1796x18525,2025-10-11T12:23:04,True,ADDR00506,
CUST00846,John Coleman,jesse67@example.com,203-528-6401,2025-04-17T04:52:33,True,ADDR00038,
CUST00847,Kayla Huffman,jeremy79@example.net,616-377-1162x36381,2025-09-13T05:43:08,True,ADDR01586,RING005
CUST00848,Katie Love,brianna72@example.net,001-443-401-0018x21100,2025-10-18T01:56:20,True,ADDR00904,
CUST00849,Tammy Kelley,deborah81@example.org,+1-959-797-0442x528,2025-12-01T10:11:53,True,ADDR01881,
CUST00850,Vincent Thornton,jessica04@example.net,204.700.2907x6791,2026-03-11T03:00:56,True,ADDR00594,
CUST00851,Heather Gray,arielsmith@example.org,+1-593-675-5921x636,2026-06-02T15:19:50,True,ADDR00445,
CUST00852,Maria Evans,calhounderrick@example.org,+1-239-439-5125x25301,2025-06-02T11:16:14,True,ADDR00876,
CUST00853,Tony Sheppard,pwarner@example.net,+1-991-308-9256x16273,2025-02-23T23:31:40,True,ADDR01072,
CUST00854,David Carter,qfoster@example.org,3835155276,2025-07-23T05:02:25,True,ADDR00307,
CUST00855,Amy Parker,dcrawford@example.net,+1-232-715-1711x5978,2025-02-22T02:00:44,True,ADDR01134,
CUST00856,Donna Conner,robin36@example.org,+1-462-332-2514x83482,2026-01-14T15:22:25,True,ADDR00500,
CUST00857,Gregory Hall,xmoore@example.com,(368)710-2802x0905,2025-05-02T17:41:48,True,ADDR00549,
CUST00858,Brandy Cummings,cmoss@example.net,(668)727-9745x262,2026-02-05T02:57:30,True,ADDR01801,
CUST00859,Donna Navarro,chavezpeter@example.net,508.665.6222x42171,2025-06-21T01:04:43,False,ADDR01256,
CUST00860,Christopher Conner,zjones@example.com,001-680-257-3844x28298,2026-04-30T18:24:40,True,ADDR01959,
CUST00861,Jonathan Larson,francomark@example.net,(502)400-0487x38521,2025-07-06T16:03:51,True,ADDR00733,
CUST00862,Robert Schneider,timothythompson@example.org,395.690.4111x6962,2026-06-27T07:08:45,True,ADDR00278,RING002
CUST00863,Veronica Rogers,kknight@example.org,3377567654,2025-02-02T10:35:14,True,ADDR00814,
CUST00864,Robert Hall,gmacias@example.org,2385268973,2025-09-26T12:47:53,True,ADDR01101,
CUST00865,Shane Thompson,angela63@example.com,001-751-240-9991x3262,2026-03-11T01:47:38,True,ADDR01229,
CUST00866,Becky Johnson,rachelthomas@example.com,(947)517-2300x767,2025-07-03T21:08:59,True,ADDR01802,
CUST00867,Scott Parrish,monica54@example.net,(624)730-1176,2025-01-24T10:52:45,False,ADDR01772,
CUST00868,Mr. Christopher Hicks,jessicasmith@example.org,001-458-514-6630x753,2026-04-27T02:28:36,True,ADDR00521,
CUST00869,Kristen Woods,hendersonkevin@example.org,291.813.0721x96850,2025-08-25T13:47:22,True,ADDR01002,
CUST00870,James Jones,michaeldouglas@example.com,(326)795-1454,2025-07-31T12:41:05,True,ADDR00674,
CUST00871,Kelly Anthony,sboone@example.net,383-919-4057,2026-06-06T22:17:02,True,ADDR00414,
CUST00872,John Smith,mooredavid@example.net,707-212-0818x670,2025-12-26T18:54:32,False,ADDR00921,
CUST00873,David Moore,davidjohnston@example.com,(705)438-6855x466,2026-04-03T01:45:28,True,ADDR01559,
CUST00874,Sarah Martinez,dennis57@example.org,629.326.2013x12107,2026-03-24T07:59:35,True,ADDR00082,
CUST00875,Sheila Guzman,gordonholly@example.net,7114110290,2026-02-19T18:39:26,False,ADDR00940,
CUST00876,Ricky Villegas MD,michael03@example.net,832-950-6563,2025-10-11T04:31:27,True,ADDR00635,
CUST00877,Terry White,hunterbrandon@example.com,786.815.4183x279,2025-09-19T06:48:05,True,ADDR00798,
CUST00878,Wayne Delacruz,arroyovincent@example.org,001-863-354-6444x1756,2025-12-17T02:01:31,True,ADDR01938,
CUST00879,Kathryn Bray,carol75@example.org,637.678.7180x1219,2025-03-15T02:00:26,True,ADDR00789,
CUST00880,Patricia Hancock,msuarez@example.net,705-741-2844,2026-05-31T05:14:51,True,ADDR00065,
CUST00881,Mallory Lawrence,melindagardner@example.com,001-910-575-8246,2025-07-14T19:35:15,False,ADDR01408,
CUST00882,Colleen Walsh,john09@example.net,001-310-851-9890x3929,2025-06-09T16:32:56,True,ADDR00963,
CUST00883,Amy Sanchez,adrian24@example.com,660-491-7643,2026-02-25T13:04:32,True,ADDR00823,
CUST00884,Paul Terry,showard@example.net,+1-562-890-1848x285,2026-03-27T22:22:14,False,ADDR01494,
CUST00885,Justin Martin,fhatfield@example.net,402.688.5787x49132,2026-02-08T00:47:17,True,ADDR00105,
CUST00886,Aaron Powell,smithstacy@example.net,524-635-2686,2025-08-16T20:12:55,True,ADDR00042,
CUST00887,Maurice Hurley,kimberlyjones@example.com,001-504-818-3837x0243,2026-06-08T20:15:19,True,ADDR01446,
CUST00888,Erica Johnson,stephen32@example.com,458-581-1897x49305,2025-09-01T17:07:22,True,ADDR01810,
CUST00889,Rebecca Hill,darlene40@example.com,438.913.8676x57351,2025-08-04T20:41:19,True,ADDR01309,
CUST00890,Austin Rangel,leechristine@example.com,806.576.4474,2026-01-04T00:17:06,True,ADDR00065,
CUST00891,Jasmine Carter,marvin40@example.com,(706)487-3371,2025-05-06T11:27:20,True,ADDR01868,
CUST00892,Ann Lopez MD,jeff32@example.org,001-267-309-2811x130,2026-06-16T19:47:57,True,ADDR01839,
CUST00893,William Trevino,melissa94@example.org,251-251-6233x4439,2026-01-29T05:10:48,True,ADDR01625,
CUST00894,Veronica Harris,andrew44@example.net,001-878-742-3070x423,2025-02-23T02:13:09,True,ADDR00930,
CUST00895,Ronald Mcdonald,sthompson@example.net,+1-971-279-0216x1605,2026-03-24T12:39:03,True,ADDR00870,
CUST00896,Michael Thomas,ucardenas@example.org,+1-892-483-9305,2025-09-06T18:21:10,True,ADDR00793,
CUST00897,Lisa Phillips,malloryzamora@example.com,001-291-315-8581x0667,2025-06-29T21:19:21,True,ADDR00371,
CUST00898,Heather Chandler,dhunt@example.com,852-308-9663x7581,2025-02-24T11:35:06,True,ADDR00632,
CUST00899,Danielle Franklin,bwelch@example.com,6402337024,2026-02-22T21:34:52,True,ADDR00541,
CUST00900,Brittany Meyers,krystalwatson@example.com,436.486.0461x60152,2026-03-08T19:19:04,True,ADDR00901,
CUST00901,Nicholas Velasquez,guerreroclayton@example.net,+1-675-250-6971,2025-12-15T22:41:49,True,ADDR00860,
CUST00902,Joseph Meyer,catherineho@example.com,001-443-306-6110x30690,2025-04-23T22:12:25,True,ADDR00227,
CUST00903,Amanda Spencer,sayala@example.com,533.373.4611x7550,2026-01-06T13:03:42,True,ADDR01658,
CUST00904,Carlos Buckley,amanda37@example.com,652.578.5056,2025-02-21T18:55:41,True,ADDR01125,
CUST00905,Timothy Daniels,sabrina17@example.org,001-276-397-9186,2026-04-01T19:36:44,True,ADDR00295,
CUST00906,Donna Tapia,salascatherine@example.org,291-600-0569,2026-01-17T00:24:11,True,ADDR00341,
CUST00907,Sherry Gibson,oaustin@example.com,+1-669-525-8055x7415,2026-05-14T03:24:36,True,ADDR01278,
CUST00908,Andre Hayes,qdickerson@example.net,754.281.3462x751,2025-10-13T01:57:47,True,ADDR01043,
CUST00909,Rachel Greer,stricklandkaitlyn@example.com,(427)389-2648x93367,2025-07-20T14:12:55,True,ADDR00338,
CUST00910,Anna Mcdonald,joelbennett@example.org,498.411.4183x006,2026-03-29T10:35:11,False,ADDR01380,
CUST00911,James Kelly,lewissonya@example.org,551-485-1807x465,2025-11-11T01:20:35,False,ADDR01801,
CUST00912,Dr. Benjamin Garza,roybrock@example.com,(381)250-4135x539,2025-08-15T23:04:01,False,ADDR01086,
CUST00913,Susan Raymond,obrown@example.net,690.472.5241,2025-09-28T01:07:40,True,ADDR01425,
CUST00914,Amber Mcfarland,martinfranklin@example.org,828.687.2731x0643,2025-09-17T23:54:14,True,ADDR01148,
CUST00915,Mary Baker,hnichols@example.com,746.519.0835x125,2025-12-28T07:56:39,True,ADDR00396,
CUST00916,Michael Wyatt,leadrienne@example.org,+1-450-219-8301x6988,2025-08-05T00:09:55,True,ADDR00127,
CUST00917,Jonathan Johnson,destinypage@example.com,+1-671-558-0040,2025-11-20T08:54:06,True,ADDR01842,
CUST00918,Adrian Porter,lutzsteven@example.com,(560)261-9324,2025-09-07T05:21:20,True,ADDR01085,RING001
CUST00919,Karl Sanchez,sabrinamarquez@example.org,5034402846,2026-01-19T17:10:52,False,ADDR00827,
CUST00920,Timothy Nelson,jacobsonsteven@example.org,344-506-3524,2025-04-06T17:41:04,True,ADDR01683,
CUST00921,John Turner,umiller@example.com,6495359972,2025-07-18T09:57:21,True,ADDR01275,
CUST00922,Brenda Reed,ellisryan@example.net,(812)445-3497,2025-03-16T03:50:26,True,ADDR01455,RING005
CUST00923,Matthew Hall,lesliemills@example.org,2562803073,2025-01-02T18:15:05,False,ADDR00626,
CUST00924,Amanda Frank,nicolejenkins@example.com,845-320-1375,2025-07-31T01:23:17,False,ADDR01529,
CUST00925,James Hammond,charles56@example.net,640.741.1462,2025-10-15T01:41:10,True,ADDR00911,
CUST00926,Adam Jordan,kaitlynhill@example.net,749-975-1812x42988,2025-07-05T04:52:32,True,ADDR00306,
CUST00927,John West,bryan57@example.org,543-228-4307x0804,2025-02-09T13:08:44,True,ADDR00252,
CUST00928,Sarah Gonzalez MD,zjenkins@example.org,(757)524-2999x614,2025-02-01T08:10:57,True,ADDR00640,
CUST00929,Krystal Brady,tony31@example.net,673.729.0035x49765,2026-01-13T16:40:49,True,ADDR01244,
CUST00930,Matthew Cherry,hjohnson@example.org,+1-414-533-8882x5683,2026-02-12T01:05:09,True,ADDR00842,
CUST00931,John Jennings,stephanietorres@example.org,+1-834-764-2894x79576,2026-03-13T09:00:40,True,ADDR00362,
CUST00932,Charles Anthony,fmitchell@example.net,426-903-2055x7359,2025-09-14T11:10:58,True,ADDR01840,
CUST00933,Kevin White,randall42@example.net,001-497-354-6615,2025-04-30T12:19:20,True,ADDR00626,RING007
CUST00934,Danny Ruiz,maryprice@example.net,001-510-968-2699,2025-07-27T16:17:08,True,ADDR00423,RING005
CUST00935,Ashley Washington,vgreen@example.net,+1-485-200-0057x492,2026-01-13T00:56:51,True,ADDR01206,RING002
CUST00936,Norma Adams,pittmanchelsea@example.org,7536794375,2026-04-11T10:02:38,True,ADDR01518,
CUST00937,Mary Stark,matthew42@example.org,5897595339,2025-10-19T03:24:41,True,ADDR01770,
CUST00938,Troy Moore,hunteradkins@example.net,483.679.9443x93613,2026-05-14T17:10:26,True,ADDR01747,
CUST00939,Christina Steele,katiemitchell@example.net,001-603-225-2969x519,2026-06-20T16:04:19,True,ADDR00984,
CUST00940,Taylor Webster Jr.,kimsanford@example.org,(812)541-2996x1197,2025-11-13T19:09:47,True,ADDR00842,RING003
CUST00941,John Monroe,xthompson@example.org,261-529-5413,2025-09-07T20:58:32,True,ADDR01797,
CUST00942,Derrick Brown,dthomas@example.net,368-689-9935,2025-10-12T10:55:58,True,ADDR00913,
CUST00943,Ricardo Jones,hlam@example.com,620-531-1485,2025-12-25T09:53:59,True,ADDR01712,
CUST00944,Rachel Gray,ahale@example.net,+1-973-517-3435x743,2026-06-03T01:42:30,True,ADDR01439,
CUST00945,Thomas Kirby,gmclaughlin@example.com,001-781-672-3351x0091,2026-06-02T22:31:08,True,ADDR00499,
CUST00946,Michael Orozco,dannyjames@example.com,001-584-313-7094,2025-02-16T11:27:54,True,ADDR00138,
CUST00947,Matthew Davis,reyesnicole@example.net,901.843.0037x60541,2025-05-26T15:31:06,True,ADDR00661,
CUST00948,Alexandra Cruz,matthew47@example.com,001-950-248-0419x017,2026-06-25T11:43:56,True,ADDR01526,
CUST00949,Ashley Long,jhamilton@example.net,001-566-613-4535x88928,2026-04-04T08:05:27,False,ADDR01327,
CUST00950,Gary Mcdaniel,oirwin@example.com,793-261-4929x1113,2026-06-23T10:13:14,True,ADDR00881,
CUST00951,Jeffrey Boone,courtneycalderon@example.org,+1-637-832-2247,2025-04-04T11:54:00,True,ADDR00942,
CUST00952,Karen Nguyen,cshelton@example.com,800.895.7075x4964,2025-11-08T16:48:50,False,ADDR00400,
CUST00953,Heather Anderson,brenda52@example.org,963-565-7115x830,2025-03-24T23:14:16,True,ADDR01301,
CUST00954,Lisa Jennings,julie06@example.com,698-255-2481,2025-06-24T07:06:15,True,ADDR01902,
CUST00955,Edward Hull,heather45@example.net,(225)341-7683,2025-02-17T14:06:33,True,ADDR00527,
CUST00956,Neil Miller,jessica93@example.com,875.943.4557x022,2025-09-30T00:05:39,True,ADDR00324,
CUST00957,Courtney Le,makaylamoss@example.com,321-941-7421,2025-02-15T17:27:40,False,ADDR01625,
CUST00958,Kevin Harvey,castrojerry@example.org,322.778.1277x25563,2025-06-06T02:30:15,True,ADDR00248,
CUST00959,Paul Richard,qcabrera@example.org,358-933-9760,2026-06-14T18:50:36,True,ADDR00838,RING003
CUST00960,Jason Hudson,ahoward@example.com,479.792.8896,2025-12-28T01:23:56,True,ADDR01013,
CUST00961,Ronald Nguyen,laura04@example.com,+1-585-781-1182x0786,2025-01-01T11:08:36,True,ADDR00984,
CUST00962,Kenneth Chambers,debra22@example.org,292.667.9064x71831,2025-12-14T21:05:54,True,ADDR00319,
CUST00963,Megan Myers,vickicarter@example.org,001-916-623-7083x21091,2026-06-19T19:09:31,True,ADDR01448,
CUST00964,Brandon Flores,meyerkatherine@example.org,9223097861,2025-11-30T23:18:18,True,ADDR00900,
CUST00965,Rebecca Farmer,umarquez@example.org,+1-931-446-2043,2025-09-11T01:15:49,False,ADDR01961,
CUST00966,Megan Branch,bradycheryl@example.net,+1-274-725-4074x2939,2025-08-18T14:55:49,True,ADDR01789,
CUST00967,Michelle Gallagher,janemarsh@example.net,426.796.4717,2025-12-23T03:25:01,True,ADDR01427,
CUST00968,Stephen Moreno,sarah20@example.org,720.326.8784x46078,2026-04-17T20:25:29,True,ADDR01476,
CUST00969,Austin Ponce,tara97@example.org,440.418.0359x041,2025-08-17T10:35:48,True,ADDR01409,
CUST00970,Melissa Jefferson,snownancy@example.com,766-219-2037x29368,2026-05-04T14:47:57,True,ADDR01122,
CUST00971,Brian Romero DVM,brownmartin@example.com,001-677-770-7441x504,2025-11-13T06:48:03,True,ADDR01861,
CUST00972,Dustin Holt,susanpatterson@example.org,001-341-955-1658x4776,2025-05-11T10:48:53,True,ADDR00278,
CUST00973,Darren Williams,gwilkinson@example.org,579.795.9689x41681,2025-01-27T21:50:25,True,ADDR00898,
CUST00974,Jeremy Mckee,christopherlambert@example.net,(360)484-9859,2025-08-31T08:18:09,True,ADDR00713,
CUST00975,Amber Ruiz,davidalexander@example.org,581.335.0235x013,2025-11-04T18:56:49,True,ADDR00148,
CUST00976,Jessica Garza,bassmelissa@example.org,5565814753,2026-03-23T06:27:32,False,ADDR00476,
CUST00977,Thomas Buchanan,ccunningham@example.net,001-829-909-0576x782,2025-08-28T23:48:58,True,ADDR01046,
CUST00978,Annette Fitzgerald,pricetyler@example.com,(872)539-7029x6442,2026-01-10T18:18:24,True,ADDR00559,
CUST00979,Michael Martinez,diane61@example.com,487.216.7230,2025-02-12T01:58:07,True,ADDR00858,
CUST00980,James Cole,williamsbrent@example.com,(264)947-0626,2025-12-30T00:50:22,True,ADDR00787,
CUST00981,Paul Mitchell,bennettchristian@example.com,(988)518-7096,2025-05-03T09:24:52,True,ADDR01050,
CUST00982,Nicholas Spencer,melissa29@example.com,001-228-298-3470x599,2026-06-14T18:23:44,True,ADDR00092,
CUST00983,Jessica Mitchell,chandlerjason@example.net,866.952.1255x609,2025-01-17T15:43:02,True,ADDR01271,
CUST00984,Rebecca Lewis,elizabethbaldwin@example.net,579-942-7445x1694,2025-03-25T11:56:01,True,ADDR01860,
CUST00985,Tanya Shannon,brooksjoshua@example.com,949.384.8772,2025-09-30T13:38:38,False,ADDR01630,
CUST00986,Jacob Allen,lisahudson@example.com,(384)934-9834x79891,2025-05-24T12:36:32,True,ADDR01666,
CUST00987,Lindsay Gardner,nunezjesus@example.org,001-227-241-9710x453,2025-07-04T12:24:17,True,ADDR00133,
CUST00988,Brittany Carr,rharper@example.net,001-987-771-0864,2026-04-30T13:05:03,True,ADDR01437,
CUST00989,Katherine Schneider,hickskimberly@example.org,867-775-6884,2025-06-25T21:03:21,False,ADDR00966,
CUST00990,Lori Jordan,linda00@example.com,(988)657-1082x8587,2025-05-01T04:21:22,True,ADDR00277,
CUST00991,Robert Mays,pbaker@example.org,001-899-596-4739x85512,2025-02-13T01:09:24,True,ADDR01377,
CUST00992,Elizabeth Andrews,itravis@example.com,529.962.0868,2025-12-02T12:18:40,True,ADDR01459,
CUST00993,Jessica Greene,tammymitchell@example.net,+1-905-744-7469,2025-11-12T07:21:40,True,ADDR00892,
CUST00994,Robert Brown,stewarttina@example.org,(772)242-8148x89737,2026-05-25T12:25:52,False,ADDR00587,
CUST00995,Jessica Sweeney,richardsnicole@example.com,(472)227-4486,2026-05-09T03:51:27,True,ADDR00480,
CUST00996,Todd Daniels,patriciamcconnell@example.org,001-993-819-3481x0895,2026-05-03T04:02:23,True,ADDR00322,
CUST00997,Madison Dean,kendra03@example.org,7473036166,2026-06-22T04:28:18,True,ADDR00234,
CUST00998,John Paul,zknapp@example.org,269.223.6166,2025-08-04T13:44:19,True,ADDR01158,
CUST00999,Andrea Wilcox,tamara30@example.net,(530)550-4791x03666,2026-06-29T16:43:04,True,ADDR00459,
CUST01000,Deborah Fleming,crystalsimpson@example.com,(624)914-4283,2026-01-24T19:28:13,True,ADDR01980,
CUST01001,Adam Torres,raymond15@example.com,001-422-867-8122x776,2025-02-26T22:00:45,True,ADDR01871,
CUST01002,Stefanie Moreno,michael24@example.com,+1-287-506-1080x924,2025-01-10T08:11:28,True,ADDR01364,
CUST01003,Courtney Page,uolson@example.org,(447)279-5206x672,2025-02-22T15:32:49,True,ADDR01822,
CUST01004,Tina Barnes,heather04@example.com,001-523-785-7039x53473,2026-02-08T08:20:21,False,ADDR01981,
CUST01005,Emily Robbins,smcdonald@example.net,856-494-6579x4090,2025-12-18T22:05:53,True,ADDR00682,
CUST01006,Brandon Hammond,dominique92@example.net,701.505.8493,2025-06-23T15:47:46,True,ADDR00238,
CUST01007,Jeffrey Tyler,maynardbrett@example.net,(950)854-0776x732,2025-12-11T12:57:45,True,ADDR01652,
CUST01008,Mr. Cristian Harper,elopez@example.net,+1-944-417-0584,2026-05-23T14:27:24,True,ADDR01551,
CUST01009,Angela Ross,jacksonmark@example.org,241.336.8595,2025-10-05T05:03:46,True,ADDR00608,
CUST01010,Sierra Byrd,kellymegan@example.com,001-736-908-9616x3028,2025-04-14T14:26:28,True,ADDR00763,
CUST01011,Mark Levine,jpatel@example.org,(515)276-3599,2025-04-03T12:58:41,False,ADDR00646,
CUST01012,Tanner Cunningham,brucesmith@example.net,+1-236-200-1648x3476,2025-09-28T03:06:01,True,ADDR00023,
CUST01013,Jack Jefferson,collinssteven@example.net,001-282-999-9707x3622,2025-01-07T12:33:52,True,ADDR01020,RING008
CUST01014,Kimberly Smith,valentinebrandon@example.com,001-488-552-5549,2025-05-02T12:14:38,True,ADDR01960,
CUST01015,Stephanie Smith,gabriellevelasquez@example.com,(389)831-2854x102,2025-01-29T01:17:11,True,ADDR00765,
CUST01016,Andrew Boyd,williamsmith@example.net,(323)521-0867x373,2026-01-18T16:49:00,True,ADDR01089,
CUST01017,Deanna George,dan16@example.com,582-244-0870,2025-08-13T16:49:36,False,ADDR00547,
CUST01018,Bianca Macdonald,johnbrown@example.org,501-716-7189,2025-05-29T07:35:56,True,ADDR01582,
CUST01019,Cassandra Sherman,cynthiacarter@example.net,(681)703-2098x64288,2026-04-01T16:29:22,True,ADDR01380,
CUST01020,Taylor Davis,carol38@example.org,(463)332-2980,2026-06-27T15:56:27,True,ADDR01743,
CUST01021,Robert Wilson,lamnicole@example.org,001-533-680-7861x329,2026-05-25T09:00:18,True,ADDR00889,
CUST01022,Peter Moore,danielleolson@example.com,001-699-667-3098,2025-09-04T23:16:24,True,ADDR01913,
CUST01023,Martin Phillips,elopez@example.org,+1-647-679-8226,2025-04-27T20:56:51,True,ADDR01223,
CUST01024,Leonard Serrano,matthewcole@example.com,+1-403-927-4483x2842,2025-09-01T14:42:07,True,ADDR00505,
CUST01025,Michael Guzman,jstafford@example.com,(525)312-3065x076,2025-10-25T09:19:11,True,ADDR00072,
CUST01026,William West,hconway@example.org,7332632969,2026-06-01T22:02:39,True,ADDR00686,
CUST01027,Stephanie Black,bvargas@example.com,797.830.5408x8182,2025-03-09T21:06:51,True,ADDR00750,
CUST01028,Julie Yates,uthompson@example.org,(840)950-8316x156,2026-04-02T05:32:17,True,ADDR01560,
CUST01029,Evan Gonzales,huffrebecca@example.com,934.926.2301x784,2026-06-24T15:46:19,True,ADDR00915,
CUST01030,Tracy Allen,michael73@example.org,957-254-1056,2026-03-31T09:45:13,True,ADDR00155,
CUST01031,Rebecca Mcconnell,richard62@example.net,967.635.5935,2026-02-09T15:48:18,True,ADDR01798,RING006
CUST01032,Kimberly Maddox,andersonsandra@example.org,+1-378-897-2878x5388,2025-06-19T05:34:12,False,ADDR00686,
CUST01033,Jose Johnson,jasmine03@example.net,788-747-3034x30115,2025-12-19T21:33:25,True,ADDR00354,
CUST01034,Nathaniel Davis,katherinehoward@example.com,+1-985-720-1574x571,2025-07-15T02:17:58,True,ADDR00548,
CUST01035,John Ball,hdaniel@example.org,(231)765-0647,2026-02-16T15:10:39,True,ADDR00685,
CUST01036,Samantha Simpson,ygreen@example.net,001-744-432-1238,2025-02-21T08:53:22,True,ADDR01371,
CUST01037,Sara Mckenzie,abaker@example.com,461.554.7475,2025-11-25T15:20:59,True,ADDR01009,
CUST01038,Robert Moore,nicole10@example.org,332.572.7694,2025-06-03T07:03:06,True,ADDR00230,
CUST01039,Jennifer Sampson DDS,santiagothomas@example.org,(993)383-5198x45970,2025-03-11T06:25:45,True,ADDR00854,
CUST01040,Lucas Walters,robin88@example.org,742-917-2548x5056,2025-10-20T14:19:39,False,ADDR01400,
CUST01041,Isabella Castro,iwatson@example.org,788-425-1709x14817,2026-06-28T15:18:58,True,ADDR00305,
CUST01042,Michelle Burns,perrybeth@example.com,643-887-1848x85277,2025-09-18T12:03:13,True,ADDR00884,
CUST01043,Justin Mccall,felicia08@example.net,864-425-7385x6448,2025-04-20T14:59:29,True,ADDR01664,
CUST01044,Mr. Gary Russell,changryan@example.org,(678)504-3488,2025-07-23T06:37:39,True,ADDR01383,
CUST01045,Kelsey Ward,adamsjulie@example.org,643-378-3645,2025-12-16T06:07:27,False,ADDR01585,
CUST01046,Debra Williams,rosswilliams@example.com,+1-326-756-2753x800,2026-02-01T04:10:10,False,ADDR01386,
CUST01047,Timothy Long,connienewman@example.com,898.652.9583,2025-03-25T06:33:35,True,ADDR00005,
CUST01048,George Stewart,richard50@example.org,(558)476-2941,2025-03-25T23:53:04,True,ADDR01416,
CUST01049,Andre Allen,alexatyler@example.com,499-765-7639x341,2025-12-10T21:03:27,False,ADDR01476,
CUST01050,Oscar Acosta,pnguyen@example.com,(721)617-7313x400,2026-02-20T17:40:22,True,ADDR01144,
CUST01051,Joann Brown,brownjames@example.com,(256)975-4189x0362,2026-03-08T12:19:23,True,ADDR01586,
CUST01052,Brandon Montoya,stephensvalerie@example.com,813-788-8404,2026-05-27T07:31:34,True,ADDR01982,
CUST01053,Adam Stuart,james14@example.org,+1-926-472-0570x2584,2025-08-23T14:26:52,True,ADDR00917,
CUST01054,Joseph Stevens,connie02@example.com,(511)212-5041,2026-05-19T05:23:22,True,ADDR01566,
CUST01055,Kimberly Brown,diana93@example.net,001-584-681-6893x1162,2025-04-03T17:30:49,True,ADDR01502,
CUST01056,Justin Morgan DDS,donnaburgess@example.com,(620)228-5157x1448,2025-11-09T03:01:35,True,ADDR01832,
CUST01057,John Porter,charrison@example.org,001-269-247-1671x42984,2026-04-13T04:17:10,True,ADDR00999,
CUST01058,Katherine Bradshaw,sarah78@example.com,+1-254-203-7920,2025-01-12T00:48:03,True,ADDR01491,RING002
CUST01059,Rose Smith,jennifer61@example.com,(902)903-5473x08944,2025-09-09T08:54:36,True,ADDR00038,
CUST01060,Mr. Jason Garcia,glassmeredith@example.com,(461)759-3337x54167,2026-04-06T10:01:54,True,ADDR01652,
CUST01061,Jonathan Mosley,riveraeric@example.org,538.554.1419x114,2025-09-14T02:03:43,True,ADDR00025,
CUST01062,Chris Williams,pstein@example.net,001-744-550-8462,2026-01-30T11:20:42,False,ADDR01862,
CUST01063,William Hernandez,harrismaurice@example.com,(741)680-8602x02920,2025-07-27T23:36:28,False,ADDR00248,
CUST01064,Anthony Greene,jameshebert@example.org,(285)496-8597,2025-08-08T12:24:43,True,ADDR00444,
CUST01065,Jeffrey Rivera,owilson@example.org,339.907.9972x2736,2025-09-22T00:29:53,True,ADDR00052,
CUST01066,Karen West,dhunt@example.org,001-373-901-2816,2025-03-29T05:32:03,True,ADDR01133,
CUST01067,Matthew Mccormick,christopherobrien@example.net,528.870.9501x029,2025-02-07T10:58:23,True,ADDR01830,
CUST01068,Denise Sweeney,fhoward@example.com,4275213457,2025-06-21T22:22:38,True,ADDR01944,
CUST01069,Cathy Morris,xmanning@example.org,(330)560-9226x558,2026-02-07T12:11:40,True,ADDR01314,
CUST01070,Makayla Myers,xgriffith@example.com,+1-401-865-4461x71678,2025-12-02T15:14:37,True,ADDR01347,
CUST01071,Shane Whitaker,jsmith@example.net,001-380-768-9851x8301,2026-04-04T11:58:12,False,ADDR01212,
CUST01072,Robert Bennett PhD,greenematthew@example.org,730-684-6670x6081,2025-03-24T01:40:11,True,ADDR00378,
CUST01073,Martha Gonzalez,riveraemily@example.com,674.893.2987,2025-03-17T12:11:17,True,ADDR00141,
CUST01074,Brooke Carter,wford@example.org,5464538746,2026-03-18T11:39:46,True,ADDR00850,
CUST01075,Tommy Cooper,brandon28@example.org,+1-323-245-6551x0503,2025-04-17T11:40:07,True,ADDR00046,
CUST01076,Christopher Jones,alison53@example.net,631.816.0764,2025-05-05T20:50:41,True,ADDR00154,
CUST01077,Christina Liu,browndonna@example.com,+1-546-795-6358,2025-08-14T17:24:11,True,ADDR01803,RING006
CUST01078,Sandra Franklin,cfigueroa@example.com,(325)653-1395x246,2025-12-14T23:38:40,True,ADDR01972,
CUST01079,Kenneth Brooks,smithkathy@example.com,(225)342-3837,2025-07-20T14:39:54,True,ADDR01589,
CUST01080,Andrew Evans,lovechristine@example.net,+1-909-848-8744x032,2025-04-26T18:09:56,True,ADDR00236,
CUST01081,Angela Wheeler,kennedydeborah@example.org,768.747.2737x116,2025-09-27T07:15:42,True,ADDR01483,
CUST01082,Matthew Solis,parkerkenneth@example.net,(751)926-4505x1525,2025-05-28T16:34:39,True,ADDR01770,
CUST01083,Marie Myers,pacecolleen@example.com,(346)613-5578x1399,2025-02-10T01:25:08,True,ADDR00326,
CUST01084,Jennifer Jones,davisamy@example.net,+1-696-856-5876x0945,2025-07-27T18:07:00,True,ADDR01657,
CUST01085,Norma Wright,reesebrian@example.net,5679439211,2026-03-11T23:08:51,True,ADDR01687,
CUST01086,Marcia Moore,ashley64@example.org,2908441787,2026-03-31T05:14:13,True,ADDR00540,
CUST01087,Christopher Ross,carlanderson@example.org,277.851.4822x077,2025-09-07T08:27:50,True,ADDR01484,
CUST01088,Carl Hansen,robertsjoe@example.com,+1-721-738-8147x68371,2025-05-14T17:21:15,True,ADDR01736,
CUST01089,Andres Tyler,weavermaria@example.net,228.757.0786x06556,2026-03-26T12:12:48,True,ADDR01766,
CUST01090,Aimee Clements,joshuagarner@example.org,6289434198,2025-06-24T01:22:35,False,ADDR00502,
CUST01091,Edward Patrick,rodriguezralph@example.com,(278)205-8093,2025-07-21T17:28:04,True,ADDR01728,
CUST01092,Jennifer Carter,bmurphy@example.com,+1-216-595-1249x561,2025-11-21T02:09:36,True,ADDR00757,
CUST01093,Jamie Jarvis,ykelly@example.org,+1-231-587-3579,2026-01-20T19:36:04,True,ADDR00725,
CUST01094,Ashley Lopez,michael04@example.org,847-346-0523,2025-04-04T04:38:59,True,ADDR01786,
CUST01095,Mr. Paul Carrillo,brownsheryl@example.org,+1-326-787-2492,2025-10-03T06:55:14,True,ADDR00801,
CUST01096,Brian Walker,melissa36@example.net,945.578.0023,2026-02-02T21:47:28,True,ADDR01763,
CUST01097,Jessica Barker,ashley47@example.com,376.480.9266x80170,2025-01-18T15:09:03,True,ADDR00433,
CUST01098,Mary Decker,millerbruce@example.org,283-274-5469,2026-04-30T09:09:03,True,ADDR01177,
CUST01099,Daniel Benjamin,johnsonjohn@example.com,001-730-777-3142,2025-08-24T12:10:33,True,ADDR00118,
CUST01100,Brian Taylor,jrichard@example.net,(568)688-0614x368,2026-03-19T14:01:16,True,ADDR01027,
CUST01101,Kristen Lynch,fergusonryan@example.org,(850)211-9565,2025-08-14T19:04:23,True,ADDR00812,
CUST01102,Caleb Knight,jlowe@example.org,001-485-958-2962x41142,2025-07-30T05:39:18,True,ADDR00815,RING006
CUST01103,Scott Simmons,anthonywilliams@example.com,+1-701-289-3481x6974,2025-10-27T12:27:49,True,ADDR01083,
CUST01104,Tyler Keller,helen15@example.org,+1-633-521-9871x4545,2026-03-14T17:07:41,True,ADDR01483,
CUST01105,Stephanie Fernandez,whodges@example.org,+1-818-680-8863,2025-04-12T02:47:50,True,ADDR00390,
CUST01106,Nicole Sanders,wthompson@example.org,(387)566-1655x6524,2025-06-25T14:59:36,False,ADDR01735,
CUST01107,Thomas Hurley,kgrimes@example.org,316.244.6157,2025-07-30T15:49:48,True,ADDR00303,
CUST01108,Richard Atkinson,taylorsandra@example.net,+1-917-443-6907x24987,2026-01-15T23:18:06,True,ADDR01132,
CUST01109,Jonathan Underwood,kimberlysmith@example.com,215.526.9413,2025-05-25T17:48:06,True,ADDR00193,
CUST01110,Vanessa Nelson,kevinjohnson@example.net,(685)431-9502x3916,2025-06-18T23:48:08,True,ADDR01829,
CUST01111,Mark Meyer,kelleysamuel@example.org,673-658-3812x3481,2025-10-10T18:50:26,True,ADDR01165,
CUST01112,Jessica Townsend,smithtyler@example.net,268-239-1982,2025-10-09T23:31:56,True,ADDR01910,
CUST01113,Alejandra Williams,allenmegan@example.org,204-443-2163,2026-02-27T14:32:09,True,ADDR00657,
CUST01114,Angel Mcclure,hansendanny@example.org,001-672-444-9861,2025-01-11T08:19:25,True,ADDR01033,
CUST01115,Lisa Heath,jameskline@example.com,786-249-2311x50283,2026-01-27T11:13:39,True,ADDR01752,
CUST01116,Angela Webb,mark50@example.com,224-251-7431x0382,2025-08-31T13:32:45,True,ADDR00503,
CUST01117,Jason Williams,jenkinsmonica@example.com,836-478-7560x205,2026-02-07T09:40:37,True,ADDR00075,
CUST01118,Thomas Smith,tiffany18@example.net,276-330-2738,2026-05-08T01:05:44,True,ADDR00556,
CUST01119,Sarah Dorsey,theresamason@example.net,602-596-7664,2025-04-20T07:55:19,True,ADDR00572,
CUST01120,Charles Bryant,kimberly79@example.net,7113041559,2026-02-04T23:30:58,True,ADDR00971,
CUST01121,Steven Page,cwebb@example.com,(223)476-8325,2026-02-28T21:03:50,True,ADDR01157,
CUST01122,Elizabeth Singh,flynch@example.org,(882)878-9917x0089,2026-04-03T21:17:05,True,ADDR00256,
CUST01123,Stephen Love,jennifer24@example.com,001-556-467-0165x5510,2026-04-21T06:52:36,True,ADDR00888,
CUST01124,Audrey Ferguson,charles52@example.org,(743)284-5703x88013,2026-04-22T07:20:14,True,ADDR00781,
CUST01125,Michael Lam,jake93@example.com,001-465-603-1382,2026-05-31T23:31:29,True,ADDR00759,
CUST01126,Kevin Thomas,angela79@example.org,+1-346-533-0200x69549,2025-04-21T08:24:27,True,ADDR00850,
CUST01127,James Rasmussen,hudsonpatrick@example.com,681-255-0109,2026-06-19T15:34:34,True,ADDR00893,
CUST01128,Mr. Zachary Allen DVM,hschmidt@example.net,386-436-4226x469,2025-11-18T19:26:55,True,ADDR00492,
CUST01129,Craig Hart,ufigueroa@example.net,207.507.2127x6800,2025-05-16T03:54:56,True,ADDR00170,
CUST01130,Kelsey Allen,samuelmiller@example.net,384.294.2236,2025-07-17T12:48:34,True,ADDR00473,
CUST01131,Curtis Rowland,beth46@example.com,001-948-815-5321x9260,2026-04-22T03:33:27,True,ADDR00422,
CUST01132,Douglas Martin,amy35@example.net,(769)494-8041x04995,2025-09-25T11:50:53,True,ADDR01442,
CUST01133,Michelle Gonzales,eric26@example.com,(716)666-7847,2026-01-01T07:01:04,True,ADDR01301,
CUST01134,Richard Anderson,karen25@example.org,001-743-614-9539x2981,2025-01-26T09:52:21,True,ADDR01682,
CUST01135,Tanya Johnson,michael12@example.org,001-948-679-0272,2025-04-15T05:41:41,True,ADDR01970,
CUST01136,Nicholas Brown,timothyhall@example.net,398.622.8486,2025-03-10T07:08:36,True,ADDR00037,
CUST01137,Clayton Reyes,matthew20@example.org,697.908.9780,2025-03-04T15:43:04,True,ADDR01019,
CUST01138,Michelle Johnson,laurengibbs@example.org,(962)697-9439,2025-11-23T14:35:26,True,ADDR00055,
CUST01139,Victoria Phillips,klinelisa@example.net,421-512-0618x8500,2025-10-09T20:06:04,True,ADDR00607,
CUST01140,Debra Robinson,brownjacob@example.com,796-388-7754,2025-04-14T16:59:05,True,ADDR00037,
CUST01141,Karen Spencer,ellen45@example.org,9838974641,2026-03-20T19:30:58,True,ADDR01353,
CUST01142,Jason Meyer,ericcaldwell@example.org,+1-697-456-5536x737,2025-06-23T08:55:57,True,ADDR00932,
CUST01143,Allison Wolf,bbarton@example.com,332.504.3333x421,2025-06-15T20:48:22,True,ADDR01366,
CUST01144,Meagan Wilson,frances36@example.net,354-773-5645x1713,2026-05-15T01:47:01,True,ADDR01803,
CUST01145,Richard Rios,andrew87@example.net,(229)718-5286x9078,2026-04-28T13:35:23,False,ADDR00506,RING003
CUST01146,Kimberly Wilkerson,ronaldyoder@example.com,001-395-291-4999,2025-06-18T12:28:17,True,ADDR01522,
CUST01147,Mark Aguilar,david49@example.net,001-775-976-1291x9099,2026-06-28T21:04:38,True,ADDR00489,
CUST01148,Selena Smith,lawrenceandres@example.com,+1-683-648-4611x82060,2025-12-01T21:50:44,True,ADDR01083,
CUST01149,Matthew Chaney,qlivingston@example.net,001-335-756-2264x701,2025-11-28T14:57:55,True,ADDR01533,
CUST01150,Michelle Graves,laura66@example.org,001-402-427-2998x209,2026-03-22T03:42:15,True,ADDR01755,
CUST01151,Joseph Vincent,newmanryan@example.com,400.604.6629x3763,2025-11-26T18:11:53,True,ADDR01820,
CUST01152,Wesley Lowe,hmartinez@example.net,(400)318-9652,2025-07-19T14:58:05,True,ADDR00997,
CUST01153,Anthony Young,kathleenschneider@example.net,712.267.8548x1791,2026-05-09T00:35:30,True,ADDR01323,
CUST01154,Monica Davis,kimberly67@example.com,245.548.6283x37715,2025-03-17T19:15:46,False,ADDR00106,
CUST01155,Teresa Marks,andrewbrewer@example.com,+1-300-681-1815,2025-02-17T18:45:31,True,ADDR01787,RING001
CUST01156,Alicia Taylor,hartlaura@example.com,341.869.4797x0910,2025-06-29T00:06:26,True,ADDR01130,
CUST01157,Richard Williams,hhogan@example.net,4026471681,2025-12-30T17:16:50,True,ADDR00506,
CUST01158,Thomas Christensen,matthew50@example.com,846-336-2916x084,2025-11-03T05:55:25,False,ADDR00356,
CUST01159,Karen Edwards,jennifermorgan@example.net,+1-494-609-3409,2026-05-14T23:24:29,True,ADDR00174,
CUST01160,Justin Butler,allenlinda@example.net,001-785-503-4562x44870,2026-01-05T11:16:46,True,ADDR00961,
CUST01161,Eileen Mercado,qcollins@example.org,610.419.1773x21130,2025-09-26T14:02:17,True,ADDR01543,
CUST01162,Dylan Wilson,michellelloyd@example.com,886.485.1970x4916,2025-08-08T10:12:22,True,ADDR00386,
CUST01163,Alejandra Shepard,shepherdchris@example.net,+1-504-417-6220,2025-06-14T11:10:50,True,ADDR00665,
CUST01164,Marvin Cross,olyons@example.com,555.214.0514,2026-04-24T10:25:30,True,ADDR01928,
CUST01165,Brian West,cameroncooper@example.com,497-597-5415x814,2025-04-10T12:51:55,True,ADDR00541,
CUST01166,Valerie Roberts,christopherdavis@example.org,(698)725-9771x57490,2026-01-18T13:36:02,True,ADDR01566,
CUST01167,Melissa Terry,singhheather@example.org,001-670-818-7639,2025-05-21T22:37:25,True,ADDR01577,
CUST01168,Kristen Lopez,jeanettejensen@example.org,(629)674-6603x547,2025-10-09T06:15:23,True,ADDR00517,
CUST01169,Charlotte Leon,deanyoung@example.org,(588)759-2182,2025-02-07T04:56:53,True,ADDR00695,
CUST01170,Nicholas Beard,jimenezemily@example.org,001-622-337-5424x1804,2026-05-27T08:53:36,True,ADDR00219,
CUST01171,Sarah Dixon,cannonlisa@example.com,495-541-2369x1578,2025-09-25T09:45:00,True,ADDR01077,
CUST01172,Jennifer Whitaker,anna10@example.net,2968050240,2025-08-08T00:22:40,True,ADDR00205,
CUST01173,Theresa Lawrence,eroberts@example.com,001-344-453-4780x99082,2025-01-28T01:33:54,True,ADDR00885,
CUST01174,April Thompson,smorris@example.net,001-675-701-2445,2025-05-28T06:28:54,True,ADDR00776,
CUST01175,Austin Gibson,tanner69@example.org,494.401.0421x37661,2025-11-04T18:22:32,True,ADDR01193,
CUST01176,Drew Thompson,john67@example.org,241.762.5696x2549,2026-01-15T23:05:36,True,ADDR01095,
CUST01177,Mr. Ryan Long MD,williamsmonique@example.net,+1-239-702-3133x0929,2025-08-20T06:08:09,True,ADDR01036,
CUST01178,Eric Mayo,richardlittle@example.org,+1-625-989-2966x401,2025-01-13T06:48:14,True,ADDR01606,
CUST01179,Noah Savage,ibennett@example.net,+1-263-342-8418,2026-06-03T04:37:46,True,ADDR01630,
CUST01180,Chad Phillips,catherine34@example.com,(535)549-2356x7611,2026-06-19T10:23:25,True,ADDR00679,
CUST01181,George Arnold,sarah85@example.net,541-945-5091,2026-04-02T14:15:13,True,ADDR01812,
CUST01182,Nancy Bennett,jason38@example.com,+1-836-684-5001x966,2025-10-14T05:27:13,True,ADDR00506,
CUST01183,Jeffery Bray,johngriffith@example.org,+1-598-373-9840x107,2026-04-07T10:03:40,True,ADDR01622,
CUST01184,Robert Hall,khernandez@example.net,001-749-677-2850x1441,2026-01-04T18:59:13,False,ADDR01542,
CUST01185,Chad Travis,deborahalvarez@example.org,(820)472-7808x0011,2026-03-24T13:40:25,True,ADDR00786,
CUST01186,Christopher York,armstrongdean@example.net,(892)680-9563,2025-07-09T20:42:57,True,ADDR01480,
CUST01187,Kenneth Hansen,irobles@example.org,520.525.2368,2026-02-13T17:32:09,True,ADDR00364,
CUST01188,Nicholas Williamson,lowemichael@example.com,660.551.0665,2026-05-17T03:39:40,True,ADDR00268,
CUST01189,Alan Sanders,tlewis@example.org,758-734-3725x01341,2025-09-04T09:38:32,True,ADDR00308,
CUST01190,Anna Davis,bashley@example.org,802-961-5260,2025-11-22T23:31:20,True,ADDR00167,
CUST01191,Elijah Villanueva,katiewoods@example.com,001-574-757-3096x924,2026-05-17T07:14:36,True,ADDR01442,
CUST01192,William Watson,riverasean@example.net,638-982-0345x5786,2025-08-14T02:28:16,True,ADDR01947,
CUST01193,Gregory Smith,mwilliams@example.com,987-822-2771,2026-05-16T20:46:35,True,ADDR00912,
CUST01194,Nicole Mullins,heathermorales@example.com,406.700.9807,2025-02-23T00:14:24,True,ADDR01361,
CUST01195,Mrs. Kelly Walker MD,erica92@example.com,935.365.9746,2026-03-19T08:22:24,True,ADDR01560,
CUST01196,Erica Wood,robinsonkatherine@example.net,+1-981-956-8976x756,2025-06-17T04:32:13,True,ADDR00890,RING001
CUST01197,Christina Garrison,ofrye@example.com,+1-377-585-5808x774,2025-03-02T22:01:00,True,ADDR01529,
CUST01198,Michael Bean,pottschristopher@example.com,4196285641,2026-03-22T23:42:03,True,ADDR01782,
CUST01199,Jesse Simpson,zroberts@example.com,001-512-533-1938,2025-08-14T16:44:08,True,ADDR01472,
CUST01200,Eric Martinez,rgarcia@example.net,651.393.1319x957,2026-03-31T23:38:34,True,ADDR00672,
CUST01201,Jeff Perkins,rgonzalez@example.org,997-249-7850,2025-02-20T05:02:09,True,ADDR01992,
CUST01202,Benjamin Delgado,sharon36@example.org,962.341.1657,2025-09-18T10:44:34,True,ADDR01148,
CUST01203,Craig Ruiz,xjohnson@example.net,001-585-673-4251x7335,2025-06-28T09:06:17,True,ADDR00355,
CUST01204,Matthew Johnson,nvincent@example.net,261-981-1663,2026-05-05T14:50:51,False,ADDR00681,RING006
CUST01205,Dr. Joel Ramirez,butlercorey@example.org,001-675-993-9289x10022,2025-08-07T02:12:13,True,ADDR01268,
CUST01206,Sydney Patel,monicarose@example.com,522-309-8817x13317,2026-01-14T14:05:14,True,ADDR01013,
CUST01207,Joshua Alvarez,bradleysarah@example.com,8964502396,2025-11-08T11:42:38,True,ADDR00282,
CUST01208,Donald Armstrong,matthew18@example.com,+1-708-756-5135x71206,2026-03-30T03:36:20,True,ADDR01035,
CUST01209,Tony Harris,sanchezjody@example.net,+1-565-737-2793x2197,2025-10-02T05:52:27,True,ADDR01702,
CUST01210,Angela Gaines,hamiltoneric@example.org,001-457-487-5710x4732,2026-03-14T01:57:02,True,ADDR01966,
CUST01211,Tara Howard,qcruz@example.net,333.825.5452,2026-01-19T06:50:54,True,ADDR01798,
CUST01212,Michael Carpenter,xperez@example.com,001-731-907-3347x664,2025-03-08T17:11:29,True,ADDR01168,
CUST01213,Stephanie Perez,elizabeth32@example.net,7415579025,2026-05-03T00:57:01,True,ADDR01135,
CUST01214,Aaron Hensley,marie78@example.com,7235196133,2025-04-15T23:17:35,False,ADDR01660,
CUST01215,Julian Harrington,michaelriley@example.com,878-985-9655x838,2026-05-16T20:01:33,True,ADDR01127,
CUST01216,Alexandra Evans,dawn30@example.com,3433839824,2025-01-24T10:11:27,False,ADDR01616,RING005
CUST01217,Amanda Hammond,fishercaitlin@example.com,+1-666-584-9161,2025-05-19T04:24:13,True,ADDR00524,
CUST01218,Vanessa Burgess,wknapp@example.org,452.393.3555,2026-06-03T16:47:06,True,ADDR00836,
CUST01219,Heidi Mcguire,david29@example.com,(998)633-0297,2025-11-03T21:25:45,True,ADDR00119,
CUST01220,Darryl Wu,carol73@example.org,001-935-529-3981x2293,2025-09-07T23:00:04,True,ADDR00176,
CUST01221,Alyssa Wood,elizabeth64@example.org,001-454-986-6655,2025-09-22T05:41:26,True,ADDR01201,
CUST01222,Regina Brooks,brewermark@example.net,848.746.2311x346,2026-03-29T14:08:53,True,ADDR01776,
CUST01223,Todd Jones,jonestimothy@example.net,597-542-0994,2025-02-03T04:49:01,True,ADDR01559,
CUST01224,David Green,leslie89@example.org,001-734-876-5205,2025-12-12T21:05:01,False,ADDR00815,
CUST01225,Christopher Levine MD,vrose@example.com,929.377.7494x3914,2026-06-05T22:35:18,True,ADDR01429,
CUST01226,Charles Clay,nathan95@example.com,469-387-8996x3861,2026-05-31T14:07:49,True,ADDR00029,
CUST01227,Joyce Johnson,meyerronald@example.com,(564)754-2934,2025-07-25T23:06:36,True,ADDR00004,
CUST01228,Andrea Walsh,kimberly16@example.org,+1-513-580-8350x665,2026-02-04T21:23:41,True,ADDR00724,
CUST01229,Heather Peters,cbush@example.com,715-808-0972,2025-05-23T10:41:17,True,ADDR01844,
CUST01230,Heather Wallace,gjohnson@example.net,001-945-561-8323,2025-05-16T12:49:52,True,ADDR01350,
CUST01231,Jared Bennett,hillloretta@example.net,+1-751-440-4992x5069,2026-05-13T23:09:50,True,ADDR01380,
CUST01232,Stanley Young,parkermonique@example.net,(881)981-7633x190,2026-06-22T16:44:36,True,ADDR01999,
CUST01233,Jonathan Wilson,dallen@example.org,801-630-9617,2025-11-25T23:20:31,True,ADDR00808,
CUST01234,Cynthia Kirk,cardenasronald@example.net,723.829.6403,2025-04-10T19:34:29,True,ADDR01351,
CUST01235,Emily Mueller,oliviakoch@example.com,001-825-472-7350x78679,2026-02-06T00:03:03,True,ADDR01672,
CUST01236,Scott Cervantes,coxjesse@example.org,001-926-323-0493x813,2025-09-26T05:26:24,True,ADDR00092,
CUST01237,Gail Woodward,jennifersanders@example.org,001-805-358-4619x5627,2026-04-01T09:51:59,True,ADDR00255,
CUST01238,Nicole Patterson,rodriguezjulie@example.com,(623)411-1154,2025-09-15T18:49:46,False,ADDR01522,
CUST01239,Charles Alexander,mbailey@example.net,6458944709,2025-06-18T15:50:42,True,ADDR01337,
CUST01240,Christopher Oneill,geraldburns@example.org,+1-908-491-8374x526,2025-06-09T18:00:10,True,ADDR00525,
CUST01241,Jose Anderson,sherri68@example.net,9214285230,2025-09-12T09:54:43,True,ADDR00482,
CUST01242,Mr. Ian Wilson,william87@example.com,(940)862-3869,2025-12-26T20:27:32,True,ADDR00885,
CUST01243,Amanda Shannon,lori99@example.net,235-608-6034,2026-06-13T01:14:22,True,ADDR00917,
CUST01244,Kelly Weaver,zimmermanjared@example.org,304.348.7722,2025-06-15T04:33:56,True,ADDR00910,
CUST01245,Anthony Oconnor,ricewendy@example.net,001-986-499-1683,2025-04-12T00:53:01,True,ADDR01480,
CUST01246,Amy Calhoun,ewright@example.org,+1-296-821-9257x518,2025-09-18T01:14:39,True,ADDR01706,
CUST01247,Nicholas Kim,april72@example.org,+1-548-731-2201x9945,2025-09-08T15:01:14,False,ADDR00988,
CUST01248,Jeffery Weaver,burnssean@example.org,889-746-8852,2025-02-24T01:25:06,False,ADDR01364,
CUST01249,Alicia Orozco,cantukrystal@example.com,+1-742-324-6115x6205,2026-05-18T13:59:40,True,ADDR01452,
CUST01250,Katherine Mitchell,boyddebbie@example.net,309.218.7683x62309,2025-03-13T13:48:21,True,ADDR01228,
CUST01251,Brenda Martinez,jonathan82@example.com,+1-952-403-6403x5494,2026-01-06T19:03:55,False,ADDR00964,
CUST01252,Jason Munoz,millermichael@example.org,001-280-656-6190x9339,2026-06-17T14:48:30,True,ADDR01834,
CUST01253,James Weiss,lwright@example.org,605-463-4474,2026-02-01T03:10:32,False,ADDR01777,
CUST01254,Kristen Johnson,heather65@example.com,(533)630-7955x0707,2025-11-17T17:40:47,False,ADDR01615,
CUST01255,Patrick Smith,mspears@example.com,279-717-5128x502,2026-03-24T17:16:10,True,ADDR01353,
CUST01256,Jeffrey Warren MD,anna94@example.net,001-226-765-8861x9801,2025-07-25T05:03:11,True,ADDR00986,
CUST01257,Amber Thomas,robertswilliam@example.org,479.835.6884x0747,2025-11-17T05:52:20,True,ADDR00805,
CUST01258,Samuel Poole,berrycathy@example.org,398.305.7622x1613,2026-06-04T05:51:23,True,ADDR01019,
CUST01259,Dawn Carpenter,stevenbrewer@example.net,(862)435-1162,2025-03-11T23:37:51,True,ADDR00311,
CUST01260,Rebecca Johnson,bridget25@example.net,+1-619-618-9291,2025-05-13T06:13:02,True,ADDR01538,
CUST01261,Robert Oneal,jamespearson@example.com,(542)405-8130x5358,2025-10-14T00:43:14,True,ADDR00472,
CUST01262,Tammy Hansen,ycontreras@example.com,(562)694-0838x76003,2026-05-25T20:48:30,True,ADDR01025,
CUST01263,Steven Guzman,nwillis@example.com,(331)555-0214x5363,2025-02-09T03:51:26,True,ADDR01603,
CUST01264,Laura Harvey,gwilliams@example.org,405-235-4813x27436,2025-06-03T04:33:07,True,ADDR00714,
CUST01265,Brittney Rogers,nicholaswarner@example.org,683.914.5985,2026-03-21T22:10:08,True,ADDR01736,
CUST01266,Amy Harvey,laura51@example.net,734-955-2943,2025-10-09T11:45:22,True,ADDR00296,
CUST01267,Eric Jackson,millerheather@example.net,001-334-751-3983x7542,2025-10-22T23:12:24,True,ADDR00913,RING008
CUST01268,Kathleen Ortega,dpowell@example.org,7908885144,2025-01-09T04:06:25,True,ADDR00656,
CUST01269,Toni Novak,johnsonchloe@example.org,697-961-4195,2025-03-14T17:08:24,True,ADDR01148,
CUST01270,Megan Alvarez,ashleythompson@example.org,7113771924,2026-01-23T18:07:08,True,ADDR01355,
CUST01271,Sierra Miller,maryrodriguez@example.com,(984)815-4985x14337,2025-06-23T23:36:48,True,ADDR01411,
CUST01272,Stephanie Robles,marie88@example.org,260.641.2108x000,2025-12-25T06:21:17,True,ADDR00610,
CUST01273,Steven Zhang,kaylachapman@example.com,(967)388-0884x28401,2025-11-19T11:52:03,True,ADDR00549,
CUST01274,David Wood,anthonywhite@example.net,464.274.8940x928,2025-02-25T21:44:12,True,ADDR01977,
CUST01275,Mary Mcguire,kevin99@example.com,(685)206-1512x1246,2025-03-10T11:33:40,True,ADDR00776,
CUST01276,Paul Jackson,meganhoward@example.net,446.690.6425x1018,2026-05-12T08:01:41,True,ADDR01429,
CUST01277,Patrick Brewer,abigail29@example.org,001-354-993-1515x559,2026-05-25T17:35:17,True,ADDR00420,
CUST01278,Christina Warren,oray@example.net,335-362-6747,2025-07-03T17:20:06,True,ADDR01909,
CUST01279,David Black,hamiltontiffany@example.org,703-265-7598,2025-11-03T16:43:43,True,ADDR01174,
CUST01280,Joseph Mccormick,clee@example.com,922.315.5991,2025-12-09T20:14:35,True,ADDR01971,
CUST01281,Stephanie Mercado,eugenehughes@example.org,496-720-3823,2025-08-20T13:13:56,True,ADDR01430,
CUST01282,Jeffery Murray,karendawson@example.com,611-702-9973,2025-01-30T17:01:44,True,ADDR01189,
CUST01283,Matthew Ali,michaelwoods@example.net,+1-437-318-9340x72151,2026-05-04T23:36:40,True,ADDR00131,
CUST01284,Jeanne Ellis,kchandler@example.org,(242)686-5548,2025-11-02T10:41:13,True,ADDR00690,
CUST01285,Valerie Myers,lisahernandez@example.org,(938)979-2408,2025-06-19T02:26:49,True,ADDR00822,
CUST01286,Frank Thomas,samantha26@example.net,001-271-584-7117x09008,2026-05-22T09:08:50,True,ADDR00127,
CUST01287,Brenda Bennett,lmcdaniel@example.com,(333)514-1186x43601,2025-04-23T16:43:54,True,ADDR00799,
CUST01288,Mary Elliott,acevedomatthew@example.com,+1-527-467-2022x74540,2025-02-11T19:13:11,True,ADDR00242,
CUST01289,Sarah Waters,vrice@example.org,+1-267-672-6303,2025-10-30T00:31:04,True,ADDR00159,
CUST01290,Ashley Chavez,santiagoashley@example.org,+1-509-464-1036x7807,2026-02-01T10:52:27,True,ADDR00913,
CUST01291,Patrick James,williamsimon@example.org,001-918-881-9220x7007,2026-05-19T07:07:01,False,ADDR01518,
CUST01292,Lorraine Thomas,wellsdevin@example.com,237.748.1770,2026-01-25T11:19:24,True,ADDR00616,
CUST01293,Sara Garcia,ucrawford@example.net,001-846-886-0751x32982,2026-05-24T00:06:47,True,ADDR00419,
CUST01294,Denise Miller,butlerbrenda@example.org,296-284-5843x674,2025-06-01T18:43:53,True,ADDR01769,
CUST01295,Rhonda Pham,wmorrison@example.net,+1-937-283-9102x244,2026-01-06T01:05:52,True,ADDR01409,
CUST01296,Tonya Contreras,njones@example.org,227-698-9805x17303,2026-05-06T02:39:37,True,ADDR01374,
CUST01297,William Reed,raymondkeller@example.net,990-788-2957x095,2025-10-11T10:03:03,True,ADDR00852,
CUST01298,Jeffrey Luna,emartin@example.com,(714)993-9487x8429,2026-05-04T06:06:52,True,ADDR00989,
CUST01299,Mark Walker,collinsjill@example.com,(264)634-5580x4570,2026-04-08T16:35:50,True,ADDR01568,
CUST01300,Scott Nguyen,edwardnash@example.com,001-870-778-4874x758,2026-02-27T15:13:51,True,ADDR01535,
CUST01301,Mr. Ryan Valenzuela,jessicalopez@example.com,700.888.2893,2025-12-31T03:18:42,True,ADDR00944,RING003
CUST01302,Chad Callahan,vicki06@example.net,4048714011,2025-10-08T00:59:27,True,ADDR00686,
CUST01303,Stephanie Jacobs,heather53@example.net,+1-801-447-4241x666,2026-03-31T04:54:38,True,ADDR01214,
CUST01304,Eddie Dennis,justincross@example.net,227.899.1443x842,2026-01-04T07:47:27,False,ADDR00076,
CUST01305,Jillian Robinson,daniel35@example.net,422-561-5761x07103,2026-06-23T13:49:15,True,ADDR00374,
CUST01306,David Buchanan,sethsmith@example.com,001-448-639-8816x47374,2025-10-26T09:38:45,True,ADDR01240,
CUST01307,John Graham,garciavictoria@example.net,412-540-3933,2025-03-16T15:25:00,True,ADDR01232,
CUST01308,Barbara Murray,xjones@example.org,821-984-6556x600,2026-03-03T11:50:05,True,ADDR01442,
CUST01309,Chris Benitez,jessica77@example.org,936-880-7130x657,2026-01-07T11:22:40,False,ADDR01684,
CUST01310,Carrie Parsons,jamesnelson@example.net,+1-720-848-1075,2025-04-09T20:54:14,True,ADDR01346,
CUST01311,Heidi Howard,allenkara@example.com,(561)227-9487,2026-06-25T03:27:38,True,ADDR00445,
CUST01312,Whitney Chang,ymorton@example.com,835.373.5575,2025-04-10T22:58:10,True,ADDR00435,
CUST01313,Sergio King,heidi47@example.com,+1-702-224-6421x400,2025-06-01T11:43:51,True,ADDR01172,
CUST01314,Brent Hall,strongamber@example.org,001-993-425-5948,2025-11-23T18:16:33,False,ADDR00537,
CUST01315,Sarah Wiley,mbaker@example.net,001-773-679-1174x1768,2025-07-13T23:00:05,True,ADDR00132,
CUST01316,Anthony Gross,shellymartin@example.com,245.910.2581x018,2026-02-21T02:59:52,True,ADDR01117,
CUST01317,Elizabeth James,rebeccalewis@example.org,428-466-9720,2026-01-24T03:29:47,True,ADDR00737,
CUST01318,Krystal Dawson,allison32@example.net,354.944.7860x68302,2025-04-16T04:10:50,True,ADDR01420,
CUST01319,Patrick Sanchez,david41@example.com,(538)707-5625,2026-02-13T18:57:25,True,ADDR00139,
CUST01320,Brian Barnett,samanthapeterson@example.net,989.424.3612,2026-05-01T18:22:30,True,ADDR01435,RING006
CUST01321,Richard Bowers,ericamcgee@example.com,971.850.3819,2026-04-04T14:31:24,True,ADDR00130,
CUST01322,John Harris,jessicabell@example.org,756-470-2728,2025-03-08T00:01:11,True,ADDR00848,
CUST01323,Matthew Ramos,taylorzachary@example.com,989.465.9958x0304,2025-10-11T04:24:09,True,ADDR01365,
CUST01324,Carmen Hudson,masoncurtis@example.com,620-988-5798x896,2025-05-02T13:34:35,True,ADDR01229,
CUST01325,Richard Fernandez,staceyyoung@example.com,001-938-437-2859x51710,2025-10-14T07:13:46,True,ADDR01419,
CUST01326,Brandon Evans,ksantiago@example.org,+1-937-851-2515x04656,2026-06-21T13:30:28,True,ADDR00266,
CUST01327,Grace Sullivan,pamela41@example.org,969.246.7926x620,2026-01-16T18:51:04,True,ADDR01140,
CUST01328,Alexa Hall,eadams@example.org,594.556.1846x5251,2025-12-06T13:36:39,True,ADDR01781,
CUST01329,Donna Wall,jeffreysmith@example.com,001-749-720-6019,2026-06-02T23:53:21,True,ADDR01606,RING004
CUST01330,Andrew Johnson,grace56@example.org,237-303-0720x7674,2026-03-01T19:39:46,True,ADDR00303,
CUST01331,Mr. Jeff Page DDS,bortiz@example.net,909.697.6343,2025-05-18T17:46:47,True,ADDR01462,
CUST01332,Dennis Mcclure,cartersamuel@example.com,+1-298-435-6580,2025-07-02T22:44:14,True,ADDR00457,
CUST01333,Lee Silva,perryjoshua@example.net,787.320.3203,2026-02-26T21:22:57,True,ADDR00295,
CUST01334,Vickie Clark,smann@example.com,394-587-9550,2026-04-21T17:11:57,True,ADDR01080,
CUST01335,Mark Reed MD,michelleflores@example.com,+1-783-697-9465x0803,2025-05-31T14:18:22,True,ADDR00768,
CUST01336,Kayla Martinez,jamesanderson@example.com,(251)715-7104x885,2026-04-10T23:12:44,True,ADDR01855,
CUST01337,Mr. Aaron Johnson,webstererin@example.net,847.988.1945,2026-01-12T06:19:24,True,ADDR00616,
CUST01338,Donald Curtis,justin41@example.net,(988)790-0630,2026-02-13T17:58:30,True,ADDR00841,
CUST01339,Nancy Smith,danmorris@example.net,981-890-4965x29178,2026-01-23T10:59:32,True,ADDR01742,
CUST01340,Thomas Leonard,jonestimothy@example.net,213-460-9583x767,2026-06-09T23:28:08,True,ADDR00568,
CUST01341,Karen King,jonathanlewis@example.net,001-444-788-5413x79991,2025-12-20T07:04:57,True,ADDR00070,
CUST01342,William Scott,mckinneytravis@example.org,+1-849-660-7252x1546,2026-02-08T20:01:34,True,ADDR01837,
CUST01343,Carolyn Cooper,mary46@example.net,(554)790-7049x15077,2025-01-08T14:49:51,True,ADDR01553,
CUST01344,Austin Martin,vquinn@example.net,(992)990-8888,2026-03-04T16:27:01,True,ADDR00252,
CUST01345,Angela Pham,richardsanchez@example.org,580-556-7165x49047,2026-06-16T12:10:15,False,ADDR01487,RING003
CUST01346,Wayne White,crystalle@example.net,+1-336-313-1135x22620,2025-02-08T03:37:12,True,ADDR01119,
CUST01347,Phillip Gutierrez,jennifercurtis@example.com,453-437-5993x523,2025-09-03T12:22:55,True,ADDR00984,
CUST01348,Brian Travis,morenokristina@example.net,724-932-4083x7090,2025-09-30T08:01:41,True,ADDR00636,
CUST01349,Vanessa Thompson,blankenshipjennifer@example.org,274-622-2778x282,2026-06-11T08:17:46,True,ADDR01531,
CUST01350,Robert Harris,austin60@example.com,(264)533-1787x54160,2026-05-21T06:23:27,False,ADDR00228,
CUST01351,Joann Morgan,beckyjones@example.org,9589504084,2025-01-09T04:25:54,True,ADDR01085,
CUST01352,David Collins,richardjohnson@example.org,001-265-245-1974x951,2026-05-14T11:05:16,True,ADDR01152,
CUST01353,Richard Miller,karen31@example.net,001-321-897-3119,2025-11-23T14:04:34,True,ADDR01394,
CUST01354,Luis Jensen,jenningsbrandi@example.com,001-799-428-1322,2025-07-21T22:39:14,True,ADDR01008,
CUST01355,Kristen Thompson,bross@example.net,488-780-3338x1746,2025-03-03T15:44:17,True,ADDR00892,
CUST01356,Johnny Scott,john55@example.com,+1-768-511-6555x3038,2026-02-17T17:50:17,True,ADDR00915,
CUST01357,Dylan Crane,davisjames@example.org,962-686-0086x128,2026-03-02T16:27:13,True,ADDR01495,
CUST01358,Charles Webb,jfuller@example.net,668-310-7295x82293,2025-05-31T13:50:20,True,ADDR00772,
CUST01359,Amanda Estrada,danielskirk@example.net,309-617-6155,2026-05-08T10:36:52,True,ADDR01610,
CUST01360,Daniel Jordan,theresarodriguez@example.org,001-536-408-0716x180,2025-09-14T16:51:33,True,ADDR01563,
CUST01361,Mr. John Herrera PhD,peter50@example.net,(566)661-4161x5149,2025-07-01T17:31:20,True,ADDR00450,
CUST01362,Daniel James,jimenezkyle@example.com,647.920.1989,2025-12-10T20:15:42,True,ADDR00910,
CUST01363,Phillip Andersen,amanda96@example.org,001-636-405-2945x65350,2025-11-14T05:34:20,True,ADDR01176,
CUST01364,James Sanchez,blevine@example.net,(276)784-0725x167,2026-01-08T10:44:44,True,ADDR00407,
CUST01365,Lindsay Hughes,tbest@example.org,809.457.9398x1946,2025-04-25T21:00:01,True,ADDR01763,RING008
CUST01366,Michael Hernandez,derrickmcclure@example.com,001-336-930-5597x628,2026-06-22T19:10:14,True,ADDR01773,
CUST01367,Kathleen Howell,joshua38@example.net,+1-455-600-3098x18425,2025-05-13T06:02:08,True,ADDR01828,
CUST01368,Julie Rojas,stephanie94@example.com,(801)736-2505x5695,2025-02-27T16:23:28,True,ADDR01262,
CUST01369,Michael Garrett,deanwhite@example.org,001-404-415-1184x7372,2025-06-19T18:34:12,True,ADDR00372,
CUST01370,Miguel Nguyen,ndrake@example.net,001-532-341-7732x9575,2026-03-03T17:50:28,True,ADDR00424,
CUST01371,Christina Craig,joshuasmith@example.com,+1-631-841-3884x83171,2025-07-10T04:46:40,True,ADDR01022,
CUST01372,Jeffrey Pennington,zlong@example.net,948.542.0530,2025-02-09T01:15:49,True,ADDR00642,
CUST01373,Perry Reilly,richardsjeffery@example.org,817.637.8400,2025-03-31T13:25:15,True,ADDR00338,
CUST01374,Christina Gonzales,griffithsarah@example.net,+1-258-644-4991,2025-09-06T03:44:42,True,ADDR00018,
CUST01375,Brooke Mahoney,ddiaz@example.org,846.436.2635x971,2025-07-16T02:54:46,True,ADDR00008,
CUST01376,Kenneth Wells,smithanthony@example.com,+1-220-647-6342x34127,2025-11-20T16:00:51,False,ADDR01540,
CUST01377,Elizabeth Richmond,haydennatalie@example.com,894.272.7729x9628,2026-05-14T08:12:40,True,ADDR00980,
CUST01378,Kathryn Carter,codytaylor@example.com,+1-441-704-1038,2026-04-08T06:49:02,False,ADDR00336,
CUST01379,Kelsey Porter,harrissarah@example.com,530.358.4909x5894,2026-04-02T07:45:36,True,ADDR00728,
CUST01380,Sherry King,sanchezcameron@example.com,+1-823-786-6507,2025-11-15T05:10:16,True,ADDR00484,RING005
CUST01381,Casey Morse,morrissamantha@example.com,554.424.6481x412,2026-02-18T17:00:09,True,ADDR01172,RING001
CUST01382,Paul Garcia,hudsonlaura@example.com,6389462303,2025-09-04T06:52:08,True,ADDR01917,
CUST01383,Crystal Rodriguez,dthomas@example.com,+1-732-602-8066,2026-03-09T08:42:20,False,ADDR01243,
CUST01384,Linda Grant,matthew48@example.org,(942)563-6833,2025-08-20T11:50:52,True,ADDR01539,
CUST01385,Kenneth English,nicole64@example.com,(925)636-2590x294,2025-06-30T01:55:12,True,ADDR01476,
CUST01386,Patricia Morris,jacquelinesimmons@example.org,+1-228-538-3791,2025-06-09T05:12:46,True,ADDR00748,
CUST01387,Whitney Lopez,jonesjames@example.com,+1-528-614-5113,2026-02-15T16:02:49,True,ADDR01323,
CUST01388,Steven Campbell,richardstiffany@example.org,529.261.4115x5377,2025-12-16T20:04:31,True,ADDR01074,RING005
CUST01389,Cody Bell,prattdaniel@example.org,949-899-5051,2026-04-08T14:43:43,True,ADDR01037,
CUST01390,Robert Austin,baldwintimothy@example.com,+1-906-600-8937,2026-05-24T10:14:40,True,ADDR00710,
CUST01391,Andrew Martinez,asheppard@example.org,001-575-754-0911x19692,2025-04-01T11:07:47,True,ADDR00928,RING007
CUST01392,Maria Johnson,hannah74@example.com,(237)808-0237x541,2026-05-06T16:38:15,True,ADDR01638,
CUST01393,Julia Gross,jon01@example.net,(355)541-6596,2025-07-23T20:19:01,True,ADDR00519,
CUST01394,Jason Young,sschroeder@example.org,(681)837-2476,2026-04-12T18:05:18,True,ADDR01624,
CUST01395,Cody Wilkerson,pearsonchristina@example.org,001-614-986-1732x10955,2025-12-04T23:36:38,True,ADDR00133,
CUST01396,Colton Moran,pauladams@example.org,6347391144,2025-09-06T15:42:31,True,ADDR01157,
CUST01397,Adrian Fernandez,daydawn@example.org,264.719.2197x48823,2025-07-14T22:30:04,True,ADDR00981,
CUST01398,Paul Curtis,ptucker@example.org,(451)427-7020x241,2025-08-04T16:06:18,True,ADDR00990,RING004
CUST01399,Stacy Barnes,travisgill@example.org,208.541.9918x2880,2025-05-03T13:48:32,False,ADDR01312,
CUST01400,Brooke Mckinney,fmartinez@example.net,735-482-9274x7222,2026-01-30T06:08:50,True,ADDR00456,
CUST01401,Holly Hernandez,ycochran@example.net,001-275-313-1097,2025-12-12T03:45:38,True,ADDR00933,
CUST01402,Amy Jones,starkthomas@example.com,+1-627-247-7531x95052,2025-02-26T11:22:22,True,ADDR01849,
CUST01403,Dylan Tyler,colleensalazar@example.net,(402)356-1441x99340,2026-04-28T05:21:12,False,ADDR01879,
CUST01404,Misty Baker,kjohnson@example.com,+1-308-731-0347x8296,2026-03-14T03:04:49,True,ADDR01123,
CUST01405,Victoria Zamora,jasontorres@example.net,001-803-489-5409x618,2025-09-15T22:58:53,True,ADDR00961,
CUST01406,Roberto Johnson,kevin56@example.com,828-833-7557,2026-06-04T11:35:24,True,ADDR01214,
CUST01407,Maria Parker,aprildavidson@example.com,+1-202-960-3331x84026,2025-06-21T14:39:07,True,ADDR01994,RING004
CUST01408,Molly Chan,pwilkinson@example.net,001-796-291-4501x903,2026-04-07T21:03:24,False,ADDR00384,
CUST01409,Deborah Hobbs,hcampbell@example.org,2296305856,2025-01-23T02:40:53,True,ADDR01596,
CUST01410,Michael Carrillo,zjacobs@example.org,(548)336-3764x949,2026-04-03T15:22:49,False,ADDR00663,
CUST01411,Michael Cunningham,deckeralan@example.org,686-674-0470x696,2025-09-30T09:08:54,True,ADDR00588,
CUST01412,Derek Frazier,gjones@example.org,467-838-2570,2025-06-28T17:38:58,True,ADDR00898,
CUST01413,William Travis,xcunningham@example.org,3102536915,2025-10-10T23:25:32,True,ADDR01128,
CUST01414,Allison Riddle,chelseabutler@example.com,425.259.0255,2026-03-17T14:46:25,False,ADDR00661,
CUST01415,Katelyn Davis MD,asimmons@example.net,(682)789-9272x14171,2025-08-04T08:17:50,True,ADDR00459,
CUST01416,Julie Holmes,jacksonpamela@example.com,2536443095,2025-08-14T14:22:40,True,ADDR00379,
CUST01417,Kimberly Frank,johnsonbrianna@example.com,973.400.3018,2026-05-26T20:33:52,True,ADDR01761,
CUST01418,John West,ireynolds@example.net,001-691-804-5374x0411,2025-03-22T02:49:58,True,ADDR00962,
CUST01419,Richard Herrera,jasonnorton@example.net,(699)869-5931x6796,2026-04-19T20:29:11,True,ADDR00386,
CUST01420,Jason Cortez,james26@example.org,(333)716-1036x9560,2025-02-12T23:19:32,True,ADDR01921,
CUST01421,Michelle Bullock,joannawilliams@example.org,462-603-9749,2025-11-12T16:12:56,True,ADDR01563,
CUST01422,Ronald Alvarado,tiffanycross@example.org,(768)883-2625x39078,2025-10-16T19:57:34,True,ADDR00415,
CUST01423,James Nunez,nunezjames@example.org,8322775209,2025-10-14T03:59:05,True,ADDR00399,
CUST01424,Courtney Gates,hallgrace@example.com,001-611-411-9783x82483,2025-09-01T17:04:06,True,ADDR00968,
CUST01425,Kimberly Cardenas,acruz@example.net,560.914.6989,2026-03-31T15:07:52,True,ADDR01682,
CUST01426,Steven Coffey,pamela95@example.net,(918)771-6968,2026-03-19T23:34:01,True,ADDR00042,
CUST01427,Lisa Martinez,mark72@example.org,5808035410,2025-05-02T12:04:34,True,ADDR01661,
CUST01428,Mary Holmes,madison97@example.net,854-578-1920x316,2025-04-04T05:40:28,True,ADDR01496,
CUST01429,Ryan Harris DDS,millerdennis@example.net,+1-434-352-2691,2025-01-01T01:44:15,True,ADDR01877,
CUST01430,Ronnie Williams,coxtoni@example.org,001-389-800-2732,2026-01-15T15:48:52,True,ADDR01148,
CUST01431,Kimberly Moore,vargasarthur@example.org,604.245.7246x5957,2026-05-07T13:59:52,True,ADDR00667,RING006
CUST01432,Linda Sanchez,crosseric@example.net,(993)743-7732x16161,2026-03-05T18:35:42,True,ADDR01335,
CUST01433,Timothy Kirk,tstewart@example.com,401-271-3716,2026-01-05T19:00:40,True,ADDR01437,
CUST01434,Whitney Campbell,ishah@example.net,001-448-908-9658x84021,2025-11-27T01:08:42,True,ADDR00953,
CUST01435,Julia Williams,bradleymelissa@example.net,376.211.4822,2025-12-31T04:14:11,True,ADDR01205,
CUST01436,Thomas Miller,pbrown@example.net,001-712-426-2630x77141,2026-05-14T01:19:22,True,ADDR01190,
CUST01437,Robert Wilson,melaniedixon@example.com,+1-489-967-7740,2025-07-12T01:14:38,True,ADDR01485,
CUST01438,Joseph Dean MD,shelleyarnold@example.com,(837)667-7424x78537,2025-10-26T21:34:38,True,ADDR01732,
CUST01439,Christina Zamora,penningtonvictor@example.org,+1-264-891-1039x19026,2026-01-23T23:41:51,True,ADDR01166,
CUST01440,Ashley Lewis,michelleparker@example.com,350.353.3423x3637,2026-01-26T21:09:47,True,ADDR01022,
CUST01441,Mr. Joseph Riley PhD,nstevens@example.net,586-824-7644x7375,2025-09-18T04:25:04,True,ADDR01905,
CUST01442,Nathaniel Tyler,allenchristina@example.org,370.607.5984x1176,2025-02-12T21:54:42,True,ADDR01620,
CUST01443,Anthony Russell,hudsonlatoya@example.com,894-583-2875,2025-08-04T11:52:56,True,ADDR00599,
CUST01444,Kathleen Griffin,millerjonathan@example.net,001-484-411-1634x0764,2025-02-06T00:23:12,True,ADDR01356,
CUST01445,Donna Gardner,monica06@example.org,6266556240,2026-04-12T12:01:17,True,ADDR00288,
CUST01446,Robert Brady,rachelfernandez@example.com,(974)559-8762x3194,2026-04-19T15:26:47,True,ADDR01936,
CUST01447,Scott Soto,youngjerry@example.org,(234)424-5840x3406,2025-01-22T03:05:26,True,ADDR01494,
CUST01448,Amy Williams,haley69@example.com,570.999.2202,2025-12-09T21:05:53,True,ADDR00036,
CUST01449,Ryan Smith,davisbrandi@example.net,(488)276-7427x926,2025-05-22T08:05:52,True,ADDR01456,
CUST01450,Patrick Higgins,zacharylane@example.net,001-668-517-2460,2025-11-11T09:18:01,True,ADDR00303,
CUST01451,Deanna Mcbride,rebecca11@example.org,210-691-4236x93619,2026-02-06T09:43:58,True,ADDR00919,RING005
CUST01452,Bradley Scott,matthew64@example.com,3117703533,2025-10-27T16:02:23,True,ADDR00594,
CUST01453,Jennifer Washington,sarah73@example.com,819-451-1556,2026-04-28T11:06:47,True,ADDR00682,
CUST01454,Michael Chandler,cynthiabaker@example.com,+1-927-542-9829x36525,2025-09-30T19:22:41,True,ADDR00161,
CUST01455,Nicholas Long,michael51@example.org,+1-591-586-6999x883,2025-02-22T13:47:28,True,ADDR00248,
CUST01456,Brian Hamilton,bhayes@example.org,+1-386-464-4057x3271,2025-06-07T21:43:33,True,ADDR00655,
CUST01457,Kenneth Barber,meghansmith@example.com,531.892.8136x8790,2025-12-10T13:05:27,True,ADDR01721,
CUST01458,Kevin Briggs,sbaker@example.net,001-852-399-0638x082,2026-05-11T04:02:04,True,ADDR01642,
CUST01459,Lauren Austin,ynolan@example.com,522.458.4889,2026-04-04T12:10:56,True,ADDR00186,
CUST01460,Zachary Jordan,heather48@example.org,(468)918-0220x8492,2026-03-06T13:55:55,True,ADDR01736,
CUST01461,Jeffery Briggs,cynthiapaul@example.com,001-488-788-1824x7485,2026-01-29T00:54:35,True,ADDR00071,
CUST01462,Beth Matthews,gwelch@example.org,(741)463-1523x9747,2025-01-06T13:12:36,True,ADDR00623,
CUST01463,Nicolas Jenkins,bwebster@example.net,+1-618-235-7883x86984,2025-09-02T23:55:05,True,ADDR01458,
CUST01464,Joseph Jackson,mdavis@example.com,(629)508-6660x535,2026-03-04T16:18:24,True,ADDR01415,
CUST01465,Kevin Cox,daniel65@example.net,(651)679-7797,2025-06-02T01:54:48,True,ADDR00747,
CUST01466,Krista Smith,parkmolly@example.org,585-648-5768x44596,2026-04-26T11:18:34,True,ADDR00694,RING006
CUST01467,Joseph Gilmore,kjohnson@example.net,001-476-582-2761x5212,2025-12-06T17:19:46,True,ADDR00291,
CUST01468,Jacob Houston,kevin21@example.org,902.803.1937,2026-04-26T22:58:45,True,ADDR01783,
CUST01469,Jessica Peters,diane99@example.com,+1-782-444-9112x33694,2025-12-19T04:42:40,True,ADDR00069,
CUST01470,Aaron Ortega,zbrown@example.com,598-635-7788,2025-01-19T16:03:10,True,ADDR01995,
CUST01471,Kristin Bridges,rosemichael@example.net,(945)519-6048x69380,2025-05-28T11:39:19,True,ADDR01634,
CUST01472,Tanner Santos,phillipstheresa@example.net,001-495-386-7382x280,2026-04-16T16:50:33,True,ADDR00838,
CUST01473,Robert Powell,ythompson@example.net,001-217-570-4210x44119,2025-02-20T08:26:29,True,ADDR00373,RING004
CUST01474,Shane Medina,leejessica@example.org,+1-288-787-3124,2025-03-24T22:05:56,True,ADDR01096,
CUST01475,Ashley Scott,christinegutierrez@example.org,001-887-428-3372x752,2025-07-08T05:23:45,True,ADDR01122,
CUST01476,Michael Richardson,xreyes@example.org,001-865-817-9275x471,2025-01-22T19:42:09,True,ADDR01601,
CUST01477,Dennis Reynolds,blyons@example.com,721.607.2025x98106,2026-01-11T13:11:20,True,ADDR00376,
CUST01478,Kristen Reynolds,jose81@example.com,(780)938-0994x90601,2025-09-17T02:44:16,True,ADDR01067,
CUST01479,Jessica Carter,stacymcintyre@example.com,8312459617,2026-03-09T10:29:48,True,ADDR01166,
CUST01480,Ryan Harris,kellyrebekah@example.com,+1-309-896-2202,2025-08-13T07:21:01,True,ADDR00229,
CUST01481,Lori Patterson,barnesdaniel@example.com,(986)404-9369,2026-03-22T10:53:58,True,ADDR01485,
CUST01482,Jesse Jenkins,paulagreen@example.com,(297)240-2349x6487,2025-06-22T23:19:57,True,ADDR00173,
CUST01483,Glenn Reed,mary42@example.org,774.438.9406x248,2025-07-07T10:47:19,False,ADDR00982,
CUST01484,Brianna Smith,shawnsims@example.org,(230)388-7222x02898,2025-11-27T23:08:58,True,ADDR01816,
CUST01485,Katherine Jones,ajones@example.org,+1-897-268-5521,2025-01-28T10:47:22,True,ADDR01160,
CUST01486,Cameron Stevens,cjohnson@example.org,001-346-878-7629x413,2025-10-16T22:11:26,True,ADDR01084,
CUST01487,Christina Potter,oneilllauren@example.net,6232221633,2025-11-13T21:36:59,True,ADDR00069,
CUST01488,Crystal Moore,davidknight@example.net,+1-912-786-8110x9799,2026-01-25T19:20:43,True,ADDR01400,
CUST01489,Megan Wood,ywilliams@example.org,453.435.7227x1173,2025-11-27T03:32:22,True,ADDR01763,
CUST01490,Kimberly Mitchell,syoung@example.com,431-847-4311x500,2026-02-05T16:53:45,True,ADDR01563,
CUST01491,Dennis Marshall,bmcintyre@example.org,+1-359-502-9014x73507,2025-12-11T02:57:56,True,ADDR00868,
CUST01492,April Lopez,millergarrett@example.org,(957)510-9358x16249,2025-11-03T13:06:12,True,ADDR01098,
CUST01493,Alyssa Pruitt,johngraham@example.net,001-714-852-2965x66141,2025-11-18T09:06:34,False,ADDR01366,
CUST01494,Emily Pratt,tgillespie@example.com,553.768.8228x11769,2026-01-04T18:58:32,True,ADDR00818,
CUST01495,Alan Huang,chamberstracy@example.net,(970)898-3072x07898,2025-09-29T18:32:05,True,ADDR01913,RING007
CUST01496,Mark Barton,jason40@example.com,(371)370-7356x5597,2025-07-09T03:25:28,True,ADDR00920,
CUST01497,Lucas Lindsey,zmartin@example.net,503.514.0800x0673,2025-09-12T02:24:36,True,ADDR01543,
CUST01498,Gloria Robinson,lauren35@example.net,001-984-866-8142x543,2025-01-03T08:01:27,True,ADDR01661,
CUST01499,Brian Williams,lclark@example.net,417-521-9275x7025,2026-05-12T04:10:13,True,ADDR01526,
CUST01500,Diane Thornton,crystalhernandez@example.org,+1-755-717-2971x30905,2026-01-09T21:46:31,True,ADDR00906,
CUST01501,Patricia King,whitejason@example.org,268.926.6640,2025-10-02T19:09:11,True,ADDR00268,
CUST01502,Jeanne Bishop,rachel19@example.org,734.496.9476,2025-01-31T08:51:44,True,ADDR00602,
CUST01503,Christine Macias DDS,ythomas@example.net,(891)594-5594x32258,2026-02-19T03:26:43,True,ADDR01410,
CUST01504,Jonathan Fischer,baileysharp@example.com,(274)282-6413,2026-01-26T01:33:50,True,ADDR01511,
CUST01505,Rodney White,xeaton@example.com,+1-452-379-7106x95225,2026-05-03T22:10:24,True,ADDR00053,
CUST01506,John Kennedy,stacymartinez@example.net,795.901.6270x08349,2025-09-10T16:39:15,True,ADDR00656,
CUST01507,Tracy Hicks,branchdiana@example.org,(875)448-7283x604,2025-06-14T01:37:00,True,ADDR00310,
CUST01508,Dustin Manning,matthew51@example.org,(787)864-7304x769,2025-08-15T18:32:55,True,ADDR01032,
CUST01509,Gregory Hatfield,alejandro47@example.net,447.545.9274x959,2026-01-03T02:28:40,True,ADDR01607,
CUST01510,Leslie Brown,wallsbryce@example.org,467-859-1179x8044,2026-02-13T20:42:43,False,ADDR00096,
CUST01511,Daniel Rodriguez,lisa47@example.net,(300)399-6854,2025-03-30T15:45:00,False,ADDR00591,
CUST01512,Tina Lee,hubermichael@example.net,619.870.9352,2025-03-08T12:34:42,True,ADDR00587,
CUST01513,Lisa Thomas,patrick96@example.com,792.449.1794x4644,2025-12-29T15:55:41,True,ADDR01617,
CUST01514,Amanda Bullock,nathaniel68@example.org,(476)896-7635x039,2025-08-24T07:51:55,True,ADDR01918,RING003
CUST01515,Donald Armstrong,regina03@example.net,914.682.8078x1733,2025-11-12T09:38:32,True,ADDR00240,
CUST01516,Troy Singh,mmurray@example.net,(579)782-7315x079,2026-06-06T06:31:40,True,ADDR01072,
CUST01517,Rickey Gonzalez,petersenpaul@example.net,545.575.3639x0409,2026-06-13T14:01:39,True,ADDR01570,RING007
CUST01518,Norma Williamson,erichardson@example.org,423-958-0951x34487,2025-09-24T15:08:08,True,ADDR00177,
CUST01519,Christopher Green,tmcdaniel@example.org,548.358.9895,2025-10-25T00:34:39,True,ADDR01290,
CUST01520,Joseph Brown,nicolesanchez@example.net,001-992-991-3555x490,2025-06-29T09:21:59,True,ADDR00183,
CUST01521,Crystal Henderson,stevensalan@example.net,256.798.3333,2025-08-02T23:33:14,True,ADDR00035,
CUST01522,Maria Marshall,graymond@example.com,283-741-1938,2025-10-04T17:47:59,False,ADDR01341,
CUST01523,Jennifer Davis,tracyweber@example.net,001-343-861-3990x186,2025-08-31T06:02:18,True,ADDR00085,
CUST01524,Anna Anderson,marissa01@example.org,+1-498-207-5321x4216,2025-01-27T08:15:17,True,ADDR00617,
CUST01525,Michael Calhoun,whitesusan@example.org,(705)750-7859x090,2026-04-02T01:28:27,True,ADDR01135,
CUST01526,Donald Morris,ryan68@example.net,+1-462-551-9812x5094,2026-01-06T22:19:14,False,ADDR01283,
CUST01527,Jeffrey Taylor,whitneymolina@example.org,965-317-3384x7062,2026-03-20T06:13:59,True,ADDR01791,
CUST01528,Maurice Cole,simontiffany@example.org,+1-496-984-3419,2026-05-21T12:07:10,True,ADDR00077,
CUST01529,Pamela Nelson,robert73@example.net,336.711.1537x241,2025-08-28T00:53:08,True,ADDR01244,
CUST01530,Deborah Rivera,rosariokathryn@example.net,5906886018,2025-12-06T12:02:13,True,ADDR00681,
CUST01531,Jasmine Donaldson,anthony79@example.org,+1-463-734-6977x651,2026-06-25T14:36:05,True,ADDR01514,
CUST01532,Julia Hines,robert85@example.net,6312289427,2026-01-29T04:25:24,True,ADDR01331,
CUST01533,Brandy Clark,zacharycordova@example.org,(481)901-4096x22089,2026-06-11T10:06:00,True,ADDR01885,
CUST01534,Ashley Bryan,sloanmary@example.com,895-554-0786x81463,2025-11-02T19:52:23,True,ADDR01343,
CUST01535,Austin Morris,lori20@example.com,376.213.9400,2025-11-10T08:51:06,True,ADDR00446,
CUST01536,Carrie Shaw,carolynvaughn@example.com,+1-739-964-4003x746,2025-05-08T23:01:49,True,ADDR00287,
CUST01537,Thomas Roth,eric13@example.org,433-557-7113,2026-02-01T02:50:58,True,ADDR00667,
CUST01538,Lucas Alexander,erika97@example.org,001-981-350-6777x306,2026-01-12T07:58:56,False,ADDR00200,
CUST01539,Jessica Banks,rickyhall@example.com,+1-376-408-1032x65516,2025-06-21T14:27:18,True,ADDR01495,
CUST01540,Alicia Hernandez,duncanashley@example.com,+1-689-698-6443,2025-08-19T12:30:34,True,ADDR00133,
CUST01541,Heather Werner,jeremy76@example.org,720-560-5864x093,2025-05-23T21:35:39,True,ADDR01368,
CUST01542,Nathan Mason,milleramy@example.net,001-708-492-0757x569,2026-05-10T00:51:34,True,ADDR01325,
CUST01543,Gabriel Carroll,caitlin89@example.org,+1-651-752-1275x2464,2026-05-05T20:34:48,True,ADDR01255,
CUST01544,Joel Glover,williamsnichole@example.org,421.982.4443x3087,2025-11-08T18:13:15,True,ADDR00834,
CUST01545,Donna Evans,jocelyn20@example.org,+1-687-870-6018x226,2026-04-17T20:02:05,False,ADDR01375,
CUST01546,Kerry Bishop,josephryan@example.com,563.489.4670x429,2025-01-28T01:57:14,True,ADDR00084,
CUST01547,Gregory Lee,thomas44@example.org,001-254-793-7798x0412,2026-04-05T14:02:42,True,ADDR00434,
CUST01548,Jason Lowe,crystal20@example.net,286.219.6619x7439,2026-03-03T05:52:11,False,ADDR01455,RING004
CUST01549,Benjamin Taylor,barbara49@example.com,001-837-761-1250x14477,2026-03-04T07:17:58,True,ADDR01437,RING008
CUST01550,David Clark,robertcordova@example.com,771.486.9081x4113,2025-11-20T23:39:37,True,ADDR01114,
CUST01551,Lisa Mendez,sara86@example.org,444-974-7884x0707,2025-09-03T13:58:40,True,ADDR00340,
CUST01552,Zachary Price,saraevans@example.com,343.518.0670,2026-06-18T22:31:34,True,ADDR00021,
CUST01553,Dr. Kelli Gibson,gstafford@example.org,+1-601-685-9623,2025-12-06T20:09:09,False,ADDR00225,
CUST01554,Richard Cantrell,stevenstanya@example.com,863-243-9209x97025,2026-01-25T21:14:44,True,ADDR01187,
CUST01555,Kenneth Richards,wwiggins@example.com,001-390-983-6765,2025-02-27T02:26:26,True,ADDR00432,RING005
CUST01556,Marilyn Preston,jack65@example.net,(568)979-1416x1530,2026-04-04T06:08:22,True,ADDR00029,RING005
CUST01557,Erika Carpenter,daniel01@example.org,(397)657-0971,2025-11-06T03:15:26,True,ADDR00237,
CUST01558,Amber Barnes,emitchell@example.net,480-584-3301x27674,2026-02-19T05:30:34,True,ADDR01965,
CUST01559,Pamela Leon,craig05@example.net,(460)986-2595x88568,2025-06-23T02:45:08,True,ADDR00211,
CUST01560,Karen Johnston,qjennings@example.net,(727)962-5681x763,2026-05-02T18:39:37,True,ADDR00471,
CUST01561,Douglas Wilson,bsummers@example.net,792.445.9908,2026-04-14T03:51:15,True,ADDR00778,
CUST01562,Susan Schultz,peter36@example.net,+1-516-295-6768,2026-03-03T19:43:07,False,ADDR00370,RING007
CUST01563,Latasha Robinson,anthonymaddox@example.org,369.462.8961x317,2025-03-20T13:32:00,True,ADDR00112,
CUST01564,Susan Bradshaw,frances90@example.org,001-802-387-2104x65643,2025-07-22T19:25:31,True,ADDR00667,
CUST01565,Patrick Jones DVM,leonardkevin@example.net,(275)615-7180x34457,2025-04-30T04:47:21,True,ADDR00789,
CUST01566,Mary Benson,hutchinsonjohn@example.net,972-528-0016x7288,2025-03-28T18:17:20,True,ADDR00475,
CUST01567,Leah Reyes,biancacarter@example.net,5942202594,2025-06-20T03:07:32,True,ADDR00716,
CUST01568,Joanna Stanley,monicacurry@example.net,795-234-3419,2025-12-09T19:49:43,True,ADDR00261,
CUST01569,Joseph Villarreal,crystal25@example.com,673-729-5810x28677,2025-12-18T09:52:30,True,ADDR01026,
CUST01570,Robert Powell,greg62@example.org,934-623-2794x066,2025-05-06T16:10:37,True,ADDR01578,
CUST01571,Eric Miller,timothy01@example.net,(922)402-2314x0492,2026-03-30T14:36:46,True,ADDR01934,
CUST01572,Tammy Rodriguez,yhall@example.com,650-667-8106,2026-05-12T05:30:17,True,ADDR01021,
CUST01573,Justin Bartlett,austin78@example.org,(355)608-0490x328,2026-01-15T06:14:44,True,ADDR00633,RING003
CUST01574,Leslie Flores,vwilkins@example.net,001-809-260-2692x4855,2026-03-08T08:54:10,False,ADDR00077,
CUST01575,Thomas Clay,michael80@example.net,4347234686,2026-05-18T23:26:21,True,ADDR01156,RING008
CUST01576,Kelsey Jacobson,kristinamason@example.org,001-608-216-5542x773,2025-12-17T13:49:12,True,ADDR01605,
CUST01577,Brett Moore,dtrujillo@example.org,001-982-989-0872x4446,2025-06-29T20:13:15,True,ADDR01851,
CUST01578,Ian Hayes DDS,cartergregory@example.com,5185785630,2025-09-19T15:22:03,True,ADDR00184,
CUST01579,Joseph Thomas,umcgrath@example.net,459.569.0949x7450,2025-11-26T13:33:38,False,ADDR00193,
CUST01580,Ann Blanchard,edwardsheather@example.org,(558)686-6981,2025-05-14T23:26:24,True,ADDR00569,
CUST01581,Thomas Robinson,patriciadorsey@example.net,+1-797-200-9316x581,2025-03-06T01:39:02,True,ADDR01933,
CUST01582,Tracy Morgan,gerald20@example.com,+1-516-223-2859x4964,2025-07-16T02:27:14,True,ADDR01861,
CUST01583,Michael Williamson,ericksondustin@example.net,001-472-292-8496x25872,2025-11-21T04:45:45,True,ADDR01837,
CUST01584,Jacob Brewer,gary64@example.org,001-789-682-0009x846,2025-07-25T18:15:47,True,ADDR01738,
CUST01585,Nicholas Morris,ewarren@example.com,(725)597-0729x33694,2025-10-15T08:54:35,True,ADDR00215,
CUST01586,Mr. Kevin Rice DDS,kathleen37@example.com,+1-665-288-2266x4431,2025-08-09T12:49:04,True,ADDR00536,
CUST01587,Eric Weiss,benjamin70@example.org,+1-627-397-0268,2026-05-28T07:47:47,True,ADDR01398,
CUST01588,Nancy Robinson,lawrencetammy@example.org,(450)242-0308,2025-04-22T09:48:36,True,ADDR01297,
CUST01589,Robert Oneal III,wongkristin@example.com,2617205118,2025-11-18T15:08:57,True,ADDR01622,
CUST01590,Matthew Woods,wellsdebra@example.net,(546)764-0634,2025-10-14T16:43:08,True,ADDR00586,
CUST01591,Kimberly Herring,carrieramirez@example.org,5894233828,2026-06-07T20:44:44,True,ADDR01352,
CUST01592,Sally Rodriguez,villajames@example.org,372.215.8970x84519,2025-03-30T22:30:04,True,ADDR01635,
CUST01593,Craig Washington,sheastephanie@example.net,2569889122,2025-12-26T13:12:59,True,ADDR01909,
CUST01594,Ryan Miller,ocooper@example.org,954.883.0379,2026-04-08T02:25:54,True,ADDR00521,
CUST01595,David Jefferson,bblack@example.com,+1-428-207-7413x78372,2025-11-29T21:09:09,True,ADDR01697,
CUST01596,Wendy Wilson,crystal84@example.net,001-818-661-5294x84694,2025-05-28T01:45:11,True,ADDR01235,
CUST01597,Leslie Kennedy,josebaker@example.com,200.531.4112x9270,2025-05-30T09:20:33,True,ADDR01655,RING007
CUST01598,Kristin Payne,david17@example.com,(838)324-4072x5126,2025-11-01T14:42:29,True,ADDR01217,
CUST01599,Timothy Mcmillan II,tylertaylor@example.org,+1-600-822-4632x573,2025-05-08T23:44:34,True,ADDR01508,
CUST01600,Lisa Singh,sandraterrell@example.net,(477)611-9320x661,2026-01-05T02:47:20,True,ADDR00356,
CUST01601,Patricia Cline,ferrellsabrina@example.com,826.708.4205,2026-01-13T08:45:48,True,ADDR00005,
CUST01602,Michael Humphrey,xfields@example.net,706-386-8392x16080,2025-04-05T00:49:08,True,ADDR01385,
CUST01603,Jamie Hodges,lisa20@example.org,001-892-447-2709x8152,2025-07-29T22:01:27,False,ADDR00536,
CUST01604,Sarah Mcclure,christianscott@example.net,+1-290-705-6711x216,2025-12-05T03:08:58,True,ADDR00349,
CUST01605,Jackie Clark,leehuerta@example.org,(483)230-1271,2025-10-01T15:25:07,True,ADDR00390,
CUST01606,Adam Green,mannsteven@example.org,691.669.1388x34370,2025-09-10T20:41:31,True,ADDR00318,
CUST01607,Madison Jones,pmiller@example.com,286.688.2542,2025-03-09T00:59:47,True,ADDR00790,
CUST01608,Jesse Martinez,martincharles@example.com,001-430-205-6140x44905,2025-12-01T04:17:56,True,ADDR00294,
CUST01609,Kevin Mcgee,ealvarez@example.com,558-795-2915x71762,2025-03-10T13:44:42,True,ADDR01703,
CUST01610,Tiffany Gates,gary78@example.net,581-927-1247x421,2025-04-06T10:40:05,True,ADDR00524,
CUST01611,Sheri Lambert,salazarjennifer@example.net,8415695148,2025-09-25T17:15:16,False,ADDR00738,
CUST01612,Brian Carroll,lauren21@example.org,6276214200,2026-03-24T02:41:52,True,ADDR00019,
CUST01613,David Harper,andersonjustin@example.com,489.756.8415x4076,2025-04-13T22:25:35,True,ADDR00560,
CUST01614,Brandy Smith,jessica64@example.com,5489226661,2025-10-09T04:41:14,True,ADDR01288,
CUST01615,Jason Lamb,laurie28@example.net,001-908-756-6616x342,2026-01-09T19:01:01,True,ADDR01775,
CUST01616,Kimberly Wheeler,monroeashley@example.org,(646)876-9792x62127,2025-11-09T05:08:08,True,ADDR00754,
CUST01617,Aaron Wright,mariakim@example.com,001-354-435-0940,2026-05-12T00:36:12,False,ADDR01031,
CUST01618,Erika Chavez,daniel94@example.net,+1-918-431-6864x2409,2025-08-01T17:18:50,True,ADDR01853,
CUST01619,Sean Lambert,michaelhaley@example.org,2588805942,2025-05-14T12:52:39,True,ADDR01077,
CUST01620,Kelly Mclean,vincentpeterson@example.org,+1-202-264-9176x4769,2025-05-02T10:39:11,True,ADDR00899,
CUST01621,Kevin Knox,crosschristopher@example.net,001-465-982-7310x1373,2025-10-31T22:12:14,True,ADDR00310,
CUST01622,Mary Hill,brooke69@example.com,838.523.3827,2025-01-26T08:03:51,True,ADDR00629,
CUST01623,Terrence Dillon,kimdavid@example.net,(784)983-2998x444,2026-05-25T23:26:52,True,ADDR00378,
CUST01624,Lindsay Peters,dtaylor@example.net,745-487-0123x84159,2026-02-16T06:33:23,True,ADDR01001,
CUST01625,Danny Wilson,theodore37@example.org,(680)801-9925x48561,2025-07-12T19:21:17,True,ADDR01502,
CUST01626,Kimberly Fitzgerald,debrawalls@example.com,001-883-612-7182x398,2025-05-03T23:59:41,True,ADDR00963,
CUST01627,Kayla Williams,alvarezjason@example.org,+1-702-441-3620,2025-05-01T02:54:11,True,ADDR00500,
CUST01628,Christopher Jones,benjaminrobinson@example.com,+1-838-821-8336x45452,2025-12-15T14:42:36,True,ADDR00257,
CUST01629,David Fitzpatrick,ian40@example.org,001-571-445-3608x89259,2025-11-30T15:17:29,True,ADDR01477,
CUST01630,Eric Wiley,christophermarquez@example.org,(351)425-1428x039,2026-04-23T05:22:18,True,ADDR00890,
CUST01631,Mark Cannon,fernandezpatricia@example.org,+1-748-810-1008x790,2026-01-31T02:48:39,True,ADDR01038,
CUST01632,Belinda Tyler,trhodes@example.com,(449)430-1767,2026-05-08T21:01:58,True,ADDR01190,
CUST01633,Kara Bruce,lanechristopher@example.net,810.368.9365x8747,2025-10-26T21:15:26,True,ADDR01562,
CUST01634,Kelly Garcia,cynthiamcbride@example.org,+1-682-266-5077x73794,2026-05-13T05:32:41,True,ADDR00915,
CUST01635,Jonathan Thompson,jasonallen@example.net,224.938.2289,2025-08-17T12:42:29,True,ADDR01542,
CUST01636,Beverly Cruz,zunigamargaret@example.org,267.853.0116,2026-03-23T18:05:34,True,ADDR00310,
CUST01637,Renee Harvey,jamesdiaz@example.org,001-829-767-4752x7829,2026-04-20T05:56:25,True,ADDR01244,RING007
CUST01638,Jennifer Dean,qjames@example.com,289.989.6888x7072,2025-06-06T07:38:44,True,ADDR00150,
CUST01639,Albert Guerra,mikayla86@example.com,001-628-355-2428,2026-05-10T22:23:07,True,ADDR00710,
CUST01640,Jennifer Fox,jessicawilliams@example.org,440-313-5169x52548,2025-11-10T05:48:01,True,ADDR00322,
CUST01641,Gregory Wilson,schneiderbrenda@example.net,358-520-5490x15322,2026-04-14T18:46:13,True,ADDR00534,
CUST01642,Megan Gomez,jacksonsteven@example.net,001-701-851-0938x0555,2026-06-18T09:51:10,True,ADDR00010,
CUST01643,Larry Colon,flowerssteven@example.com,436.830.9579x7997,2026-05-20T04:45:27,True,ADDR00829,
CUST01644,Amanda Richardson,daniellegarcia@example.net,001-853-655-7299x2575,2026-05-17T21:25:36,True,ADDR00900,RING006
CUST01645,Sheila Barber,boylekenneth@example.net,(962)961-5103x453,2025-05-26T00:48:59,False,ADDR01564,
CUST01646,Michelle Mayo,lindsey40@example.net,921.254.8869x4591,2025-11-05T05:29:37,True,ADDR00155,
CUST01647,Pamela Higgins,glennbowman@example.net,411-277-7372,2025-06-10T07:26:54,True,ADDR01461,
CUST01648,Keith Martinez,henrycurry@example.net,815.667.9863x942,2025-12-16T16:02:51,True,ADDR00991,
CUST01649,Todd Gill,lopezjames@example.net,001-601-959-8986x727,2025-07-08T23:55:13,True,ADDR00700,
CUST01650,George Conley,mariaguzman@example.com,5207435967,2025-06-11T01:41:37,True,ADDR01875,
CUST01651,John Ashley,melinda03@example.org,001-385-457-9408x706,2025-06-22T03:04:32,True,ADDR01094,
CUST01652,Jessica Wyatt,virginiahorton@example.org,353-940-2033,2026-05-24T02:53:41,True,ADDR00209,
CUST01653,George Wilson,zrodriguez@example.net,+1-557-209-0868x40090,2026-06-01T07:46:47,True,ADDR01993,
CUST01654,Thomas Lane,amy35@example.net,(409)453-2972x3284,2025-03-16T10:30:36,True,ADDR01492,
CUST01655,Alexandra Cain,nstewart@example.org,200.888.2752x789,2025-11-06T03:30:07,True,ADDR00216,
CUST01656,Larry Smith,yphillips@example.org,449-621-5113x92535,2025-01-09T19:14:02,True,ADDR01108,
CUST01657,Karen King,chughes@example.com,736.516.1433x1943,2025-04-15T23:47:17,True,ADDR00868,
CUST01658,Curtis Jones,kathrynmccarty@example.net,001-269-890-9162x63968,2025-04-03T14:40:58,True,ADDR01780,
CUST01659,Keith Salas,dennis11@example.com,(588)744-4246x5566,2026-01-24T22:20:30,True,ADDR00455,
CUST01660,Alexa Stewart,mark00@example.org,001-528-599-8171x1702,2026-04-23T08:59:45,True,ADDR01420,
CUST01661,Bradley Sanchez,jensenbrianna@example.org,(646)401-7875,2025-05-31T15:26:30,False,ADDR00749,
CUST01662,Ricky Walker,jeff35@example.net,(401)394-6283x5511,2025-08-03T09:35:54,True,ADDR00725,
CUST01663,Mark Bradford,jeffrey13@example.com,836-421-8835x53643,2025-07-07T03:59:57,True,ADDR01369,
CUST01664,Jose Jones,erinrichardson@example.net,534.833.0128x760,2025-03-15T04:53:45,True,ADDR01115,
CUST01665,Brittany Rosales,courtney95@example.org,696-430-9397,2025-07-22T00:26:32,True,ADDR00504,
CUST01666,Lauren Brown,chamberssteven@example.com,508.847.2108,2025-09-04T15:01:03,True,ADDR01762,
CUST01667,Rose Solis,lopezrodney@example.net,+1-211-538-8914x4850,2025-01-17T16:34:46,True,ADDR00173,
CUST01668,Melissa Reynolds,luislopez@example.com,001-378-876-2802x4836,2025-11-28T02:56:16,False,ADDR01587,
CUST01669,Brenda Parks,bishoplynn@example.org,(991)683-1388x20672,2025-05-23T09:53:22,True,ADDR00861,
CUST01670,Johnny Mills,daniellecastro@example.net,446.717.2942x8737,2025-10-02T08:25:45,False,ADDR00779,
CUST01671,Amber Jenkins,jglass@example.net,7093450941,2025-01-30T10:00:44,True,ADDR00814,
CUST01672,Jonathan Perry,adunn@example.com,668.694.6416,2026-05-23T05:12:02,True,ADDR00841,
CUST01673,Monica Johnson,roychristopher@example.org,(823)285-3491x6708,2025-08-30T12:19:42,True,ADDR00294,
CUST01674,Laura Jackson,carrie93@example.org,988.858.3693x2456,2026-03-05T21:39:21,True,ADDR01013,
CUST01675,Lindsey Villarreal,markbradley@example.com,387.542.3407x705,2025-04-23T07:40:38,True,ADDR00270,
CUST01676,Amy White,myerskathleen@example.net,946.329.4626x012,2025-09-19T16:05:53,True,ADDR01965,
CUST01677,John Flores,zdavis@example.com,494.463.9012x22588,2026-03-04T09:37:59,True,ADDR01602,
CUST01678,Stephanie Paul,coreywade@example.org,8234182163,2025-11-28T02:05:28,True,ADDR00300,
CUST01679,Theresa Cook,washingtonevan@example.net,(944)212-4034,2025-07-10T01:48:10,True,ADDR00204,
CUST01680,Janice Ellis,jacob21@example.com,863.730.4750x0994,2025-11-19T23:16:51,True,ADDR01957,
CUST01681,Mark Wiley,heather20@example.net,3187646721,2026-02-16T04:06:02,True,ADDR00124,
CUST01682,Henry Aguilar,deannajones@example.com,001-923-505-5319x78874,2025-09-08T22:36:49,True,ADDR00159,
CUST01683,Barry Garcia,rclark@example.net,+1-545-458-4656x85836,2026-04-22T13:23:36,True,ADDR01730,
CUST01684,Richard Smith,jeffrey14@example.net,+1-460-229-8044x4307,2026-05-22T02:54:10,False,ADDR01017,
CUST01685,Casey Wheeler,qguerrero@example.net,(624)411-0709,2026-04-23T18:49:34,True,ADDR00279,
CUST01686,Eric Zavala,lewiselizabeth@example.org,646.638.3116x8924,2025-01-29T20:54:13,True,ADDR00132,
CUST01687,David Tran,andrewweber@example.com,+1-438-322-8666x282,2026-01-06T23:22:03,True,ADDR01253,
CUST01688,Peggy White,samuelkhan@example.org,001-526-428-2479x705,2025-11-25T06:48:02,True,ADDR00377,
CUST01689,Jessica Hall,lauren37@example.com,(835)293-0671,2025-10-18T15:01:08,False,ADDR00857,
CUST01690,Ryan Herrera,egreen@example.net,294.942.0864x1644,2025-06-16T13:08:58,True,ADDR01093,
CUST01691,Nathan Martin,jeffreywebster@example.net,+1-433-338-8724x5843,2025-10-31T22:58:55,True,ADDR00191,
CUST01692,Christina Baker,john21@example.org,923.594.0610x38539,2026-06-08T05:08:10,True,ADDR01658,
CUST01693,Lindsay Ballard,katherinelewis@example.org,814-923-0347x05738,2025-08-14T22:58:04,False,ADDR00233,
CUST01694,Michael Benitez,stephen07@example.org,680-620-9316,2025-06-25T13:36:20,True,ADDR01954,
CUST01695,Sandra Miller,emilycraig@example.org,792.675.4514x04843,2025-02-11T21:05:00,True,ADDR00402,
CUST01696,Amanda Vaughn,owall@example.com,833.830.3757x3827,2025-12-19T03:33:26,False,ADDR01995,
CUST01697,Jordan Holland,robertreed@example.org,+1-279-968-5005x6308,2025-06-03T13:04:52,True,ADDR00575,
CUST01698,Michael Jackson,yboyd@example.org,(761)445-8941x5753,2026-04-26T21:15:00,False,ADDR00400,
CUST01699,Robin Wilkerson,sherrihendricks@example.org,+1-955-294-8714x4763,2025-05-01T10:24:45,False,ADDR01831,
CUST01700,Patricia Collins,deborahwright@example.net,459.641.1136,2025-09-23T02:05:29,True,ADDR00107,
CUST01701,Yolanda Walker,aallison@example.com,448.559.3819x722,2026-06-01T11:47:38,True,ADDR01514,
CUST01702,Ashley West,margaret00@example.com,220-396-7843x55319,2025-01-31T17:30:19,True,ADDR00815,
CUST01703,Mark Holmes,brandy33@example.com,451.666.0094x215,2025-05-18T16:34:37,True,ADDR01296,
CUST01704,Candice Wallace,aarcher@example.com,278.819.3643x1792,2025-08-10T00:18:29,True,ADDR01917,
CUST01705,Jon Lucas,dcuevas@example.com,209.332.2133,2025-09-11T11:54:31,True,ADDR01052,
CUST01706,Nicholas Allen,kingjudith@example.org,564-739-2451x209,2026-04-30T10:38:07,True,ADDR00920,
CUST01707,Krista Mendez,gmadden@example.net,909.331.9971x84040,2026-02-16T09:23:25,True,ADDR01095,
CUST01708,Laura Thomas,lsparks@example.net,(849)516-5796,2025-06-29T10:49:58,True,ADDR00130,
CUST01709,Chad Thompson,freykaren@example.net,806.236.0788x5392,2026-02-18T22:53:51,True,ADDR00468,
CUST01710,Heather Lopez,rick79@example.org,+1-882-592-8528x24941,2025-05-16T05:40:26,True,ADDR00677,
CUST01711,Erin Wade,mercadogina@example.net,+1-674-712-1159,2025-06-10T22:43:55,True,ADDR01608,
CUST01712,Ryan Knight,pamelarhodes@example.org,682-445-8821,2025-12-19T06:06:41,True,ADDR01178,
CUST01713,Lauren Smith MD,jadelee@example.net,229-351-5222,2025-09-12T17:52:27,True,ADDR00358,
CUST01714,Monica Aguilar,anthonywilliams@example.net,395.301.6749x89716,2025-08-19T11:10:08,True,ADDR00230,
CUST01715,Jocelyn Reed,brendagriffith@example.com,001-974-324-6347x007,2026-06-10T01:01:48,True,ADDR01748,
CUST01716,Nathan Klein,jefferymurphy@example.com,844.988.8107x7545,2025-08-18T16:59:08,True,ADDR01401,
CUST01717,Hannah Jackson,kristinaroberts@example.org,(533)612-2190,2025-10-13T16:48:43,True,ADDR01810,
CUST01718,Carl Anderson,laraelizabeth@example.net,(668)799-1997x387,2025-03-08T06:26:04,True,ADDR01313,
CUST01719,Lisa Nixon,angelanguyen@example.org,+1-931-819-8919x91918,2025-08-30T18:47:35,True,ADDR00823,
CUST01720,John Riggs,ybeck@example.com,(574)330-3298,2025-12-20T00:53:58,True,ADDR00550,
CUST01721,Mary Morales,reidcatherine@example.net,784-632-7737,2026-01-05T08:55:51,True,ADDR00118,
CUST01722,Elizabeth Sanchez,jack22@example.org,699-881-2837x5567,2026-03-22T19:56:02,True,ADDR01703,
CUST01723,Thomas Jones,jacob60@example.com,9633174851,2025-11-29T19:52:59,True,ADDR00553,
CUST01724,Anthony West,melissa87@example.com,5017934362,2026-04-10T23:42:09,True,ADDR00842,
CUST01725,Kathleen Diaz,daniel65@example.net,(433)450-7985x071,2026-01-07T07:19:40,True,ADDR00496,
CUST01726,Jill Tucker,paulawood@example.com,375-968-5913x68194,2026-05-11T22:58:15,True,ADDR00737,
CUST01727,Craig Gonzalez,zperez@example.com,001-714-473-1373x7653,2025-01-14T06:10:19,True,ADDR01328,
CUST01728,Kathryn Mendoza,ydiaz@example.com,001-316-518-6403,2025-09-19T02:53:02,True,ADDR01881,
CUST01729,Sheila Singleton,carrollkelly@example.com,9962917444,2026-01-18T19:09:39,True,ADDR01106,
CUST01730,Kent Dixon,lbird@example.com,811-624-2419x76012,2026-01-24T04:58:30,True,ADDR00028,
CUST01731,William Wolfe,benjamin56@example.net,001-229-762-8224,2025-01-25T08:22:57,True,ADDR01986,
CUST01732,Jennifer Owens,cherylwagner@example.com,(557)226-5797x50444,2025-05-27T05:53:13,True,ADDR00112,
CUST01733,Timothy Wolf,cwilliams@example.com,001-951-876-4133x3428,2025-04-23T11:27:50,False,ADDR01617,
CUST01734,Craig Gregory,marydavis@example.org,7767939969,2025-03-02T10:21:14,True,ADDR01800,
CUST01735,Scott Wells,leahcox@example.org,001-989-508-8379x30525,2025-10-09T14:47:27,True,ADDR01569,
CUST01736,Robin Soto,jenkinscheryl@example.org,636-248-4550,2026-01-24T14:43:04,False,ADDR01448,RING002
CUST01737,Heather Mcdonald,kristindavis@example.com,610.794.6781,2025-06-12T16:56:56,True,ADDR00396,
CUST01738,Tiffany Monroe,charles05@example.net,263-504-4782,2025-10-19T02:01:29,True,ADDR01652,
CUST01739,Jason Weber,allison74@example.net,(269)648-2439x961,2025-11-23T15:08:34,True,ADDR01190,
CUST01740,Teresa Carter,hknight@example.org,+1-278-799-1496,2025-02-07T20:58:08,False,ADDR00237,RING005
CUST01741,Adam Lewis,shannonjoshua@example.org,(503)595-3274,2025-01-25T01:46:29,False,ADDR00831,
CUST01742,Christie Jones,arthur53@example.com,(502)668-9550x4411,2026-06-10T23:30:54,True,ADDR01266,
CUST01743,Shelly Russell,ostevens@example.net,(702)674-5100x621,2025-06-12T04:20:06,True,ADDR01887,
CUST01744,Scott Medina,fthompson@example.org,418.361.7268x691,2025-12-04T16:51:53,True,ADDR00015,
CUST01745,Kristi Castro,jay61@example.org,001-345-586-6443x27596,2025-10-25T15:40:51,False,ADDR00357,
CUST01746,Dr. Melissa Casey,kristina79@example.com,(343)719-9801x7555,2025-06-10T20:01:02,False,ADDR01162,
CUST01747,Donald Campbell,nmendez@example.org,417-799-9385x23386,2025-08-03T15:07:08,True,ADDR00795,
CUST01748,David Tucker,selenawilliams@example.com,6499667263,2025-11-06T14:35:18,True,ADDR00792,
CUST01749,Rachel Gould,qwilliams@example.net,790-860-5140x53429,2025-06-29T12:04:05,True,ADDR00465,
CUST01750,Laura Wallace,jamesbrown@example.org,(343)852-2410,2025-08-16T10:50:23,False,ADDR00194,
CUST01751,Anna Parks,carlsondavid@example.net,268-318-6236x52180,2025-05-02T07:05:57,True,ADDR01126,
CUST01752,Mr. Jared Rivera,shelley55@example.com,274.279.0214,2025-02-19T13:26:28,True,ADDR00016,
CUST01753,Sophia Gonzalez,mariawhite@example.org,593.218.4392x420,2025-12-15T15:41:37,True,ADDR01416,
CUST01754,Calvin Johnson,vanessamitchell@example.com,818-552-6124x121,2026-03-29T02:48:15,True,ADDR01627,
CUST01755,Adam Shelton,zbaker@example.com,(223)397-1775x5626,2025-07-14T05:14:43,False,ADDR00953,
CUST01756,Katelyn Zamora,guerrajessica@example.net,+1-788-482-1163x446,2025-03-27T13:03:00,True,ADDR01562,
CUST01757,Christopher Johns,xharris@example.org,(942)809-8842,2026-03-21T19:06:21,True,ADDR01305,
CUST01758,Crystal Stanton,tiffanyjefferson@example.net,001-874-783-8696x6731,2025-02-27T04:03:19,True,ADDR01135,
CUST01759,Larry Shelton,samanthamoore@example.org,686.461.5374,2025-01-10T00:30:42,False,ADDR01454,
CUST01760,Paul Compton,woodgeorge@example.net,(311)798-5954,2025-09-16T10:15:00,True,ADDR01700,
CUST01761,Joseph Turner,amandasoto@example.org,(683)276-0754x764,2025-06-30T18:46:49,True,ADDR00904,
CUST01762,Heidi Moran,fjohnson@example.org,763.438.3550,2025-11-21T01:05:32,True,ADDR00323,
CUST01763,Carla Moran,aaron80@example.net,(435)455-4822x421,2026-04-10T13:24:29,True,ADDR00748,
CUST01764,Traci Richards,ebush@example.org,+1-627-348-9185,2025-12-02T16:45:40,True,ADDR00967,
CUST01765,Leslie Thompson,nicole46@example.org,+1-675-885-3634x895,2025-07-24T20:20:17,True,ADDR00373,
CUST01766,Rachel Morris,pamela72@example.org,+1-201-451-6734x4459,2025-01-22T20:23:43,True,ADDR01336,
CUST01767,Priscilla Williams,danaholmes@example.org,623.822.4789,2026-02-14T12:46:00,True,ADDR00381,
CUST01768,Nathaniel Perez,cbest@example.com,593.849.2589,2026-01-08T00:02:06,True,ADDR00771,
CUST01769,Lori Sparks MD,bryan97@example.org,293-326-9909,2025-11-05T05:51:55,True,ADDR00112,
CUST01770,Scott Sherman,saunderslynn@example.org,452.469.0432x6884,2025-11-25T21:19:59,False,ADDR01521,
CUST01771,Kelly Morris,adamschultz@example.com,001-212-460-9724x6328,2026-03-28T08:51:10,True,ADDR00604,
CUST01772,Randy Hartman,julia04@example.net,001-397-642-6757x9240,2025-10-12T12:55:54,True,ADDR00396,
CUST01773,Gregory Jackson,theresa67@example.net,+1-859-307-7464x5666,2025-12-11T16:55:56,True,ADDR00902,
CUST01774,Christian Higgins,hgomez@example.com,388.336.8864x710,2025-08-22T19:18:30,True,ADDR01361,
CUST01775,Alice Fritz,nthompson@example.net,+1-396-668-5567,2026-01-01T16:41:46,False,ADDR00753,
CUST01776,Jeanette King,suttontimothy@example.org,(753)564-4422x9552,2025-05-29T20:29:02,True,ADDR00691,
CUST01777,Regina Barnett,curtis63@example.org,(367)915-3370x872,2026-01-21T05:55:31,True,ADDR01461,
CUST01778,Michelle Barrett,jorge10@example.org,435-343-9880,2026-04-26T02:54:39,True,ADDR01279,
CUST01779,Lori Sanchez,esellers@example.org,(536)233-1997x18641,2026-06-24T02:55:41,True,ADDR01011,
CUST01780,Christine Andrews,martin31@example.net,+1-520-563-5883x27957,2025-09-28T04:52:27,True,ADDR01574,
CUST01781,Matthew Erickson,johnrussell@example.net,4707427561,2025-09-03T08:57:37,True,ADDR00250,
CUST01782,Linda Torres,alyssaali@example.net,(701)669-3185,2026-02-10T22:41:58,True,ADDR01934,
CUST01783,Marissa Burnett,kimberlynelson@example.org,(802)522-2956,2026-02-12T02:04:19,True,ADDR01864,
CUST01784,Tammy Roberts,lrhodes@example.com,994.537.2998,2025-03-31T14:12:24,True,ADDR01463,
CUST01785,Laura Fitzpatrick,anthony62@example.net,+1-917-567-3368x60481,2026-03-07T04:17:25,True,ADDR01493,
CUST01786,Ryan Miller,raymond08@example.com,394-760-4489x6756,2026-01-06T18:27:54,True,ADDR00203,
CUST01787,April Baxter,qrollins@example.net,(904)710-7282x4219,2025-03-30T00:32:43,False,ADDR00650,
CUST01788,Ryan Foster,samanthajones@example.net,244.275.2322x36132,2025-05-07T04:52:58,True,ADDR00529,
CUST01789,Megan Barrera,donnaanderson@example.org,001-357-884-6478x031,2025-05-03T02:40:54,True,ADDR00238,
CUST01790,Robert Smith,joe34@example.net,786.438.6473x903,2026-01-24T22:40:38,True,ADDR01651,
CUST01791,Miranda Olsen,ashort@example.net,491-589-7555,2025-08-26T04:12:12,True,ADDR00747,
CUST01792,Kristin Cox,jeffreysmith@example.com,(801)819-4222,2025-06-18T10:04:11,False,ADDR00901,RING006
CUST01793,Amanda Wells DVM,susan44@example.net,+1-813-276-9497x78719,2025-06-08T08:48:30,True,ADDR01378,
CUST01794,Larry Luna,matthew17@example.com,001-393-603-8899,2026-01-01T00:44:41,True,ADDR01891,
CUST01795,Vincent Pierce,jessicacarter@example.com,780.403.3803,2025-07-24T19:40:56,False,ADDR01813,
CUST01796,Darlene Gray,calderonkevin@example.org,+1-837-672-3772x11964,2025-01-01T10:10:55,True,ADDR01826,RING006
CUST01797,Kaylee Sanders,ajones@example.com,001-276-522-1619x2289,2026-04-09T18:57:35,True,ADDR00824,
CUST01798,Marco Miller,pbrown@example.com,763.340.0159x4200,2025-09-04T14:14:24,True,ADDR01853,
CUST01799,Jasmine Swanson,iolsen@example.org,(865)587-4148x19446,2025-10-01T07:35:20,True,ADDR01112,
CUST01800,Mathew Fisher,rodney64@example.org,323.291.6577,2025-01-04T19:36:43,True,ADDR01668,
CUST01801,Randall Flores,paynejulia@example.org,001-315-646-4005x1138,2025-04-05T22:49:50,True,ADDR00016,
CUST01802,Richard Baker,jvillegas@example.com,(774)981-3951x559,2025-03-12T11:55:04,True,ADDR01629,
CUST01803,Rhonda Gallagher,hawkinsrobert@example.net,001-449-204-1024x1978,2025-03-11T09:19:49,True,ADDR00826,
CUST01804,Pamela Barton,awilliams@example.net,(847)536-5770x634,2025-03-22T23:39:26,True,ADDR00793,
CUST01805,Jeffery Allen,mshah@example.org,651-762-8786,2025-01-29T13:27:35,True,ADDR01796,
CUST01806,Connie Torres,robin96@example.net,223.750.8038,2025-04-08T15:38:12,True,ADDR01377,
CUST01807,Juan Grant,alopez@example.org,(888)248-6691x721,2025-06-22T03:58:43,True,ADDR01091,
CUST01808,Brittany Ruiz,guerrerojeffrey@example.net,001-833-758-7080x95715,2026-02-10T17:15:38,True,ADDR01362,
CUST01809,Tammy Wagner,sethward@example.org,+1-821-757-9267x9663,2025-03-10T05:36:13,True,ADDR01332,
CUST01810,Alan Suarez,jwilson@example.org,(829)764-1464x6480,2025-07-09T19:46:18,True,ADDR00061,
CUST01811,Joshua Guerra,cthompson@example.com,001-967-699-2754x303,2026-04-02T00:55:15,True,ADDR00963,
CUST01812,Terry Lee,walterdustin@example.com,+1-604-525-8020x1737,2025-11-24T16:36:30,True,ADDR01956,
CUST01813,Kyle Garner,richardhamilton@example.org,001-963-747-5893x001,2025-02-19T10:32:49,True,ADDR00063,
CUST01814,Charles Jones,badams@example.com,794.314.6088x0900,2026-05-20T20:07:42,True,ADDR01364,
CUST01815,Bonnie Wilson,qhebert@example.net,465.902.3507x01519,2025-09-04T08:53:40,True,ADDR01866,
CUST01816,Thomas Lawrence,marquezadam@example.com,+1-284-529-6393,2025-11-06T18:22:26,True,ADDR00266,
CUST01817,Edwin Allen,kjohnston@example.net,(583)778-2317x740,2025-12-06T23:04:56,True,ADDR01454,
CUST01818,Rhonda White,tyler04@example.com,(256)862-6977x01904,2025-04-26T09:13:04,True,ADDR01965,
CUST01819,Dr. Eileen Hardy,andersonvanessa@example.com,3185595702,2025-04-06T12:22:05,True,ADDR00154,
CUST01820,Elizabeth Taylor,diana24@example.net,266.223.9697x05986,2025-06-09T19:55:49,True,ADDR00574,
CUST01821,Dana Clark,knightjulia@example.net,520-421-5377,2025-05-15T00:09:12,True,ADDR01411,
CUST01822,Jeffrey Gibson,kim61@example.com,(818)717-6412x49364,2025-02-24T03:37:02,True,ADDR01354,
CUST01823,Richard Young,yhoward@example.net,246.204.1913x42462,2026-01-03T09:51:16,True,ADDR00520,
CUST01824,Daniel Owen,randy95@example.com,(721)717-1389x83344,2026-05-27T18:22:50,True,ADDR00598,
CUST01825,Jaime Hill,christineespinoza@example.org,536-786-0851,2025-04-23T05:33:39,True,ADDR00894,
CUST01826,Wesley Reyes,taylorgregory@example.org,+1-468-990-1446x1679,2026-02-15T05:47:22,True,ADDR01542,
CUST01827,Laura Martin,mackenziehull@example.com,486.847.1020x075,2025-02-18T12:05:48,True,ADDR00469,
CUST01828,Brian Garcia,coryfrancis@example.com,(391)987-8225x32996,2025-08-17T05:48:18,True,ADDR01833,
CUST01829,Barbara Knapp,arroyoamy@example.net,431-560-8649x31162,2025-03-03T13:01:53,True,ADDR00151,
CUST01830,Donald Rodgers,kellyjohnson@example.net,3444746610,2025-07-23T06:39:22,True,ADDR01047,
CUST01831,Tracy Smith,jackielee@example.com,(202)833-1808,2026-02-07T17:54:09,True,ADDR00460,
CUST01832,Kayla Thompson,wilsonjoshua@example.com,(291)211-0572,2026-04-10T04:01:23,True,ADDR01929,
CUST01833,Ann Hoffman,christina20@example.net,508.909.9464x5367,2026-05-03T17:09:23,True,ADDR00201,
CUST01834,Jason Harmon,mrussell@example.org,908-787-9883x0572,2025-04-26T13:58:54,True,ADDR01257,RING004
CUST01835,Patrick Higgins,williamscott@example.net,229-609-2148x801,2026-06-20T12:10:45,True,ADDR01883,
CUST01836,Lisa Livingston,huntamanda@example.org,+1-713-238-5485x564,2025-04-25T01:42:45,False,ADDR00653,RING002
CUST01837,Tyler Carr,brooke26@example.com,+1-637-873-6505x55065,2026-01-20T16:03:53,True,ADDR01544,
CUST01838,Mary Barrera,wolfetanner@example.org,499-921-4964,2025-09-10T05:48:42,True,ADDR00527,
CUST01839,Rebecca Tucker,adamstammy@example.com,+1-215-299-2940x328,2025-07-01T11:00:15,False,ADDR01896,RING007
CUST01840,Emily Allen,jasonburns@example.org,521-647-8166x43205,2025-07-29T23:26:18,True,ADDR00888,
CUST01841,Rachael Smith,valerienelson@example.com,(685)764-7571x2080,2025-01-08T10:00:38,True,ADDR00645,
CUST01842,Christopher Roberts,michaelcherry@example.com,(575)369-6006x573,2025-09-09T07:56:23,True,ADDR01596,
CUST01843,Mia Lewis,melissa88@example.net,861.479.3605,2025-03-22T07:31:07,False,ADDR00590,
CUST01844,David Ali,huntersmith@example.net,001-899-789-6937,2025-06-15T14:14:18,True,ADDR01806,
CUST01845,Christina Parker,simpsonvincent@example.net,001-627-430-6809x25223,2026-05-23T09:43:49,True,ADDR01902,
CUST01846,Robert Rios,kevinwalker@example.com,(481)615-8330x232,2026-05-14T13:09:02,True,ADDR00459,
CUST01847,Nicole Munoz,lanejoshua@example.org,528.599.8678x77749,2025-11-27T08:00:57,True,ADDR01313,
CUST01848,Kaitlin Taylor,jeffreygrimes@example.net,001-580-606-0351x23537,2025-07-08T01:03:44,True,ADDR01618,
CUST01849,Katherine Kelly,richard80@example.net,9874355975,2026-06-15T23:09:24,False,ADDR01551,
CUST01850,Richard Caldwell,dominguezcarol@example.com,581.786.5981x1743,2026-02-27T00:15:16,True,ADDR01017,
CUST01851,Antonio Whitaker,tracyellis@example.org,+1-887-684-5283x38597,2025-02-05T08:25:25,True,ADDR01401,
CUST01852,Laura Davis,nelsonmaria@example.org,364.523.4988x5794,2025-11-29T14:53:10,True,ADDR01097,
CUST01853,Erica Johnson,hbrowning@example.org,(792)517-6976,2025-09-07T12:09:21,True,ADDR01402,
CUST01854,Brett Ryan DDS,lorihill@example.com,776.410.4020x749,2025-02-11T13:33:19,True,ADDR00770,
CUST01855,Kimberly Navarro DDS,shawnwarren@example.net,(772)544-0145,2026-02-14T05:54:14,True,ADDR01640,
CUST01856,Gina Carroll,taylorreed@example.org,(366)227-2759x525,2025-08-02T01:07:35,True,ADDR00029,
CUST01857,Bryan Atkins,matthew33@example.net,331.656.2682x31001,2025-09-08T15:45:43,True,ADDR01380,
CUST01858,Brandon Bartlett,ymedina@example.net,844.770.3782,2025-08-05T04:04:30,True,ADDR01981,
CUST01859,Bryan Logan,ngray@example.com,862-696-1524x7779,2025-08-27T00:29:21,True,ADDR01001,
CUST01860,Taylor Yu,eddie36@example.org,691-406-9125,2025-07-04T22:50:23,True,ADDR00493,
CUST01861,Melissa Mahoney,karina64@example.net,378.588.5046x86055,2025-10-16T06:10:02,True,ADDR00457,
CUST01862,Benjamin Moody,daniel64@example.org,5409946283,2026-05-23T05:21:44,True,ADDR01700,
CUST01863,Steve Martinez,xhunt@example.org,001-734-927-6296x035,2025-07-13T02:24:53,True,ADDR00961,
CUST01864,Zachary Daniel,kwillis@example.org,(866)791-5299x8055,2026-01-07T03:07:37,False,ADDR01235,
CUST01865,Devon Schultz,jack77@example.org,556-395-5350x4314,2025-11-28T07:51:53,True,ADDR01362,
CUST01866,Edward Gardner,bellbrandi@example.com,001-602-208-1298x1674,2025-05-02T08:27:47,True,ADDR00738,
CUST01867,Grace Villegas,sarahtucker@example.com,001-851-916-3970x9466,2025-07-07T12:23:21,False,ADDR00744,
CUST01868,John Daniels,chavezjeremy@example.org,5356787535,2026-01-11T16:35:02,True,ADDR01657,
CUST01869,Karen Peters,wilkinsonomar@example.net,(457)969-7116,2025-02-07T21:21:05,True,ADDR00655,
CUST01870,Mark Walker,xdelacruz@example.net,(393)720-4154,2026-03-14T16:34:06,True,ADDR00009,
CUST01871,Paul Hall,matthewscott@example.org,869.561.1835x0180,2025-03-06T03:53:40,True,ADDR00038,
CUST01872,Kimberly Bryant,tswanson@example.net,619.310.6782x91738,2026-02-07T14:33:00,True,ADDR00237,
CUST01873,Christopher Ortiz,josephowens@example.com,367.374.6368x07961,2026-03-09T15:23:50,True,ADDR00815,
CUST01874,Larry Shaw,jessica34@example.org,+1-684-288-6957x59557,2025-07-28T16:17:25,True,ADDR00917,
CUST01875,John Morales DVM,brittany73@example.org,(239)854-4816x2852,2026-04-27T16:29:55,True,ADDR01511,
CUST01876,Donna Martinez,cheyenne09@example.com,001-598-795-7626x4697,2025-01-17T12:03:23,True,ADDR01157,
CUST01877,Jose Garcia,melissa00@example.com,001-289-243-3097,2026-05-26T11:08:03,True,ADDR01614,
CUST01878,Eric Hartman,david29@example.net,(586)820-9705,2026-04-11T05:28:47,True,ADDR00067,
CUST01879,Amber Gonzalez,shawdavid@example.org,856-675-4796x02451,2026-03-20T03:12:49,True,ADDR01888,
CUST01880,Krista Warren,garciafrederick@example.com,608.383.2868x978,2026-02-17T03:48:07,True,ADDR00139,
CUST01881,Kathryn Payne,cmartinez@example.net,(830)678-0482,2025-04-30T02:04:28,True,ADDR01495,RING005
CUST01882,Ashley Jones,floresbreanna@example.net,588.881.4195,2025-02-08T13:07:10,True,ADDR01035,
CUST01883,Jacqueline Mejia,collinskeith@example.net,(280)293-6254x1168,2026-04-16T23:03:41,True,ADDR00421,
CUST01884,Christopher Carter,skeith@example.org,001-583-936-2464x51328,2025-05-14T12:39:26,True,ADDR01827,
CUST01885,Diana Taylor,hwoods@example.net,(415)328-7042,2026-05-09T13:36:08,False,ADDR00873,
CUST01886,Ashlee Shelton,riveragary@example.net,9567205271,2025-09-27T00:02:47,True,ADDR01223,
CUST01887,Christian Williamson,raymondterrell@example.net,001-902-446-7952x975,2026-06-20T22:29:32,True,ADDR00073,
CUST01888,Ryan Ramos,karen38@example.com,849.716.9625x60952,2026-05-10T04:41:59,True,ADDR01889,
CUST01889,Kathleen Harvey,kimberly48@example.net,+1-795-832-0814,2025-10-24T02:37:52,True,ADDR01617,
CUST01890,Mitchell Green,jenniferhodges@example.org,822-592-0705,2026-02-03T07:16:36,True,ADDR01000,
CUST01891,Kimberly Miller,angelaphillips@example.org,001-296-631-8027x3663,2026-04-20T21:35:08,False,ADDR01828,
CUST01892,Brandi Pham,diaztaylor@example.com,001-216-565-1881,2026-05-25T15:07:53,False,ADDR01092,
CUST01893,Mr. Aaron Clark II,patriciacooper@example.com,481.572.5649,2025-06-06T10:04:30,False,ADDR01029,
CUST01894,Christopher Lee,carol55@example.net,001-580-316-3268x03423,2025-04-27T13:56:13,True,ADDR00252,
CUST01895,Annette Palmer,peter78@example.org,8594755093,2025-04-02T11:01:05,True,ADDR01683,RING007
CUST01896,Mary Fleming,rodriguezkimberly@example.org,001-388-719-5304,2025-09-16T01:20:56,True,ADDR01194,RING008
CUST01897,Alicia Goodman,codyyork@example.net,(742)584-3502,2026-03-07T14:57:06,True,ADDR01799,
CUST01898,Ariana Harris,gileskaren@example.com,724-611-1094,2025-05-05T10:10:04,True,ADDR01692,
CUST01899,Brooke Duran,martinezashley@example.com,643-914-4997,2025-03-05T03:44:35,True,ADDR01958,RING006
CUST01900,Amber Garcia,wmonroe@example.org,001-906-216-2884x649,2026-01-13T12:32:56,True,ADDR00800,
CUST01901,Dawn Holloway,daviessergio@example.org,(295)530-3667,2025-01-02T19:02:45,True,ADDR00710,
CUST01902,Mark Spencer,juan28@example.net,+1-353-526-4972x59639,2025-06-16T08:46:59,True,ADDR01451,
CUST01903,Christina Benton,desireeyu@example.com,748.619.5443x8424,2025-11-30T03:37:32,True,ADDR00705,
CUST01904,Kimberly Valencia,elijah21@example.net,522.634.5842,2026-06-20T05:08:09,True,ADDR00359,
CUST01905,Steven Shields,juanjohns@example.net,226.237.5597,2025-07-22T21:13:35,False,ADDR00238,
CUST01906,Wesley Taylor,martinezscott@example.org,274-649-0743x85528,2025-05-16T12:20:14,True,ADDR00572,
CUST01907,Peter Green,ronaldmorales@example.net,001-596-243-3156x5314,2026-01-20T03:20:31,True,ADDR01451,
CUST01908,Mary Riggs,teresa13@example.com,735-477-2082,2025-09-03T02:14:51,True,ADDR00413,
CUST01909,Ashley Smith,emma82@example.org,296.239.0862,2026-06-28T08:19:38,True,ADDR00477,
CUST01910,Charles Bell,dawsonelizabeth@example.org,957.872.9090,2025-05-20T17:32:41,True,ADDR00521,
CUST01911,Shirley Huynh,rebeccaortega@example.net,353-549-1831x922,2026-06-10T05:54:59,True,ADDR00208,
CUST01912,Jasmine Lewis,kelly52@example.com,4966037720,2025-04-28T07:59:05,False,ADDR01480,
CUST01913,David Garner,morrowcraig@example.org,9474579248,2025-05-24T19:10:51,False,ADDR00518,
CUST01914,Christine Boyer,elizabeth46@example.com,630.691.9534x89219,2025-07-05T05:12:51,True,ADDR01217,
CUST01915,David Gibson,billyparker@example.net,(390)319-1376x1207,2025-03-28T22:35:18,True,ADDR00535,
CUST01916,Destiny Rodriguez,dylanwashington@example.com,+1-594-629-6784,2025-12-20T16:13:51,False,ADDR01041,
CUST01917,Mrs. Kimberly Gonzalez,stevebrown@example.com,(489)539-9093,2026-04-24T19:20:16,True,ADDR01452,
CUST01918,Ricardo Roberts,lisawhite@example.com,+1-563-455-6088,2025-02-09T03:47:25,True,ADDR00702,
CUST01919,Raymond Clay,fhamilton@example.org,350.916.9950,2025-09-13T18:20:37,True,ADDR01357,RING005
CUST01920,Elizabeth Patterson,lisa15@example.org,8199126227,2026-05-31T00:52:16,True,ADDR00279,
CUST01921,Mrs. Janice Richardson,bradrichardson@example.net,909.927.4174x07007,2025-09-14T07:47:00,True,ADDR01626,
CUST01922,Jessica Thomas,peckgregory@example.net,001-941-268-3411x170,2026-05-13T21:02:25,True,ADDR01782,
CUST01923,Bryan Watkins,cynthiarichmond@example.org,329-465-8704x248,2026-03-23T08:46:17,True,ADDR00005,
CUST01924,Gloria Sellers,coxalexander@example.com,328.257.1185x7331,2026-06-16T04:20:42,True,ADDR01412,RING005
CUST01925,Cheyenne Coffey,vbrandt@example.org,(902)743-0872x9208,2026-04-18T02:07:26,True,ADDR01013,
CUST01926,Jennifer Molina,rachel61@example.com,(666)327-6380x673,2026-04-17T09:01:00,True,ADDR01447,
CUST01927,Eric Hudson,mccallmark@example.com,(840)406-1223x2205,2026-06-06T11:54:48,True,ADDR00605,
CUST01928,Deanna Gallagher,brianrobertson@example.com,454-799-8133x789,2025-06-13T18:37:55,True,ADDR01001,
CUST01929,Kaitlyn Singleton,colebrian@example.net,(562)978-0361x059,2025-12-19T12:01:58,True,ADDR00714,
CUST01930,Crystal Hodges,ohowell@example.net,809.939.8021,2026-05-02T21:06:19,False,ADDR01067,
CUST01931,Marcia Schultz,blakeroy@example.net,212.438.0205x247,2026-06-13T23:02:38,True,ADDR01968,
CUST01932,Jennifer Lewis,suzanne64@example.com,733.849.7239,2025-04-10T03:44:55,True,ADDR00147,RING002
CUST01933,Larry Walker,david02@example.com,9893765199,2025-07-05T21:52:06,True,ADDR00175,
CUST01934,Justin Ramirez,sweaver@example.com,(545)757-8212,2026-05-28T09:47:20,True,ADDR00209,
CUST01935,Heather Robinson,vmerritt@example.com,+1-869-928-6108,2025-07-05T22:21:45,True,ADDR00151,
CUST01936,Brandon Williams,alejandrocaldwell@example.net,+1-420-258-4089x5402,2025-03-25T00:50:55,False,ADDR00104,
CUST01937,Dennis Gibson,christopherperez@example.com,9028343599,2025-05-26T19:25:34,True,ADDR00673,
CUST01938,Maria Perez,nicolecordova@example.org,604.764.1731x70927,2026-06-10T08:57:00,False,ADDR01567,
CUST01939,James Vargas,gutierrezmeagan@example.net,9089258982,2025-07-22T01:14:47,True,ADDR01779,
CUST01940,Gordon Castillo,shawn04@example.com,460.880.2484x833,2025-08-05T15:26:04,True,ADDR01182,
CUST01941,Matthew Thomas,bradstewart@example.com,+1-929-416-2577x8080,2025-08-12T23:10:08,True,ADDR01705,
CUST01942,Kristina Cox,emmafigueroa@example.org,275-615-3554,2025-03-22T11:00:46,True,ADDR01796,
CUST01943,Jennifer Hahn,isaiah71@example.org,+1-625-815-9782x316,2025-04-08T22:42:43,True,ADDR00286,
CUST01944,Linda Butler,colsen@example.org,+1-557-926-5682x7574,2025-05-13T03:24:09,True,ADDR01754,
CUST01945,Steven Wilson,barbarataylor@example.org,770-799-3927,2026-01-12T00:12:02,True,ADDR01143,
CUST01946,Ruben Barnes,ievans@example.com,001-547-258-3753x227,2025-09-07T21:55:55,True,ADDR01073,
CUST01947,Crystal Holmes,bradywendy@example.com,(584)759-4579x983,2026-01-04T13:32:28,False,ADDR01762,
CUST01948,Randall Hubbard,olarsen@example.org,(208)725-1032x62363,2026-03-24T00:29:23,True,ADDR01574,
CUST01949,Lisa Gomez,rphillips@example.net,281.529.3785,2025-03-23T10:06:44,True,ADDR01198,
CUST01950,James Montgomery,michaelbullock@example.net,001-421-339-7610x451,2026-02-14T04:06:27,True,ADDR00025,
CUST01951,Brian Kelly,marc10@example.org,(603)917-3136,2025-12-08T10:51:33,True,ADDR01151,
CUST01952,Robert Martinez,nkennedy@example.org,353.739.2738x7053,2026-01-08T14:43:16,True,ADDR00421,
CUST01953,Brian Johnson,gabrielfry@example.com,235.573.7930x058,2025-06-24T21:52:01,True,ADDR00254,
CUST01954,Felicia Waters,chelseabrown@example.org,612-347-2648,2025-11-26T12:36:35,True,ADDR00229,
CUST01955,Jennifer Robinson,caroline45@example.com,+1-603-253-6516x50106,2026-03-07T05:18:58,True,ADDR01517,
CUST01956,Karen Payne,jeremy41@example.com,001-978-214-1760x38373,2026-05-20T11:36:00,False,ADDR00770,
CUST01957,Kelsey Evans,daniel31@example.com,001-875-630-7024x365,2026-04-25T10:45:51,True,ADDR00014,
CUST01958,Thomas Gallagher,whitney94@example.com,+1-504-272-8522,2025-06-12T10:39:23,True,ADDR01221,
CUST01959,Ashley Jimenez MD,robert34@example.com,658-258-1266x286,2025-03-24T21:12:31,True,ADDR00763,
CUST01960,Alicia Moreno,billysolis@example.org,253-761-3423,2025-12-15T20:33:42,True,ADDR00153,
CUST01961,Kimberly Flores,hhorton@example.net,(516)937-0870x4415,2025-07-29T16:21:37,True,ADDR00618,
CUST01962,Andrea Richardson,ericharris@example.net,508.295.3586,2026-03-11T06:36:07,True,ADDR01116,
CUST01963,Brittany Walter,colleen11@example.net,935.523.9214x944,2025-07-11T08:20:29,True,ADDR01647,
CUST01964,Judith Johnson,chad46@example.com,001-486-722-7696x605,2025-12-12T01:39:36,True,ADDR00405,
CUST01965,Mary Oconnor,sarahwright@example.com,622.371.5031x9737,2025-12-06T22:46:42,True,ADDR01332,
CUST01966,Jasmine Harris,pattonalvin@example.net,688.354.4170,2025-06-29T15:55:43,True,ADDR01647,
CUST01967,Tamara Moore,joseschwartz@example.net,001-388-357-0039x228,2025-06-23T11:12:40,True,ADDR00197,
CUST01968,Hannah Lawson,wandaberg@example.org,+1-468-259-1343,2025-02-17T12:51:07,True,ADDR00913,
CUST01969,Brittany Brown,charles61@example.net,975.213.4203,2025-07-27T01:27:38,True,ADDR01178,
CUST01970,Marc Hickman,alexismason@example.com,378-530-3535,2025-10-12T11:18:30,True,ADDR00628,
CUST01971,Julian Thomas,todd34@example.net,001-729-639-6286x6727,2025-12-08T11:08:00,True,ADDR00064,
CUST01972,Hunter Flores,shelly99@example.com,+1-729-440-3080x83570,2025-01-12T20:23:27,False,ADDR01808,
CUST01973,Ashley Mejia,luke30@example.net,(606)316-7296x16477,2025-06-30T16:40:58,True,ADDR01872,
CUST01974,Andrew Figueroa,egomez@example.net,+1-307-293-6659x3300,2026-05-20T21:05:53,True,ADDR00660,RING003
CUST01975,Mr. Andrew Hicks,tommymoyer@example.com,(539)710-2978x0052,2025-04-12T02:31:09,True,ADDR01063,
CUST01976,Jonathan Edwards,nward@example.org,001-577-840-8824x96368,2025-07-24T21:36:22,True,ADDR01879,
CUST01977,Crystal Alexander,jorgebryant@example.org,001-826-336-6600x40132,2026-06-03T04:19:05,True,ADDR00208,
CUST01978,Martha Edwards,forbeslori@example.net,654-994-8382x208,2025-01-22T07:23:55,True,ADDR01047,RING005
CUST01979,Mark Mata,nanderson@example.org,995-324-5133x91958,2025-05-20T04:30:43,True,ADDR01662,
CUST01980,Melissa Spencer,vincent35@example.com,+1-521-355-6003x084,2025-06-30T11:10:03,True,ADDR01528,
CUST01981,James Roman,ballardemily@example.org,8627816825,2025-02-15T00:25:56,True,ADDR00660,
CUST01982,Carrie Jones,desireecruz@example.net,(223)654-4261x34889,2026-02-20T12:02:50,True,ADDR00280,
CUST01983,Randall Ferguson,gsuarez@example.net,(341)770-0580x587,2026-04-05T11:27:57,True,ADDR00986,
CUST01984,Dawn Taylor,ricky40@example.com,(474)856-2554,2025-05-09T21:54:29,True,ADDR01565,
CUST01985,Sarah Aguirre,lawrencekevin@example.org,(203)653-7872x023,2026-01-13T17:48:18,True,ADDR01056,
CUST01986,Marilyn Baker,eric92@example.com,(686)558-2060x632,2025-12-27T18:50:40,False,ADDR00449,
CUST01987,Lisa Cole,johnsonjohn@example.com,+1-249-974-9675x1962,2025-11-28T00:21:30,True,ADDR00761,
CUST01988,Jesse Wise,richard53@example.org,8519516863,2025-09-07T10:14:47,True,ADDR00206,RING005
CUST01989,Angel Hale,thomas99@example.org,775-783-6172x307,2025-07-02T10:04:21,True,ADDR01653,
CUST01990,Katie Freeman,christopher78@example.net,001-399-943-6380x28229,2025-12-13T14:40:09,True,ADDR00069,
CUST01991,Tina Reynolds,tgonzalez@example.org,(621)442-0382,2025-11-16T04:57:04,True,ADDR00781,
CUST01992,Wendy White,cody68@example.net,+1-828-284-1465x90304,2026-01-19T05:58:40,False,ADDR01827,
CUST01993,Virginia Mcintosh,rduran@example.org,980.864.2944,2026-05-30T13:54:56,True,ADDR01824,
CUST01994,Susan Joseph,erice@example.net,+1-215-662-6964x10165,2025-06-30T22:05:31,False,ADDR00437,
CUST01995,Autumn Velazquez,ellisaaron@example.org,913-324-3980x5188,2025-02-23T15:53:38,True,ADDR01174,
CUST01996,Lisa Murphy,smithbrian@example.com,833-218-0321x65097,2025-03-14T11:13:01,True,ADDR01428,
CUST01997,Kristin Dunn,bmartinez@example.org,2796659393,2026-04-04T11:39:57,True,ADDR01973,
CUST01998,Randall Sullivan,nicholaschambers@example.org,799-260-2069x064,2025-06-21T01:10:18,False,ADDR01523,
CUST01999,Jill Medina,rachel07@example.com,248-956-1584x373,2026-01-16T15:39:01,True,ADDR00502,
CUST02000,Alexander Griffin,michael95@example.net,+1-388-247-0508x8248,2025-05-28T19:41:25,True,ADDR00234,
