device_id,device_fingerprint,os,browser
DEV00001,9f15394ed99bd20f,Android,Chrome
DEV00002,c7c428b299888c94,macOS,Safari
DEV00003,bef529c065143bd6,Linux,App-WebView
DEV00004,aaf41907f08c3c10,Android,Edge
DEV00005,c218294ca7c7fccd,Linux,Edge
DEV00006,2ee49d23e8b9a710,Windows,Chrome
DEV00007,608d5bd25c2e5ce3,Linux,Edge
DEV00008,75f457404a927923,iOS,Edge
DEV00009,9c893b95c653addd,macOS,Firefox
DEV00010,58ea1b01393ae6de,Linux,App-WebView
DEV00011,0714ae110d84b4cc,Android,Edge
DEV00012,e02e373c7e715f96,iOS,Firefox
DEV00013,8681e4c7434b7afe,macOS,Safari
DEV00014,2ef307f13f45f37f,Android,Firefox
DEV00015,5c2e7809dded12f9,Linux,App-WebView
DEV00016,36c2cd819a7ab18d,macOS,Firefox
DEV00017,63c92a8234fd0b19,iOS,Chrome
DEV00018,509896ddb508c243,Android,App-WebView
DEV00019,6574a4bae0dd04bb,Linux,Chrome
DEV00020,de2b7d75f4252dfb,Linux,Chrome
DEV00021,885cae4884292355,macOS,Safari
DEV00022,09b616325623d75e,Windows,Edge
DEV00023,d926859426977b12,Windows,Chrome
DEV00024,1419423174b82848,iOS,Edge
DEV00025,63a9a66d0ab40ebe,Linux,Firefox
DEV00026,5582c43bb58dc0ed,Windows,App-WebView
DEV00027,27d32768b189655d,macOS,App-WebView
DEV00028,bab677428a10ebba,Windows,App-WebView
DEV00029,c0b212380d2b3909,Windows,Edge
DEV00030,1677b928958d8b6d,iOS,Edge
DEV00031,315e95cb0870299f,Linux,App-WebView
DEV00032,13440119e2b8ef3a,macOS,Safari
DEV00033,5358d967e0be860f,Windows,App-WebView
DEV00034,4f48440946943ac7,Linux,Edge
DEV00035,a2da2f63d79979b4,Windows,Firefox
DEV00036,6d01826fe86be26b,Linux,Firefox
DEV00037,410f2c3edb52b6d5,macOS,Safari
DEV00038,3ed67c73662afd30,Android,Safari
DEV00039,55d036851dfc428f,macOS,Safari
DEV00040,53050cf7ddac9e63,Android,Safari
DEV00041,f3dff7aec91173f4,Linux,Edge
DEV00042,a39698c78a350e7f,Windows,App-WebView
DEV00043,1402a4eeefe48c47,Linux,Chrome
DEV00044,794a07dfcdbadc64,iOS,Edge
DEV00045,acb95a86d2bbec96,Android,Chrome
DEV00046,d09fb33bea7b36ab,iOS,Edge
DEV00047,5d33d15c69647873,Linux,Edge
DEV00048,e161e29dfd801cc0,Android,Chrome
DEV00049,a5631dd5592f3a40,Windows,Safari
DEV00050,b0b219199ad03d6f,Windows,Chrome
DEV00051,6682e640bd6a698e,Linux,Chrome
DEV00052,73676ca620daf313,macOS,Edge
DEV00053,e097133044dbfd30,Linux,App-WebView
DEV00054,767b1a8f104a924c,Windows,App-WebView
DEV00055,550455decd52ca7d,Android,Safari
DEV00056,d677b54a0e3f04f6,macOS,Edge
DEV00057,2d8573aec4a9412f,Android,Safari
DEV00058,567076f150e29563,Linux,Firefox
DEV00059,c06154b7662a45f0,iOS,Chrome
DEV00060,df136de34852f3d0,Linux,App-WebView
DEV00061,b0d69f196abe7471,Linux,Safari
DEV00062,f4ab746b18ec7480,Linux,Safari
DEV00063,fb1ba80bb45fb7a3,Android,Firefox
DEV00064,e3855b688af483c1,iOS,Chrome
DEV00065,dd123b4d877bc5d6,iOS,Chrome
DEV00066,ca9af0edede4af61,Windows,Edge
DEV00067,54a3d8d0d657394a,Windows,Edge
DEV00068,ce45d1fd16bf05d1,macOS,App-WebView
DEV00069,91d9983449b4d58a,iOS,App-WebView
DEV00070,36ec17937442ab28,Android,Chrome
DEV00071,73969f9f01ec2e81,Android,App-WebView
DEV00072,90518aabc2571993,Windows,App-WebView
DEV00073,3ed6c566388cd5ac,Linux,Firefox
DEV00074,1d8b8109241ddb77,Windows,Firefox
DEV00075,eaf169135d77b3fc,iOS,App-WebView
DEV00076,944456b562bbff41,iOS,Edge
DEV00077,b0eb3bfecbd40da3,macOS,App-WebView
DEV00078,2274699c24002486,Android,Firefox
DEV00079,465c444e103a8d5a,iOS,Edge
DEV00080,60fa6add6892364e,Linux,Chrome
DEV00081,7ec46066d7c16710,Linux,Chrome
DEV00082,fcff8080a3dc88f4,Linux,Firefox
DEV00083,77aa4b8e711d4a07,Windows,Chrome
DEV00084,f65ef52dc96df49d,Linux,Firefox
DEV00085,dc3d850722d55638,Linux,App-WebView
DEV00086,0a48b94923607076,Windows,Edge
DEV00087,557329f3f79725df,macOS,App-WebView
DEV00088,bf1d177816ea0a0c,macOS,Safari
DEV00089,5d967a99862b36b2,Windows,Edge
DEV00090,67a790a7ebee2bf6,macOS,App-WebView
DEV00091,840e6dd1b6d5d521,Android,Edge
DEV00092,1bf2bd4e6f1a9a04,Android,Firefox
DEV00093,6ce149633b2245b1,Android,Edge
DEV00094,e9c85bbddd535ee9,iOS,Safari
DEV00095,eb3b023fc7277544,Windows,Edge
DEV00096,3e4060b4e6f82a50,Windows,App-WebView
DEV00097,762f98f7434bc2e5,Linux,Chrome
DEV00098,83394b48a112f33b,Windows,Safari
DEV00099,240e764a76d69e42,Windows,Chrome
DEV00100,1c177ec4d21c5936,macOS,Firefox
DEV00101,1f874f54dd59adf0,Android,App-WebView
DEV00102,2b963013614bdac1,iOS,Edge
DEV00103,34d55012b7b27d4c,Windows,Firefox
DEV00104,9784fdd1e2894031,iOS,App-WebView
DEV00105,412c60bf2dcb5c55,Windows,Safari
DEV00106,2db7dacc9baa9a38,iOS,Edge
DEV00107,2d6966282693d569,iOS,Safari
DEV00108,f722598d707bd774,iOS,Firefox
DEV00109,9543e3e46fe10948,iOS,Safari
DEV00110,2ca1469bd81ed851,iOS,Safari
DEV00111,ef3da07d19a6a082,Linux,Firefox
DEV00112,2afdeffcac8f9645,iOS,Chrome
DEV00113,a536ff9a42249472,Android,Chrome
DEV00114,ebc9e7799d6c2641,macOS,App-WebView
DEV00115,fbf679347fdefa48,Android,App-WebView
DEV00116,eb388165240f3e9f,Android,Edge
DEV00117,a3c194b91ec3d708,Windows,App-WebView
DEV00118,63c9d2dac629cf21,Windows,Edge
DEV00119,a8a889759be6d224,Linux,Firefox
DEV00120,52e69efaaf03b20a,macOS,Safari
DEV00121,0bd636408abd9360,Linux,Firefox
DEV00122,a6410679d180bc1f,macOS,Safari
DEV00123,ead33502025c2e03,Linux,Safari
DEV00124,c0d7de5ddf1fb555,Android,App-WebView
DEV00125,524baa4f71bc06be,macOS,Edge
DEV00126,b75846d4407a43d0,Linux,Chrome
DEV00127,340a9c46f3032f58,Linux,Firefox
DEV00128,fe25c105c09b000a,macOS,Safari
DEV00129,12643374c7b6e8be,macOS,Chrome
DEV00130,cefdb593ee4e2ed5,Linux,Edge
DEV00131,3fe0fa06af45b4d7,Windows,Chrome
DEV00132,6a97ceeab9fbb747,Android,Safari
DEV00133,22936dd64bfba16f,macOS,App-WebView
DEV00134,bf164c0b32fd8614,Android,Firefox
DEV00135,09e8f2aaba3311d3,Windows,App-WebView
DEV00136,ccee182665c07537,Windows,Safari
DEV00137,a849469a839abdd2,Linux,Firefox
DEV00138,de7acc220f00bdc1,iOS,Firefox
DEV00139,a08c83322d15f171,macOS,App-WebView
DEV00140,b2b3d84f81f3cf16,Windows,Firefox
DEV00141,8ceac76a1f08c3d8,iOS,Edge
DEV00142,30f7a2d23c41ca9d,macOS,Safari
DEV00143,20ce8730503a576c,macOS,Firefox
DEV00144,e26613ad4489ff07,Windows,Edge
DEV00145,f5b542f9cc01bc42,Windows,Edge
DEV00146,aeb2644322db5e24,iOS,App-WebView
DEV00147,5d3ee323140bd0de,iOS,App-WebView
DEV00148,6a2f75474b645654,iOS,Chrome
DEV00149,e0ca531b7964d27b,Windows,Safari
DEV00150,27fcef20c8897683,Linux,Edge
DEV00151,f059d3c48a226a19,macOS,Safari
DEV00152,9893a13392cb8b66,iOS,Safari
DEV00153,7108ffc93805609e,macOS,Chrome
DEV00154,25bb817141c8fff5,iOS,Edge
DEV00155,e2b8efac130e80f5,macOS,Safari
DEV00156,4598f2d9a65c46dc,Linux,App-WebView
DEV00157,8077f0b283a92aa1,Windows,Edge
DEV00158,b29a875a735f0951,Windows,Firefox
DEV00159,448731d355315d95,Linux,App-WebView
DEV00160,1dab846ddb6bb91a,Android,Edge
DEV00161,d144432e995e398e,Android,Safari
DEV00162,87fb14965f8403bb,Android,Safari
DEV00163,a01b0d30b2a7598a,Windows,Edge
DEV00164,fccb74ce2b7a0ee2,Android,Edge
DEV00165,9076f4bff45fc2e8,Windows,Firefox
DEV00166,5d6c17aaf8233a1f,Windows,Firefox
DEV00167,78b90b8a066b0392,Linux,App-WebView
DEV00168,f47d63e41d423b86,Windows,Firefox
DEV00169,fe4f26a49d2353b7,Android,Edge
DEV00170,386da702dbe76606,Android,Firefox
DEV00171,9a5a3fefed5f157a,Linux,Safari
DEV00172,8550b7dfac04a936,Linux,App-WebView
DEV00173,487c96a30c94ac30,Linux,Safari
DEV00174,e0465240d610bce3,Windows,Firefox
DEV00175,4ca2402e7b5ccddb,Windows,App-WebView
DEV00176,25dea816043706c3,macOS,Edge
DEV00177,d41f3c45a1df5e17,Android,Edge
DEV00178,9ea1ccfccca7263c,Linux,Firefox
DEV00179,77ceceb886b431dd,macOS,Safari
DEV00180,3909431a2943304d,iOS,Firefox
DEV00181,e34fa8d8c0db9bf2,macOS,App-WebView
DEV00182,0b33d60028989a65,Linux,Edge
DEV00183,01e31f27cbee30d3,Android,Chrome
DEV00184,e28a0d839549ac7a,iOS,Firefox
DEV00185,688309188493e747,iOS,Firefox
DEV00186,0f20b3e2144e40f0,Windows,Firefox
DEV00187,8096c9832f282976,Windows,App-WebView
DEV00188,cbf86c3416b4eedb,macOS,Firefox
DEV00189,3092d3e0aef63f68,macOS,Firefox
DEV00190,aa97fdcaeb3f354c,Linux,App-WebView
DEV00191,6db344e7b9dbfd0b,macOS,Edge
DEV00192,aa96880b7360294d,iOS,Safari
DEV00193,004f5bf9a6e14c64,Android,Safari
DEV00194,6077c65aa6536a30,iOS,Firefox
DEV00195,84c83da58f493f3b,Android,Safari
DEV00196,f96adb01a49f14d8,iOS,Edge
DEV00197,132e2940dd0fecbb,Android,Chrome
DEV00198,980d2e0d82c2c6f7,Android,Edge
DEV00199,dc85f7ea627a6568,Linux,Chrome
DEV00200,b08e1a329b47dd7c,Android,Edge
DEV00201,9a328bda475d41fc,Linux,Chrome
DEV00202,4bcfbd89f77f76c0,Android,Firefox
DEV00203,03dcc9f3b242e96a,Linux,Safari
DEV00204,41fca09336bdf005,Android,Edge
DEV00205,265dceddbac48c77,Windows,Safari
DEV00206,599589b77ad1fe9c,iOS,Firefox
DEV00207,efa67149d0030452,macOS,Safari
DEV00208,d4e828da2df9a566,iOS,App-WebView
DEV00209,75c7790e5f12cdc1,iOS,Chrome
DEV00210,eecf2d9e83926290,Android,Firefox
DEV00211,5b5ea77a7535898f,Windows,Edge
DEV00212,c199800909c573f0,macOS,App-WebView
DEV00213,36c8f6c525730a22,Windows,App-WebView
DEV00214,c01bdabc424bc31d,macOS,Safari
DEV00215,ea4f312490ee2482,Linux,Safari
DEV00216,e55352c2e020a273,Linux,App-WebView
DEV00217,ce58ebda9281bdfb,macOS,App-WebView
DEV00218,1491dca879d41b7f,macOS,App-WebView
DEV00219,fbd98820f59f0064,Linux,Firefox
DEV00220,472f2a65e7c170e0,Windows,Edge
DEV00221,c416f791e308b9ac,Linux,Safari
DEV00222,f0ddc709a0f3ddb4,Android,Edge
DEV00223,e6f4f508c4cda3b2,Windows,Firefox
DEV00224,02b709f9cf6a56c8,macOS,Firefox
DEV00225,5e101a2d0437fe52,iOS,Firefox
DEV00226,8aa85bebf4c5403c,Android,Chrome
DEV00227,4dadba6d2eefe553,Linux,Safari
DEV00228,650d5a129b20a4fd,Windows,Firefox
DEV00229,bcd406d34390c1e7,macOS,App-WebView
DEV00230,e722e83ffac124cf,Android,Edge
DEV00231,969b89cff38ad48f,macOS,Firefox
DEV00232,09dc3c88efd1253b,Android,Edge
DEV00233,f3c662a8ce73fd3c,Windows,App-WebView
DEV00234,8bbce4bae8f0c890,iOS,Chrome
DEV00235,511455d88e15af2c,Linux,Firefox
DEV00236,03ad0057a5aa7b98,iOS,Edge
DEV00237,8814967e35d65d6b,Linux,Edge
DEV00238,7993cd3404ad184a,macOS,Safari
DEV00239,8b0f1dc1c04569dc,iOS,Edge
DEV00240,0819e54271b56d90,macOS,Safari
DEV00241,20a5e171321e6bd0,Windows,Chrome
DEV00242,a566a829fa43c690,macOS,Safari
DEV00243,3d833c9e95071556,Linux,App-WebView
DEV00244,0bb1eee6a35911c4,Windows,Firefox
DEV00245,6389bf19e0add5ee,Linux,Firefox
DEV00246,814ddeb51fadd7b9,macOS,Safari
DEV00247,b02afabba241e2e9,Android,Safari
DEV00248,cb07733da4c1111d,iOS,Firefox
DEV00249,c026f816f384489f,Android,Edge
DEV00250,418c914d51bb3d02,Linux,Edge
DEV00251,4f6b356a065a4d40,Windows,App-WebView
DEV00252,95c16f0370700332,macOS,Safari
DEV00253,1d78da9fc49369f9,Windows,Chrome
DEV00254,a968ff462c894a09,iOS,Chrome
DEV00255,5dba4625627ada4c,Linux,Chrome
DEV00256,9ed4d5637bb2ad75,iOS,Chrome
DEV00257,af797d58919a726b,Windows,Firefox
DEV00258,ad2315f8faeeabbe,iOS,Edge
DEV00259,00db9f3e91b11eef,Android,Safari
DEV00260,7fd856df20c859d4,Android,Safari
DEV00261,af6266fb383b2ca0,Android,Edge
DEV00262,add1eb764b4625a2,iOS,Firefox
DEV00263,be1c6274e215025a,macOS,Firefox
DEV00264,868fcf33f39b3819,macOS,Firefox
DEV00265,66d61b6b8ad01fed,macOS,Chrome
DEV00266,988cf75d453c4f4c,Windows,Chrome
DEV00267,08440867d592aee9,iOS,Chrome
DEV00268,963f9123393fe9d9,Windows,Edge
DEV00269,d7e5bf8594b238a3,Android,App-WebView
DEV00270,f446bfee5efa643d,macOS,Safari
DEV00271,451bdbf734201b14,iOS,Firefox
DEV00272,0620eaa9390c5c6a,macOS,Chrome
DEV00273,aae867bec1047201,Android,Safari
DEV00274,8f60d3da40256623,macOS,Edge
DEV00275,837105e8e81fe5e6,iOS,Chrome
DEV00276,da7bd08d50b15f20,iOS,Edge
DEV00277,d96f04212da8418c,Android,App-WebView
DEV00278,ea333cca994e96d9,iOS,Edge
DEV00279,d4a7399f835bf99f,macOS,Firefox
DEV00280,c97fcac66498028c,Windows,Safari
DEV00281,13c27dc250dfdf9e,Android,App-WebView
DEV00282,504b096f9d9f54df,Linux,Chrome
DEV00283,9cb6ce357eac0243,Windows,Edge
DEV00284,0845bc178bc4a6d3,Windows,Safari
DEV00285,c919cad075d9df21,Windows,Chrome
DEV00286,4ce6c3d46bb6e6db,iOS,Chrome
DEV00287,4da295a06d85c021,iOS,Edge
DEV00288,688da0e47128b7fa,Windows,Chrome
DEV00289,d8f5473b78388770,iOS,Firefox
DEV00290,71d17f89691ff2b2,Linux,Chrome
DEV00291,f2b785da06f2f83d,macOS,Safari
DEV00292,ecc53b00ebbcba8f,Android,Chrome
DEV00293,82ee87efa7b24a3f,Linux,Edge
DEV00294,ab0ee9ce025685b9,Linux,Safari
DEV00295,ec3468fe4364366b,Windows,Chrome
DEV00296,b9877feb87fe6d73,iOS,Safari
DEV00297,a7b74c99c92536ef,macOS,Chrome
DEV00298,f5fd7728b1721d33,Linux,Firefox
DEV00299,c38a72968371ee6b,Android,Chrome
DEV00300,ee65e337bfe87960,Windows,Safari
DEV00301,ee32a3c217796a4a,Linux,Chrome
DEV00302,ad5617d57469972d,iOS,Edge
DEV00303,35623133193eb5fb,iOS,Firefox
DEV00304,e99bd6bf78723898,Linux,Firefox
DEV00305,6c4ae8d09ee9ae6f,macOS,Safari
DEV00306,eac79a2e9896e47e,Android,Edge
DEV00307,bfa799e87db89022,Windows,Safari
DEV00308,d26826b1f7084539,Windows,Chrome
DEV00309,276fe66396b70f45,macOS,Edge
DEV00310,ec7c8d0e393ec136,Linux,Firefox
DEV00311,fdcf438a47efdfca,Linux,Edge
DEV00312,f7bab6f3cef7485b,iOS,App-WebView
DEV00313,ff2aabb0e66b7de4,iOS,App-WebView
DEV00314,a3a88ef79041c0aa,Windows,Firefox
DEV00315,0af62a469bc95b88,macOS,Firefox
DEV00316,75163d1c08001c93,Linux,App-WebView
DEV00317,7ad3c6c636bae245,iOS,Chrome
DEV00318,9fdf58d2695436a4,Linux,Safari
DEV00319,12f281779ee56589,macOS,Firefox
DEV00320,64a87cf05baa752b,Windows,App-WebView
DEV00321,5122e67c14d26865,Windows,Edge
DEV00322,cfa7acaf501bcfb3,Android,App-WebView
DEV00323,b7b237aec262f271,macOS,Safari
DEV00324,4a98aaf14ca3ffb8,Android,App-WebView
DEV00325,0be2e720c042a2e8,Windows,App-WebView
DEV00326,4448ba92fa026f3d,iOS,Firefox
DEV00327,299c7e0bf055aede,Android,App-WebView
DEV00328,b8b9eb126f8f0a0c,macOS,Safari
DEV00329,76c7c63c443fd6fb,Linux,Edge
DEV00330,cddfadc96fc878ff,Linux,Safari
DEV00331,72d7f226676d518d,Linux,Firefox
DEV00332,f2249b4d8bb2dc5c,Windows,Edge
DEV00333,6cf33920eac968d7,Windows,Chrome
DEV00334,a092579e754b8554,Android,App-WebView
DEV00335,3d6c43783b8e8f9e,Android,Chrome
DEV00336,5eb218b65d281904,iOS,Safari
DEV00337,48b70b682ed47594,Android,Safari
DEV00338,19632874dd3e60d3,Android,Edge
DEV00339,0aec4759c14c39ce,iOS,Chrome
DEV00340,9fd07371c477376d,Android,App-WebView
DEV00341,ae03a50dcc783321,macOS,Edge
DEV00342,01cf6d64a55aa53a,Linux,App-WebView
DEV00343,205286630fd6a373,Linux,Firefox
DEV00344,d4a4210d173d2acc,Android,Firefox
DEV00345,b3685c0fdaf20bb1,iOS,App-WebView
DEV00346,c14058654b2d8bdb,Android,Chrome
DEV00347,f50e7c620d752e08,iOS,Edge
DEV00348,514343c13ea8256e,Android,Edge
DEV00349,81d12dcfca3f548b,Android,Firefox
DEV00350,e3c0a6d49ab49eba,Linux,Edge
DEV00351,3471de6d37267023,Windows,Chrome
DEV00352,db9606fd043cee55,Linux,Firefox
DEV00353,a9c967b55aa19982,Linux,Chrome
DEV00354,fa6844dbbab7f83a,Android,Firefox
DEV00355,ca6bef7d17408f87,Android,Safari
DEV00356,675cbdc3c9a50bed,Linux,Chrome
DEV00357,bcf6d6e4a30e5dd1,Android,Safari
DEV00358,6e46c4df2054f3e6,Linux,Edge
DEV00359,495a4b81e0cc5174,iOS,Safari
DEV00360,e1d5aecb80a40d5c,Linux,Safari
DEV00361,488bef713c9e234d,Linux,Safari
DEV00362,d2cad68d1a191ca4,Linux,App-WebView
DEV00363,a66f0e4d38bf0aad,macOS,Chrome
DEV00364,9774f56161fd8e25,Linux,Firefox
DEV00365,9a573364bbd1149d,macOS,Edge
DEV00366,0bb166861626092b,Android,Safari
DEV00367,72262929b9b0d47a,iOS,App-WebView
DEV00368,df9a3cd0bd81b31d,macOS,App-WebView
DEV00369,7e06c2c59d3ea648,Windows,Safari
DEV00370,53420653b7b92094,Linux,App-WebView
DEV00371,0731c638c5fcf3bf,macOS,Firefox
DEV00372,7b738f1ee0128f22,Windows,App-WebView
DEV00373,907254c063141671,Windows,Firefox
DEV00374,2d7755238cf719d2,macOS,Edge
DEV00375,339e3e125152d516,Windows,App-WebView
DEV00376,34cebf5052f7445e,iOS,App-WebView
DEV00377,0b3d8786bc8a0060,Linux,Safari
DEV00378,fa79bce32ffe7ab5,macOS,App-WebView
DEV00379,16fba9d0ae7d48f3,Windows,Firefox
DEV00380,2db28021af133a67,macOS,Edge
DEV00381,01adae0ef4440ab1,macOS,Chrome
DEV00382,285d03a36868b163,Android,Firefox
DEV00383,3b2d6926f5ec7df8,Linux,Chrome
DEV00384,fe1cab239ae4f73a,Linux,Safari
DEV00385,9415d071cfc0b977,Windows,Chrome
DEV00386,c01390c8e65a1065,Windows,Safari
DEV00387,da0020e587cfd014,iOS,Firefox
DEV00388,66f63ba28bea6f0f,Android,Firefox
DEV00389,b59c15cef8ded4a3,Linux,App-WebView
DEV00390,6cea8a34417bd3b9,Linux,App-WebView
DEV00391,cb2793dc24160b6c,Linux,Safari
DEV00392,a90dacd198d16bc8,Android,Chrome
DEV00393,fd19514e17583c4c,macOS,Firefox
DEV00394,e6432029e89026b1,iOS,Safari
DEV00395,e9e48a0226d4d1a3,Windows,Firefox
DEV00396,58cd3719c1319a5c,Linux,Safari
DEV00397,92d36bf39650d89a,iOS,Firefox
DEV00398,05fe65902d3ccfe6,Windows,Chrome
DEV00399,42884d17edc101db,Linux,Edge
DEV00400,b758490f9b15a6c0,Linux,Safari
DEV00401,9c0764b767448a9c,Android,Firefox
DEV00402,434bcf70ae8a91c7,macOS,Safari
DEV00403,d3c7cfcb541257eb,macOS,App-WebView
DEV00404,6a585be164d2d11f,Android,App-WebView
DEV00405,231c3a8f06eb94d5,Windows,Chrome
DEV00406,46fd9cf044949aea,Linux,Edge
DEV00407,00c7ed1359a5374f,Android,Chrome
DEV00408,e05365166a397d11,Windows,Firefox
DEV00409,43cd761bc8ed7f28,macOS,Edge
DEV00410,4b455981957818de,Android,Safari
DEV00411,34020bd2c7ef4465,Linux,Chrome
DEV00412,740057dba1bf2066,macOS,Chrome
DEV00413,01cf727d3d901e8f,Windows,App-WebView
DEV00414,3ad7b0db40fc61f3,Android,Firefox
DEV00415,8d8bc9227e68d761,Linux,App-WebView
DEV00416,3a79241ed7956595,iOS,Firefox
DEV00417,e902b919a79bd410,Linux,Safari
DEV00418,fd7a39191dc3d7b1,iOS,Chrome
DEV00419,77541ab1efc702e7,macOS,Edge
DEV00420,3a6a912c8394110b,Linux,App-WebView
DEV00421,6faa5b3184e1777d,Linux,Chrome
DEV00422,9b824cdd85c4b6b4,iOS,Edge
DEV00423,893e24009c57be5b,Windows,Edge
DEV00424,8f004571f494601c,iOS,Safari
DEV00425,0c004e35185f721f,Windows,Chrome
DEV00426,8844b32a62f3ebb1,macOS,App-WebView
DEV00427,838521cb9ce9587f,Android,App-WebView
DEV00428,3beabc6e79d1f949,macOS,Firefox
DEV00429,92cca9cf6d47fddb,Android,Edge
DEV00430,3c5ef8945e30e174,Linux,Edge
DEV00431,87419b177c0f013b,iOS,Safari
DEV00432,1fec8f4567661e97,macOS,App-WebView
DEV00433,ea1594e1153135f5,iOS,Edge
DEV00434,cac14857ffda102f,macOS,App-WebView
DEV00435,8389fe1eeb6f5066,iOS,App-WebView
DEV00436,6737bbae8fc6ea0d,Linux,App-WebView
DEV00437,bca7ee1f87bd68f5,iOS,Safari
DEV00438,e57c6d57c1e9ae3f,Android,Firefox
DEV00439,e5df20eec4ba11bb,macOS,Firefox
DEV00440,cd3caed1f8fee03d,Linux,Chrome
DEV00441,03e9b2616345e720,Android,Edge
DEV00442,a70a098dd0685acc,macOS,Firefox
DEV00443,b544e37764190423,Windows,Safari
DEV00444,3959bae5a44878f1,Windows,Firefox
DEV00445,cf85ec437b670fd1,Linux,Chrome
DEV00446,faf42f56d4afead1,Windows,Safari
DEV00447,5e11cf3f3ee4b6ca,Windows,App-WebView
DEV00448,c350692cd10cac33,macOS,App-WebView
DEV00449,a19652124e4faf75,iOS,Edge
DEV00450,a446125a855f0be1,Android,Safari
DEV00451,fd075d03802e1d88,iOS,Firefox
DEV00452,f81c976c150ade33,iOS,Chrome
DEV00453,4abb6c2736c0c666,Android,Chrome
DEV00454,c9e4da1f94b27d1b,iOS,App-WebView
DEV00455,1a17b49797587a12,iOS,Firefox
DEV00456,c9596e24cbd67ab9,Android,Firefox
DEV00457,a042dd5b8aa5ee3e,Android,Firefox
DEV00458,ebffd8d544e89132,macOS,Edge
DEV00459,224d787035046895,Android,Firefox
DEV00460,5a5460b0e843ceb5,iOS,App-WebView
DEV00461,7d5bd0dee1a6cbe5,iOS,Safari
DEV00462,bc2fe1f0a6a72118,Linux,App-WebView
DEV00463,0031f08892a8f5e3,Windows,App-WebView
DEV00464,13c2838c4cacc774,macOS,App-WebView
DEV00465,f41b8fce8e8fa9de,iOS,Chrome
DEV00466,fe9474b442038fe3,macOS,App-WebView
DEV00467,9c302ec328c345cd,Linux,Chrome
DEV00468,749c2ab1c7beb28d,Windows,Safari
DEV00469,f33a5acdf6d55dd7,Android,Firefox
DEV00470,09139fc13a7bbaf3,iOS,App-WebView
DEV00471,f55bac2020b73ca1,Windows,Chrome
DEV00472,9bc2924ddb643bef,macOS,Chrome
DEV00473,789df72c9ff9e1e6,Android,Edge
DEV00474,38448696de034ee2,Windows,Firefox
DEV00475,bb9654e5b6955d11,Android,Chrome
DEV00476,6ce328ead21d3d38,Windows,Edge
DEV00477,d3c59017a9a77238,iOS,Edge
DEV00478,2fe7c62d637fad4b,Linux,Chrome
DEV00479,93d78e8fb028cd3e,Windows,Edge
DEV00480,47554d3dd04186cf,Linux,App-WebView
DEV00481,e5e5b7a32c1b46d9,Android,Safari
DEV00482,6cae27bdaacc8766,iOS,App-WebView
DEV00483,0d1bb10ec2c5becf,macOS,App-WebView
DEV00484,75f7083076c438a8,Android,Chrome
DEV00485,46f9edd483e7320e,iOS,App-WebView
DEV00486,413704042ada7071,Windows,Firefox
DEV00487,c5f7b1236dbbcd00,macOS,Edge
DEV00488,ffb515a283ab5fdc,iOS,Chrome
DEV00489,7f3bbc861f527e35,Windows,Firefox
DEV00490,f401cafa6ceb23c2,Windows,Firefox
DEV00491,72d553944018ec70,iOS,App-WebView
DEV00492,85d2540ffc228364,Windows,Chrome
DEV00493,6831b2aa22c26e7b,Windows,Edge
DEV00494,edf5dd675e4ae3e2,Android,App-WebView
DEV00495,fc09554008056776,Windows,Safari
DEV00496,06a5f86295a23856,iOS,Firefox
DEV00497,b868b606de431c4e,macOS,Safari
DEV00498,7daf5b58c37be8a7,Android,Edge
DEV00499,402cfcae12f6cb21,Linux,App-WebView
DEV00500,4dc9e6b27f891bb7,iOS,Edge
DEV00501,81575762038515a9,iOS,App-WebView
DEV00502,2d4fad3d18a4d034,iOS,Edge
DEV00503,46c2401fc85108e6,Windows,App-WebView
DEV00504,65bf39874a597417,Windows,Edge
DEV00505,f0eedeb981e459d6,Linux,Safari
DEV00506,7b58fe8b643483f6,iOS,Safari
DEV00507,c063507003ea2e06,Linux,App-WebView
DEV00508,f4e77b6b84eaed66,iOS,Safari
DEV00509,85468bec625aed03,Windows,App-WebView
DEV00510,e8a0a16a7df5cd49,iOS,Edge
DEV00511,dda8ebdcbb46efa7,iOS,App-WebView
DEV00512,80bda01bd87ed070,iOS,Firefox
DEV00513,e951bca8f4237aa7,Android,App-WebView
DEV00514,e086f16a19448017,Linux,Chrome
DEV00515,2ef4c86089a55b8a,iOS,Firefox
DEV00516,529e59a9da9dd433,iOS,Chrome
DEV00517,1d68fff44b57c11f,Windows,Edge
DEV00518,b8e86f3128c52ffe,macOS,Firefox
DEV00519,663a63c0c805300b,macOS,Firefox
DEV00520,e69b8689a2292738,iOS,Safari
DEV00521,65e9b7fb9b08bc86,Android,Safari
DEV00522,a1d2f76b46d1b3c9,iOS,Chrome
DEV00523,22a0a3171a9de2f4,Linux,App-WebView
DEV00524,79135d739d1efeac,Windows,App-WebView
DEV00525,55a7aa5a92b904d7,Linux,App-WebView
DEV00526,f3d9b7a5c69dc6a7,iOS,App-WebView
DEV00527,b9da82f3a7ff4335,iOS,Safari
DEV00528,d7c65b6c55307d0c,Android,Firefox
DEV00529,9a0c188365bdb654,Android,Edge
DEV00530,dabb6893bf2079bc,iOS,App-WebView
DEV00531,6407ae7bca2d2114,Linux,Edge
DEV00532,5afd47b07ad8a06e,Windows,Safari
DEV00533,c2f371e0c0ed3ead,macOS,Edge
DEV00534,1c7d8c25049c686f,macOS,Safari
DEV00535,2bf3ef5e02c48382,iOS,Safari
DEV00536,4addf5774ecfdab7,iOS,Chrome
DEV00537,7c6f46a1515e16c4,macOS,Chrome
DEV00538,3cad3a9e9ce05bc6,Windows,Edge
DEV00539,8b40d9400df7d223,iOS,Safari
DEV00540,015b81a94d1eb3c9,iOS,Chrome
DEV00541,fe74065023894ae7,iOS,Edge
DEV00542,419224c17e8431e3,Linux,Edge
DEV00543,3146e980797ece51,Windows,Edge
DEV00544,95bfd92ae133cdf8,iOS,Edge
DEV00545,25e9cffc90a3b315,macOS,Chrome
DEV00546,cb0dea4ced2a041e,Linux,Edge
DEV00547,eac76d4a708c12fe,Windows,Edge
DEV00548,b5f351294fde647a,Linux,App-WebView
DEV00549,7b7c4da71e532226,Linux,App-WebView
DEV00550,b6fed7802185238d,Linux,Chrome
DEV00551,ad1f7d805903266b,Linux,Chrome
DEV00552,0d5a3921ecdd6ba5,macOS,Edge
DEV00553,0e617bfc3222afb8,Android,Safari
DEV00554,dc6d94b1c40dbd68,Linux,App-WebView
DEV00555,27aa202c4400680c,macOS,Chrome
DEV00556,acebece2d671c727,Linux,Edge
DEV00557,e647b31fdfe0badf,Linux,Chrome
DEV00558,50f6334a6169e0ab,iOS,Firefox
DEV00559,ecb23d1c23636621,macOS,Edge
DEV00560,774fd6b00785c0c1,Windows,Firefox
DEV00561,33ab2fa6a9b85fd9,macOS,Safari
DEV00562,86b1c1c3a1c7dc19,macOS,Firefox
DEV00563,27559cf4b2c9225d,Linux,Chrome
DEV00564,bbc14643e526ae44,Linux,Safari
DEV00565,13c722e673f6f333,macOS,Edge
DEV00566,c1cf9c56635033dc,Android,App-WebView
DEV00567,d69d67b8381dac3c,Android,Safari
DEV00568,87880c150e960de7,Linux,App-WebView
DEV00569,ab0fd56f5b7ae8b8,iOS,Edge
DEV00570,2be5675610b32bd0,macOS,Firefox
DEV00571,73969775adba3bd0,macOS,Chrome
DEV00572,d2391ffb5dcd2650,iOS,Edge
DEV00573,feb94932556d157d,Linux,Safari
DEV00574,2089bfb0643c1586,macOS,Chrome
DEV00575,be0049f7a2c70c14,Windows,Firefox
DEV00576,45f4ee7935db47e6,iOS,Chrome
DEV00577,f6244a48e8b3a26b,Android,Chrome
DEV00578,ef51353a01e03077,macOS,Firefox
DEV00579,d83b0c7fd9f8ca38,Android,App-WebView
DEV00580,d670946eaf13141a,macOS,App-WebView
DEV00581,9da7226b813e9f55,Linux,Safari
DEV00582,592a5e58c8b1cfc8,macOS,App-WebView
DEV00583,f1f661e09093d31e,macOS,Chrome
DEV00584,f797f54075044462,iOS,Firefox
DEV00585,917b7def2d0c4d89,Linux,Safari
DEV00586,59b63e9e14ff2522,iOS,Safari
DEV00587,e004875e79096e40,iOS,Chrome
DEV00588,a6d990638408c46f,macOS,Firefox
DEV00589,3153266548310a6f,Windows,Edge
DEV00590,b86dc6d5bf53ccf6,Windows,Safari
DEV00591,9c7dae48c51c6697,Android,Safari
DEV00592,93b3450c5009beaf,iOS,Chrome
DEV00593,3ec260cf2b306bbb,Linux,Firefox
DEV00594,8f0194218f8e9b0a,Android,Edge
DEV00595,3dd153a425e95c0c,macOS,Edge
DEV00596,75a37b08d2fc3d8f,Linux,Chrome
DEV00597,673e129964753486,Linux,Edge
DEV00598,4257e654cd5315b7,iOS,Safari
DEV00599,5119205b2fe6fd66,Linux,Edge
DEV00600,7fe8b66e43f950f7,macOS,Edge
DEV00601,be5334043cc2ef0e,macOS,Chrome
DEV00602,538c2a8d807bfdfb,Linux,App-WebView
DEV00603,6d867895b4dab0d5,Android,Safari
DEV00604,e557bbc4ebd7b7a6,Linux,Firefox
DEV00605,f794767fc418f644,Linux,App-WebView
DEV00606,5c765d5a5f815b97,iOS,Chrome
DEV00607,e38d19c97f174b15,iOS,Safari
DEV00608,0584a049e162f28f,Android,Firefox
DEV00609,f30bd8ee26d147b3,Android,Safari
DEV00610,e44718ec1cb6de61,Android,App-WebView
DEV00611,cff8ea88ae05fdf5,Linux,Firefox
DEV00612,e58570a61163cdeb,Windows,Chrome
DEV00613,d3329071747368ed,Android,Chrome
DEV00614,f28396f932b08210,macOS,Safari
DEV00615,8eb44605f2632f4c,iOS,Firefox
DEV00616,631f3f4431c13aaf,Linux,App-WebView
DEV00617,f1c334264fbb7d05,Linux,App-WebView
DEV00618,0b953472c911a2b7,iOS,Edge
DEV00619,e5153ad7e73737be,Linux,Firefox
DEV00620,dd74292c14a25742,Android,Chrome
DEV00621,16f14bdb7347f4c9,Windows,Firefox
DEV00622,9fa5a0174b37a97d,Windows,Edge
DEV00623,f66689b780e4d4fa,Android,Edge
DEV00624,049053506ec55a02,Linux,Chrome
DEV00625,09ecc80cdc93050b,Windows,Edge
DEV00626,4147a453f6c83649,iOS,Chrome
DEV00627,80f1c8bb29db744c,Windows,Firefox
DEV00628,758d4fb8cbabd4cf,Linux,Edge
DEV00629,0998a40360f9c1b3,Linux,Safari
DEV00630,4f06cc09f539ada7,iOS,App-WebView
DEV00631,a428549f6e0e91cb,Android,Chrome
DEV00632,ce69996992763617,Linux,App-WebView
DEV00633,b868061798cfc43a,Android,Edge
DEV00634,8ebe735ba30534c4,Linux,Firefox
DEV00635,347733f6c75c7f4c,macOS,App-WebView
DEV00636,a4d49679a75b7cd9,Windows,Firefox
DEV00637,774605be8c216be9,Linux,App-WebView
DEV00638,9d24ffd8302c7edb,Linux,Firefox
DEV00639,256d027dd370677e,iOS,App-WebView
DEV00640,c98980eb8abcb6cc,Linux,Edge
DEV00641,d94b531d929d5a04,Linux,Edge
DEV00642,5cf53586104c4852,macOS,Safari
DEV00643,f128ae62f1edd58d,Linux,Safari
DEV00644,43103e307568d6e6,Windows,Safari
DEV00645,35f0c34461661144,Android,Chrome
DEV00646,d49b80517cd8d900,Android,Edge
DEV00647,d22013a7d0bbb90d,Android,Safari
DEV00648,ac4b4256d72863cd,Linux,Edge
DEV00649,14ec9253751d9907,macOS,Chrome
DEV00650,29a75a00c53c48e3,Windows,Firefox
DEV00651,b6f2bf495c2cca64,Linux,Safari
DEV00652,7a98ba7d37a37755,Android,Safari
DEV00653,7704f24c195f2423,Windows,Firefox
DEV00654,332a8db0aec94703,Android,Firefox
DEV00655,a254394ca9289f35,Windows,App-WebView
DEV00656,077897c5a30d60fc,Linux,Firefox
DEV00657,636df6d7b79b44a7,Android,Chrome
DEV00658,082f5404f032fb42,Windows,Firefox
DEV00659,e6f96398ff0bcd2d,macOS,App-WebView
DEV00660,e5774dceb6429c09,Linux,Chrome
DEV00661,41dc4c9f92fa61b0,iOS,Safari
DEV00662,ed55b3e3d388b720,Windows,Firefox
DEV00663,38d66419b0c9e14e,macOS,Edge
DEV00664,28600f78f8b6ba48,Android,Safari
DEV00665,45046f3c7662b9bd,macOS,Safari
DEV00666,33bfdf2270b04e92,macOS,App-WebView
DEV00667,49d1afb17592f8c5,Windows,Edge
DEV00668,dd3cd52362c7eaf1,macOS,Chrome
DEV00669,f7fa1efb964b0ce6,Linux,Firefox
DEV00670,3c7980243c9cc3e1,Linux,Firefox
DEV00671,352507673b1e9bd6,Linux,App-WebView
DEV00672,ce0b1516644f6733,Android,Safari
DEV00673,6dc085904eaafc7e,Linux,Firefox
DEV00674,3a5828fcf6b3bb10,Windows,Chrome
DEV00675,8a5e5ad3027f60e2,iOS,Firefox
DEV00676,f13cbe7e6a042cff,Android,Firefox
DEV00677,62769bf31eefe1c1,macOS,App-WebView
DEV00678,e5d54ec698a46ac7,iOS,App-WebView
DEV00679,f20d653b0b0c1b72,Linux,Edge
DEV00680,cb43f4033bf40e5e,iOS,App-WebView
DEV00681,6822d786beea3d58,Android,Firefox
DEV00682,31bc437bb7d95f0d,Windows,Chrome
DEV00683,b2d8be889919136b,Windows,Edge
DEV00684,2572322b08e41ab5,Android,Edge
DEV00685,539e95c176b0308d,iOS,Firefox
DEV00686,528b82b917fd9d43,macOS,Firefox
DEV00687,018c575ee23d2a5b,iOS,App-WebView
DEV00688,cf9558499272e225,Windows,Safari
DEV00689,e135957b47d7909a,Android,Firefox
DEV00690,d98f9f507a129713,Android,Safari
DEV00691,a1868db1f6b49a56,Android,Edge
DEV00692,7e0e1d5ee46ad09a,Linux,Chrome
DEV00693,72318773d7dbed54,macOS,App-WebView
DEV00694,1840ed79eb8864d3,iOS,Safari
DEV00695,a367e489d8e2b650,Windows,Edge
DEV00696,0153ebb781725f92,Linux,Firefox
DEV00697,355b3b60a6afda6b,Windows,Safari
DEV00698,e737db183f93d561,Android,App-WebView
DEV00699,ad7087e510382be8,iOS,Safari
DEV00700,8618583afe114160,Android,Edge
DEV00701,c0369e72c761be02,macOS,App-WebView
DEV00702,22f992653eee928b,Android,Chrome
DEV00703,fe7eb17615b1cca9,Windows,Chrome
DEV00704,c0004a43c3abc76c,Linux,Chrome
DEV00705,7ea88fe496655e22,Windows,Edge
DEV00706,c0168583656a97fa,Android,Chrome
DEV00707,c8cefe6ec16b04e9,Linux,Firefox
DEV00708,e9097f587dffffe2,Android,App-WebView
DEV00709,2a9fa5ecda9f8390,Windows,Safari
DEV00710,6b1a93e3bb023f71,Windows,Safari
DEV00711,50d2403a5180eee1,iOS,Firefox
DEV00712,95f61fc453d4e39d,Windows,App-WebView
DEV00713,b915ebd2dd70c1f0,Windows,Edge
DEV00714,bb73ca744d8be468,Android,Firefox
DEV00715,7fb67be49e08910e,iOS,Safari
DEV00716,12df330b99f987b9,Windows,Chrome
DEV00717,f9b067f341f40306,Android,App-WebView
DEV00718,ee45bf48d1d0327b,Linux,App-WebView
DEV00719,63089ca42c4b12c2,Android,Safari
DEV00720,682e5ccccb5fb083,Linux,Firefox
DEV00721,29f7ee2742cfc15c,Linux,Firefox
DEV00722,e24fdb5ca98909ac,Windows,Safari
DEV00723,175eb9a174db0d4c,Windows,App-WebView
DEV00724,5e2ab4cb77ca2dbe,iOS,Safari
DEV00725,bb797678d238246d,Android,Firefox
DEV00726,fd9c29bf86414dcd,Linux,Firefox
DEV00727,11fa804f1e12ec1b,Linux,Edge
DEV00728,546338345b48cf0d,Android,Safari
DEV00729,32343be08c156a91,Android,Edge
DEV00730,d2f18de3d7898841,Android,Chrome
DEV00731,09db93d17ee10ad5,macOS,Chrome
DEV00732,c3de441480b015db,Android,Edge
DEV00733,4f3b1769afbde8b0,macOS,Safari
DEV00734,7ad144254e107340,Linux,App-WebView
DEV00735,c1c62b065004bc5d,macOS,App-WebView
DEV00736,710f112e88e56dbc,Windows,Firefox
DEV00737,e4fc151b2a7ce903,Windows,Safari
DEV00738,e19fc8cdc7ba9868,Linux,Chrome
DEV00739,d19cba32623acc6c,macOS,App-WebView
DEV00740,64be1bb27c7cc2ee,iOS,Chrome
DEV00741,45be5fc4c59012be,macOS,Chrome
DEV00742,bad3c7ba6e0d6fc1,macOS,Firefox
DEV00743,173d6c3f1a4d453c,macOS,Edge
DEV00744,21a5afb8bd33081e,iOS,Safari
DEV00745,6f4e85d3ec6f6e7b,iOS,App-WebView
DEV00746,196e3539006480ff,Windows,Firefox
DEV00747,a592b1c6662c78b3,macOS,Safari
DEV00748,f6debd06e033d3ea,Windows,Firefox
DEV00749,a2a910069051bf03,macOS,Edge
DEV00750,db9f8a5c423397de,Android,Chrome
DEV00751,fb90b7a1e1d37c11,macOS,Chrome
DEV00752,3d949eab700eb113,Windows,Edge
DEV00753,60eff7f36f57a4df,macOS,Safari
DEV00754,4a6b1a581e897431,Windows,Firefox
DEV00755,0aae9e427a60b813,Linux,App-WebView
DEV00756,06f542d8a80d8c6c,iOS,App-WebView
DEV00757,b1607af835ffb5ff,Android,Edge
DEV00758,8b028a64a36efe50,Android,Firefox
DEV00759,3a66bf6f3d6010d9,Linux,Chrome
DEV00760,721c6e863407f4a6,Windows,App-WebView
DEV00761,d70e89a1f586254f,macOS,Edge
DEV00762,d018f0fb18a0d818,Linux,Edge
DEV00763,9a17b62ed4b6b2c4,iOS,App-WebView
DEV00764,5b4b9ac3dcd9a2c9,iOS,App-WebView
DEV00765,a62be2ce98c1ef6a,iOS,Edge
DEV00766,40835aa2571877cd,macOS,Chrome
DEV00767,e3012a306101eb63,Windows,Safari
DEV00768,2d01ff00601fd107,Linux,Edge
DEV00769,470cb5cf93dcf4f0,macOS,App-WebView
DEV00770,dacf2cfc942018e2,Windows,App-WebView
DEV00771,caec8951a54447ad,iOS,Safari
DEV00772,4ccb13efd321db6f,Android,App-WebView
DEV00773,43d7551c0a6c1a49,macOS,Chrome
DEV00774,e1a18471e450febf,Linux,App-WebView
DEV00775,acda657e0dbee652,macOS,Firefox
DEV00776,bb2966a533a8a55f,Linux,Chrome
DEV00777,3993fda5f8b30ac7,macOS,Safari
DEV00778,ab66ae59e4bcf957,Windows,Edge
DEV00779,6cb0141171b62288,Android,App-WebView
DEV00780,64b56190f22ac887,Android,App-WebView
DEV00781,5ea781491a15c9eb,macOS,Firefox
DEV00782,19932071c83c593b,macOS,Chrome
DEV00783,4c8a682c512122e0,Android,Safari
DEV00784,f5dd68c891e5dca6,iOS,App-WebView
DEV00785,e7bd4b6b3f884526,Android,Safari
DEV00786,a7aeea69c90051c0,iOS,Edge
DEV00787,9ed3e72daca8e17a,Linux,Firefox
DEV00788,f01ac2e1f4ab14b6,macOS,App-WebView
DEV00789,def5af47c0097a45,Linux,Edge
DEV00790,8403c5490e8b6984,iOS,Safari
DEV00791,3cbe26d817316640,Windows,Firefox
DEV00792,39f14a755f06abbb,Linux,Firefox
DEV00793,6ddf9f2d5ec89371,macOS,Firefox
DEV00794,fb3d08faed9845c6,Android,App-WebView
DEV00795,7ebb7967b2547d30,Android,App-WebView
DEV00796,2b738e8e05a252e2,Linux,Edge
DEV00797,bf6d481b2c7b4987,iOS,Firefox
DEV00798,8dc6720d783db7fe,Android,Firefox
DEV00799,ad3e049e1b0c1a5c,Linux,Chrome
DEV00800,67d36b08e04356f2,Android,App-WebView
DEV00801,9dd5eebd3400afbe,Windows,Chrome
DEV00802,b0741fccd13edb72,Windows,Chrome
DEV00803,7abe19f66871212e,iOS,Edge
DEV00804,5f0e406a881726f8,Linux,Edge
DEV00805,8a4ae43a61a46c46,Windows,Edge
DEV00806,06f6203dcf263a89,macOS,Edge
DEV00807,f6257c3645c88e69,macOS,App-WebView
DEV00808,96dbad2c387a2392,iOS,Safari
DEV00809,df3435ab29cb9d84,macOS,Safari
DEV00810,ca1d686f6932c769,iOS,App-WebView
DEV00811,f3a98270dc5addda,macOS,Firefox
DEV00812,7f98bde2b7e6d393,macOS,Safari
DEV00813,675b237002c5542e,Windows,Safari
DEV00814,6a08b5b9451b3fd0,iOS,Chrome
DEV00815,4d6b266479a9429f,Android,Chrome
DEV00816,7ad0bee940e8a9bc,iOS,Edge
DEV00817,e7f388c158f9df66,macOS,Safari
DEV00818,de6860cb4bb82daa,Android,Safari
DEV00819,c598c34999d6ef74,macOS,Edge
DEV00820,c91820a42f29c21d,Linux,Edge
DEV00821,54da677bb157678e,Linux,Safari
DEV00822,9176abef83bfb404,macOS,App-WebView
DEV00823,c9de9d2e31dd1689,macOS,App-WebView
DEV00824,77199ebdf5eef027,macOS,Edge
DEV00825,9ac613692e9dd982,Windows,Safari
DEV00826,1e15d0d629d75b1f,iOS,Edge
DEV00827,d8a2a08bb43c6c33,Linux,Chrome
DEV00828,d78053012f9e1f6b,Linux,Edge
DEV00829,1b81689dca97b0ce,iOS,App-WebView
DEV00830,6560a5b75d126de1,Windows,Edge
DEV00831,7f7a5dc5dc5d06d0,Linux,App-WebView
DEV00832,2b71597d7013d46a,Windows,Chrome
DEV00833,520a298ca75f48ef,Android,App-WebView
DEV00834,b570153e28a15adc,macOS,Firefox
DEV00835,bf83feee8b23964e,Android,App-WebView
DEV00836,580b511c04b0371c,macOS,Chrome
DEV00837,d25590bc3c23f147,iOS,App-WebView
DEV00838,b6af1cd3ff0b7608,Windows,Edge
DEV00839,0be8de8a4b8b1dfc,Linux,Chrome
DEV00840,8ed7955b8eb1eb6d,Linux,App-WebView
DEV00841,552d3b5730af7f19,Android,Safari
DEV00842,f8f9eb196d9b506c,macOS,Chrome
DEV00843,9570506e10819807,Linux,App-WebView
DEV00844,fa887440245cac89,Windows,App-WebView
DEV00845,a4696ce9e140374d,Android,Firefox
DEV00846,0053ec3a28c619e2,Linux,Chrome
DEV00847,6f3b3e6048c07bfe,macOS,Edge
DEV00848,72673f4a23f69828,Linux,Edge
DEV00849,b4a721cdcdc0c6bf,Linux,Firefox
DEV00850,27ad6a50505b8c69,macOS,Firefox
DEV00851,26b1e13316988a62,Windows,Firefox
DEV00852,05e69a60a1079fab,iOS,Chrome
DEV00853,c06b1137b28364de,Linux,Firefox
DEV00854,13da532c2e0fde56,Linux,Firefox
DEV00855,c92593fefb15fa42,Android,Edge
DEV00856,afd306f063c65fb6,Linux,Safari
DEV00857,dbeaff9faa254094,Linux,Chrome
DEV00858,b5374ea2b12e5b6a,Windows,App-WebView
DEV00859,666b563e9a4bb8e4,Android,Firefox
DEV00860,49950d37b584e70b,macOS,Chrome
DEV00861,3ea6293bc5ba6276,iOS,App-WebView
DEV00862,464388667bb2c301,Android,Firefox
DEV00863,0fe810583c52e56b,Windows,Safari
DEV00864,185d740862cb812e,Linux,Firefox
DEV00865,11004584a7240fc2,Windows,Firefox
DEV00866,5bcf3dc928141d8a,Android,Chrome
DEV00867,4d7a54bbc0e09c8d,Linux,Safari
DEV00868,9a91d7f42c9853d5,Linux,Safari
DEV00869,132a35266ffc3467,macOS,Firefox
DEV00870,ad52b0a29ff1c065,iOS,Firefox
DEV00871,c62728f1770120ca,iOS,Edge
DEV00872,fc5cb095cab88b57,iOS,App-WebView
DEV00873,7c2b9e7559c179d9,Android,Firefox
DEV00874,14bbfb46296817c3,Android,Safari
DEV00875,d5a6a2921082847f,Linux,Safari
DEV00876,9c38aafdcef3ebd4,macOS,Edge
DEV00877,e4ecc99577c0b44e,macOS,Safari
DEV00878,2ade38b4704fb11b,macOS,Safari
DEV00879,9a6f2a36584f22f5,iOS,App-WebView
DEV00880,505f7049b3a86e9b,Windows,Chrome
DEV00881,316d3ee042225788,Windows,Chrome
DEV00882,30cec47f9aee806c,Android,Safari
DEV00883,5bbf9a817b898c2b,macOS,Edge
DEV00884,36995c63df936e53,macOS,Firefox
DEV00885,73b3a32c1e2db262,macOS,App-WebView
DEV00886,7acbfce62b244797,iOS,Edge
DEV00887,77f55cfb6dafafc6,macOS,Edge
DEV00888,97faac157dc1e355,Windows,Safari
DEV00889,350f598425938130,Linux,Edge
DEV00890,c4423597f443d649,Android,Firefox
DEV00891,e6827d8262e64f5a,macOS,Edge
DEV00892,01c044bc2ec4ad3d,Windows,App-WebView
DEV00893,9bdd4f2532db3ca1,Android,Chrome
DEV00894,28522af63e094121,Linux,Firefox
DEV00895,406b16c4fe2aecc8,macOS,App-WebView
DEV00896,cd8318512dfadc63,Windows,Firefox
DEV00897,d49c181fbc7219e3,Windows,Firefox
DEV00898,e115f26bf3211cc5,Android,Firefox
DEV00899,1aa9a51cc99e23a6,Linux,Edge
DEV00900,37275d6ef19cd0cc,macOS,Safari
DEV00901,18cd4e96023f55bc,Linux,Safari
DEV00902,0ee536aee04c58f1,Linux,Firefox
DEV00903,9f5dee35e847518c,iOS,Firefox
DEV00904,f96981853102b69d,Linux,Chrome
DEV00905,033d6c99eb35a8c2,Android,Chrome
DEV00906,fb107ef116198dc3,Android,Edge
DEV00907,2eb84fd96c8fc562,Android,App-WebView
DEV00908,e3c39da66a61eb42,Android,Edge
DEV00909,0ae40e0a2c1dbdc9,Windows,Safari
DEV00910,b2920c1a32655708,Windows,Firefox
DEV00911,2663b4cf08c0b005,iOS,Chrome
DEV00912,1c78ed79d60396d1,Android,App-WebView
DEV00913,a2e9a4f0750526cb,Android,Chrome
DEV00914,a71e9e84a7357a3d,Linux,Safari
DEV00915,ce0fa00f5e0c35d7,Linux,Chrome
DEV00916,d1457593b61b41ad,Android,Chrome
DEV00917,f5db7484f6692a39,Linux,Safari
DEV00918,b9d5cece10172832,macOS,App-WebView
DEV00919,29aa0226851c7974,iOS,Chrome
DEV00920,fe4d96b3e9776c41,iOS,Firefox
DEV00921,8420d23a9636fd43,Windows,Edge
DEV00922,80db7455e29ee433,Android,Edge
DEV00923,8a876cf9bae0ce65,Windows,Edge
DEV00924,3ab5530740b8aa0c,Windows,Firefox
DEV00925,0609e1ced37c3090,iOS,Chrome
DEV00926,80a3a2e24f7c92ab,Windows,Chrome
DEV00927,b8fbca27df5419c4,macOS,Edge
DEV00928,ef484876308bc6e9,Windows,Chrome
DEV00929,a7f1e794a5b5272e,Windows,Firefox
DEV00930,615f9402012bcdaa,iOS,Edge
DEV00931,b6bf28a725a2eb52,Android,Edge
DEV00932,74778d8a3516dd09,iOS,App-WebView
DEV00933,19542d9e3049ed49,macOS,Safari
DEV00934,0e44c574af0d060e,macOS,Chrome
DEV00935,6d1ffb1b66c92362,iOS,App-WebView
DEV00936,e180c52ec53786bd,macOS,Safari
DEV00937,f5e6323d09cf1a79,Linux,Chrome
DEV00938,be22901e28e7ae2c,macOS,Firefox
DEV00939,cb6d13b95ad5684f,Android,Chrome
DEV00940,6864ea0808b651d1,Android,Chrome
DEV00941,e7f83fc0a0a41443,Linux,Firefox
DEV00942,26f8d26cbbdc58de,macOS,Chrome
DEV00943,456ffd63a4558d82,macOS,Safari
DEV00944,06a4b8a503b8987a,Android,Chrome
DEV00945,4f21e301d9b33d9c,macOS,Firefox
DEV00946,ec0657aeede314c9,iOS,Firefox
DEV00947,6d85008e8b3fd037,macOS,App-WebView
DEV00948,7a58797ecd0810fa,Android,App-WebView
DEV00949,e21bea7e45d0ed7f,macOS,Edge
DEV00950,73dbae8037fdc674,macOS,Edge
DEV00951,822fe4b6b39b76dd,Android,App-WebView
DEV00952,1c0e9c7b8405fdd7,iOS,Chrome
DEV00953,9638738b26b02e2c,macOS,Edge
DEV00954,f45ef74edee71b6a,Android,App-WebView
DEV00955,9331e2e636a48da5,Linux,Firefox
DEV00956,af25d126bb14466d,Windows,Firefox
DEV00957,d58a74903d4e0c66,macOS,Chrome
DEV00958,cf9bc60278b87f5e,Android,Firefox
DEV00959,bb680dfb2e8dfbea,Linux,Firefox
DEV00960,253fc7d1c5315819,Android,Edge
DEV00961,5f9f769863603a01,Windows,Safari
DEV00962,f631f0edf1cd9f87,iOS,App-WebView
DEV00963,6a79cb5de444ff86,Android,Edge
DEV00964,736da9d7ac0684e8,iOS,Firefox
DEV00965,3a748a7a91aff627,macOS,Chrome
DEV00966,6271d06f334e0c77,Windows,Edge
DEV00967,b4cd30cf1e303799,Android,Edge
DEV00968,1ea817b26dde5bc0,iOS,Safari
DEV00969,8b6bd2617bff7a94,Android,Safari
DEV00970,8d003c738951cfcc,Android,App-WebView
DEV00971,31c8c5d65078f381,iOS,Edge
DEV00972,0b358f090bd71d47,macOS,Chrome
DEV00973,c2071fbf6dccf272,Linux,Firefox
DEV00974,24a8471603deabe4,macOS,App-WebView
DEV00975,ef1590b8319e3085,macOS,Chrome
DEV00976,71918e182e39d017,Android,Firefox
DEV00977,87df49b11b8d062b,Android,Firefox
DEV00978,44fb8a925bba50b8,Android,Edge
DEV00979,c83a5347403a9c93,Android,Safari
DEV00980,5779d0cfca311c49,Linux,Edge
DEV00981,608b270f467848d8,Linux,Safari
DEV00982,f8534d8404c58795,Linux,Safari
DEV00983,42652e51d761dae8,Android,Chrome
DEV00984,58c2bf26cc942878,iOS,Edge
DEV00985,5e0ec7c604512152,Android,Edge
DEV00986,a884611f88ac4351,Linux,Chrome
DEV00987,4e7495551283171f,iOS,Safari
DEV00988,a111c315fb360fb7,Android,Safari
DEV00989,43372e6d5dbcdf34,Android,Firefox
DEV00990,06528c6bca8b3e70,Android,Edge
DEV00991,5dc4271b90114984,Linux,Safari
DEV00992,9da2d805bf160652,Linux,Chrome
DEV00993,50a6f324715ef836,Android,Chrome
DEV00994,35033a75f1630acb,macOS,App-WebView
DEV00995,82faebcfdeb4d357,Linux,Safari
DEV00996,642342011674b2b8,Android,Safari
DEV00997,c040bf302a38fc95,macOS,Firefox
DEV00998,f126203d38c09960,macOS,Firefox
DEV00999,2193acca2bc6514b,Android,App-WebView
DEV01000,127e565bafe0d31d,Linux,Safari
DEV01001,9d0c951d18e5830f,Windows,Safari
DEV01002,8c3e5187a4a0d9b5,Android,App-WebView
DEV01003,233b3e74a6fd7a3f,iOS,Firefox
DEV01004,d40cf2dc82ace1c0,Android,Chrome
DEV01005,36a1a6cbe1050ee2,Windows,Safari
DEV01006,d4ed00872548da68,macOS,Safari
DEV01007,e24d47a65ea19184,Windows,App-WebView
DEV01008,9313d095e88e12b4,iOS,Edge
DEV01009,0574eccd1e01eb1b,iOS,App-WebView
DEV01010,18b87621a6f80694,Android,Safari
DEV01011,608261a90927c8d3,Android,App-WebView
DEV01012,2ccf3d29e753fb34,macOS,Safari
DEV01013,d0cb436accdb2f9f,Android,Edge
DEV01014,ed016c20864e04c8,Android,Chrome
DEV01015,ddcb481f74bff4e1,Android,Safari
DEV01016,2fef1e0118702d0c,Android,App-WebView
DEV01017,f0a1594893dcbb04,Windows,Edge
DEV01018,0c326970a184fcf0,macOS,Safari
DEV01019,b5a15a953d9986e3,iOS,Safari
DEV01020,b4679cbb34b30e57,Windows,App-WebView
DEV01021,6570bfd0d0b796e3,macOS,Edge
DEV01022,29bc6386c3750ffe,iOS,Safari
DEV01023,e9754b5a5ddc1aad,Linux,Chrome
DEV01024,c92dad900c8dc707,Linux,Safari
DEV01025,4036adafc5f44396,macOS,App-WebView
DEV01026,ef5007613c2686f4,Android,Firefox
DEV01027,7ed18d0d11afa74a,Windows,Edge
DEV01028,ca20d819d879a9a4,Android,App-WebView
DEV01029,7552a76e0b9e9207,iOS,Safari
DEV01030,fe34400edc29ff5b,Android,App-WebView
DEV01031,18a7200565153a2d,Android,App-WebView
DEV01032,08bf5a2e1c61795b,Windows,App-WebView
DEV01033,1f0e2e038536fd90,Linux,Safari
DEV01034,58c51d94143d1df6,macOS,Safari
DEV01035,912e4d0547a54850,Windows,Chrome
DEV01036,5611e1f81f4e892a,iOS,Chrome
DEV01037,92132e898afdad39,iOS,Edge
DEV01038,4c366fb7d87d9ab0,macOS,Safari
DEV01039,07a6226343e06822,iOS,Chrome
DEV01040,8093b627f618d29f,Android,Firefox
DEV01041,65ff9ff35ff9a7af,Windows,Safari
DEV01042,3b034a99715c02ad,macOS,Firefox
DEV01043,3dbc7c58ffd2e33c,Windows,App-WebView
DEV01044,d89a1fd0777c8838,macOS,Chrome
DEV01045,f75788c3104f951e,Android,Chrome
DEV01046,a6fba2e425fb182c,Linux,Safari
DEV01047,6548cc871f7e4c1f,iOS,Chrome
DEV01048,510ee9fbf54affd8,macOS,App-WebView
DEV01049,906c489e8621dbfa,Android,Chrome
DEV01050,29f278cb9f3c3149,iOS,Edge
DEV01051,437289294f0141cf,Linux,App-WebView
DEV01052,adc83849ec68b3bc,Windows,Edge
DEV01053,f53faffbcbc47ee3,iOS,Firefox
DEV01054,e6fd9a339a0aa4c7,iOS,Chrome
DEV01055,6ff0d89c03e566e3,Windows,Safari
DEV01056,bf13564ff5d40908,Android,Safari
DEV01057,40be7229f658caaa,macOS,Safari
DEV01058,631ca0955d53c983,macOS,Safari
DEV01059,f247b220a53e9527,Android,Edge
DEV01060,5af0f022303a6f72,Linux,Edge
DEV01061,834614f298475e1e,Android,Edge
DEV01062,cfbd9864a71ade99,iOS,Safari
DEV01063,82cb6e2a7f1f6869,Linux,Edge
DEV01064,39f1c0bba858eb19,iOS,Edge
DEV01065,c624ca2b549fb92a,Windows,Safari
DEV01066,de8657b8895358da,macOS,Safari
DEV01067,eec09ed7584b138e,Windows,Firefox
DEV01068,aae111f01dcfad80,iOS,Firefox
DEV01069,e72b6a72b7172e49,iOS,Chrome
DEV01070,99f527015d261316,Linux,Chrome
DEV01071,bd0c1cbf55214f40,Windows,Safari
DEV01072,81c93d504507709e,Android,Edge
DEV01073,7c6ede8a97d93db9,macOS,Edge
DEV01074,df5672e47b47a8a8,iOS,Firefox
DEV01075,8f4c6dddb1dea26a,iOS,Firefox
DEV01076,df78092d5458e853,Linux,Safari
DEV01077,294636a8be1c4a42,Linux,Safari
DEV01078,7580ccdb2974da92,Linux,App-WebView
DEV01079,6d11c02b6b4ef9c6,iOS,Chrome
DEV01080,ec693e96f9b2dba0,macOS,App-WebView
DEV01081,3cf81596f4dcd15e,macOS,Safari
DEV01082,0b6d4983deccdbd0,Linux,Edge
DEV01083,06149d9ad949af13,macOS,Firefox
DEV01084,0157e89eddc0fd31,Android,Edge
DEV01085,d34af229cd18e09a,iOS,Safari
DEV01086,ee4a29d0b05bc2b2,Windows,Edge
DEV01087,19c962bc6f306803,Linux,Safari
DEV01088,38d9abbd17d2fc4d,Linux,Safari
DEV01089,dd8e79cbcb32fe33,Linux,Chrome
DEV01090,8d5116d30e736eda,macOS,Chrome
DEV01091,6fbd78909df4e52e,Android,Edge
DEV01092,b90ed65e5cb45cc6,Linux,Chrome
DEV01093,0144c58bdc38ad06,macOS,App-WebView
DEV01094,7bb19820edcd5c9f,macOS,Edge
DEV01095,88ca07cb1520d1cf,Android,Edge
DEV01096,1185052a797df1a4,macOS,Safari
DEV01097,3c7e1a5d442e65e9,Android,App-WebView
DEV01098,d8c9b6e079d93794,Android,Edge
DEV01099,5dec39e8a8896635,iOS,Safari
DEV01100,792349af182b3e28,Windows,Firefox
DEV01101,db24291d1a250025,iOS,Chrome
DEV01102,7b61e590b855bfa9,Android,Edge
DEV01103,f375b6475cf3b4f1,Windows,Safari
DEV01104,7f007040288c746b,macOS,App-WebView
DEV01105,03ce70cd6f1d5354,Linux,Chrome
DEV01106,37e822d7a30fde03,macOS,Edge
DEV01107,c5637807dd16370f,iOS,Edge
DEV01108,cbd92c291e12ae4d,iOS,Firefox
DEV01109,0a2b26e211c33eb5,macOS,Chrome
DEV01110,9ae245c335983819,Android,Edge
DEV01111,ef46e05f0fbc9f75,Windows,App-WebView
DEV01112,886f9cf75e4218e0,Android,Firefox
DEV01113,1e79026c83dcb555,macOS,Firefox
DEV01114,b51d5277e879b873,Linux,App-WebView
DEV01115,d66ef518b7907268,Linux,Safari
DEV01116,b4702820272f3e25,Android,App-WebView
DEV01117,b447c91b799097f3,Windows,Chrome
DEV01118,2146bc14e95fe8a1,Linux,Firefox
DEV01119,41f261337d3c550d,Android,Chrome
DEV01120,945fd69ee84ed3dd,macOS,Firefox
DEV01121,e5fde851d24749e5,macOS,App-WebView
DEV01122,41e3f925b6ee4328,Android,Firefox
DEV01123,bbc4330dc992456a,Windows,Safari
DEV01124,e6d11529d4f509ac,Linux,Chrome
DEV01125,fb5ce535a773c1be,Linux,Safari
DEV01126,94720434153b23f3,iOS,Firefox
DEV01127,853f1f6147a056fc,iOS,App-WebView
DEV01128,bc6c0f3183513a6f,Android,Edge
DEV01129,be3b073a4a7d084f,Linux,Safari
DEV01130,2da68ed4061634a4,iOS,Firefox
DEV01131,a3524e245cbf5043,Windows,Firefox
DEV01132,794772973bb1808d,Linux,Edge
DEV01133,3616a5cd59eba9f1,Windows,Chrome
DEV01134,2720f7638d33aa78,Android,Firefox
DEV01135,3e321ee1348d81a7,Windows,Edge
DEV01136,abe6a70e86906b92,macOS,App-WebView
DEV01137,d89928ad454cd923,Linux,Chrome
DEV01138,829b6cf47d402764,macOS,App-WebView
DEV01139,4aed2d936373d512,Linux,Firefox
DEV01140,b26b071ecb4f001c,macOS,App-WebView
DEV01141,363da263abaf5516,Windows,Chrome
DEV01142,58d326834526a28e,iOS,Edge
DEV01143,8e00e85420bcb3d8,Android,Chrome
DEV01144,764fa41fad7927ea,macOS,Safari
DEV01145,38fdd0fd37c12241,Windows,Chrome
DEV01146,3e6c4a409ac555b0,Android,Safari
DEV01147,2f572c035252625f,Windows,Chrome
DEV01148,f178ae77244ef9c1,iOS,Edge
DEV01149,a17cbf9369dc8ae4,iOS,Safari
DEV01150,147adf8b2b207550,Linux,Chrome
DEV01151,55d9302752b577ba,Windows,Edge
DEV01152,c283dadc42661985,Linux,Safari
DEV01153,55890a1a3facb43a,macOS,Firefox
DEV01154,150948d40c12f015,macOS,Edge
DEV01155,75d5ccd962f4e6cb,Android,Firefox
DEV01156,4fa401847e9fc7c7,iOS,Chrome
DEV01157,096fbfbc2cb80709,Android,Safari
DEV01158,52b4d8437e3d5a2d,Linux,Firefox
DEV01159,596c214e6c9c01ae,macOS,App-WebView
DEV01160,03720646b4d76e68,Windows,Firefox
DEV01161,ae0ddb1481545414,macOS,App-WebView
DEV01162,42ed3c4fc285ecca,Linux,App-WebView
DEV01163,b7b02c4f3533678b,macOS,Edge
DEV01164,51224c1f8a90ab23,Windows,App-WebView
DEV01165,18fc602b7df5a5a8,iOS,Firefox
DEV01166,bfaadf667f9a251b,iOS,Firefox
DEV01167,04d7fdff3366c8aa,iOS,Edge
DEV01168,ec9fe219d74d2cb2,Windows,Firefox
DEV01169,01d7d91908b47106,Android,Safari
DEV01170,e66e9a4255f7a14d,Windows,Firefox
DEV01171,1b635f6fea0085a9,macOS,Safari
DEV01172,25c0f9b79ca72ad2,Linux,Safari
DEV01173,432b917c80afc9bb,Linux,Firefox
DEV01174,460b25fbe6ff175c,iOS,Safari
DEV01175,35584c22045a6b2d,iOS,Safari
DEV01176,c8ed15e2a72fb0e1,iOS,Chrome
DEV01177,47ccfee7130e1ee2,Android,Firefox
DEV01178,a98e45fb64acaa4d,Linux,Safari
DEV01179,08fecfd50630f8dc,macOS,Firefox
DEV01180,ff7cdcbecfe8dc77,Windows,Safari
DEV01181,00dc7e91bd15b3b9,iOS,App-WebView
DEV01182,9a466849be08b0a5,Android,Firefox
DEV01183,acfcec85225dc1c0,Windows,Safari
DEV01184,2df255b66915adc1,Windows,Edge
DEV01185,2ea565ecba833bb5,Linux,Safari
DEV01186,a5001736fe49e773,Linux,Firefox
DEV01187,da210bb8e5ec6920,Android,Chrome
DEV01188,acd5dfc2442b0e1d,macOS,Edge
DEV01189,393899157d135747,iOS,Edge
DEV01190,4e0a2f1e26df0b70,Windows,Safari
DEV01191,2a62c502532e4738,Android,App-WebView
DEV01192,1ab298db9cf5ad67,Linux,Firefox
DEV01193,ae39ae7fb2fdfe96,Windows,Edge
DEV01194,2b8c730f43888d90,Windows,App-WebView
DEV01195,09550359f5ae2963,iOS,App-WebView
DEV01196,841e7f7b3253035e,macOS,Firefox
DEV01197,826b464091d98e09,Android,Edge
DEV01198,02cfa969769b2b7e,Android,Safari
DEV01199,b1f6bd8adfc08fd3,Linux,Chrome
DEV01200,d877a7c74a06d974,Windows,Chrome
DEV01201,ff0744ccb3ce8e7b,macOS,App-WebView
DEV01202,b38eb94ca71b8d58,iOS,Edge
DEV01203,e2a48b07db790e7c,Windows,Chrome
DEV01204,9bac3d91c2ee1754,Windows,Chrome
DEV01205,313aebd047c54d46,Linux,Safari
DEV01206,39cbbed45df52dd0,Linux,App-WebView
DEV01207,bfeed49eb20386bc,iOS,Firefox
DEV01208,4bff7aba78a4e585,iOS,Chrome
DEV01209,1fc831607d5bb321,Android,App-WebView
DEV01210,0c12ff5e1385611b,macOS,Chrome
DEV01211,529a9ad82083688d,Linux,Edge
DEV01212,c338061d3b2b79ff,iOS,Edge
DEV01213,8f7b25c45833a701,Windows,App-WebView
DEV01214,2dbe058cda5d8ac5,Linux,App-WebView
DEV01215,4eb7350491f242f9,Android,Firefox
DEV01216,bdc2892861a0f080,macOS,Safari
DEV01217,bfa6b917c80c99c3,macOS,Firefox
DEV01218,6969a96df8b63465,macOS,Firefox
DEV01219,9f4741361c29885c,Android,Firefox
DEV01220,5fa8329540f2290e,Windows,Firefox
DEV01221,74c182bfceeedfde,Windows,Edge
DEV01222,60408b46906d71a4,Linux,Chrome
DEV01223,bfd106e3684afa99,iOS,Edge
DEV01224,4337a3370ff49694,macOS,Edge
DEV01225,db54c691b74d4f75,Windows,Safari
DEV01226,cbfff28f211ae747,macOS,Edge
DEV01227,28ff077d0bb2418e,iOS,App-WebView
DEV01228,fee923bed70e3b03,Linux,Chrome
DEV01229,aefa571050c2e2b9,iOS,Safari
DEV01230,9c7adca38e8da580,Windows,Edge
DEV01231,5bd48f89c847c698,Linux,Firefox
DEV01232,c01fe368375dddf9,Android,App-WebView
DEV01233,f218a92c625c25f0,macOS,Chrome
DEV01234,071bb59e070f9861,Android,Edge
DEV01235,5067d332d7267612,Windows,Edge
DEV01236,7124863b10262704,iOS,App-WebView
DEV01237,0c3a0b65069bec86,macOS,App-WebView
DEV01238,9cee3a380464e1b2,iOS,Safari
DEV01239,91ff24286fc73e0c,iOS,Edge
DEV01240,3c28f966f42f339b,Windows,App-WebView
DEV01241,2ee0e4f08142431d,macOS,Chrome
DEV01242,8d834df46edadc6c,Windows,App-WebView
DEV01243,77f2f26ee7df2f2d,Windows,Edge
DEV01244,660dc63cb9b95f14,Linux,Edge
DEV01245,58a755805791b998,iOS,Chrome
DEV01246,d6e676c06b1e04ef,Android,Safari
DEV01247,5520c5534e8d9756,Windows,Firefox
DEV01248,9de5b3b4d92d5045,macOS,Chrome
DEV01249,1afe140c62543b68,Windows,Edge
DEV01250,2b15869d24ecd505,iOS,Edge
DEV01251,c522089c6cb9083d,iOS,Chrome
DEV01252,170bb58609591727,Android,Firefox
DEV01253,4a12afde96f84e46,macOS,Chrome
DEV01254,1c1aaf850a085d85,Linux,Firefox
DEV01255,81077d6b21ae9a26,Linux,Edge
DEV01256,1c9d330c5f63e990,Linux,Edge
DEV01257,6537ec8cdecdede5,Windows,Edge
DEV01258,4ebfd4b8a59ea2d7,Android,Firefox
DEV01259,9e3f45ac7946930c,Linux,App-WebView
DEV01260,a77909851df99abb,Android,Firefox
DEV01261,9a3a797f69ed89cd,iOS,App-WebView
DEV01262,9839f33eb06daee4,Android,Safari
DEV01263,5d574267b2bcc75a,Windows,Edge
DEV01264,1f359100ff8019fd,iOS,Firefox
DEV01265,186de5a167ade411,iOS,Chrome
DEV01266,72badb05ab7fb8b0,Windows,Firefox
DEV01267,234e112581b76450,macOS,Firefox
DEV01268,e4adb2b91f2dad6c,Android,Firefox
DEV01269,a166e2539221c8fb,Windows,App-WebView
DEV01270,41cb77b75085b2b5,Android,App-WebView
DEV01271,cd6287b91ba01faa,iOS,Safari
DEV01272,ac47b845c7a0bc2b,Android,App-WebView
DEV01273,2b691d27843eb6dc,iOS,App-WebView
DEV01274,98460ef81f2367b7,Windows,Firefox
DEV01275,83739a1502c57f19,Windows,Firefox
DEV01276,a67f0c47122f5bab,Windows,Chrome
DEV01277,d6e7b5ca1de242a1,Linux,App-WebView
DEV01278,9c44ac14ca823661,Windows,Safari
DEV01279,756ec0f21b5be309,Android,Safari
DEV01280,bfada99680e6729e,Linux,Firefox
DEV01281,55f51655318fe3db,Windows,Edge
DEV01282,5dcc40573940fc3d,macOS,Firefox
DEV01283,cb1da8e6c34e475c,iOS,Chrome
DEV01284,0ec50a846d351f16,iOS,Safari
DEV01285,7a774aeb1aa6dd47,Linux,Safari
DEV01286,2a327ba8303522a8,iOS,App-WebView
DEV01287,2b750639ec36c181,Linux,App-WebView
DEV01288,e3dd3166533a5fc8,Linux,App-WebView
DEV01289,acecd8e141fdc15b,Android,Edge
DEV01290,8681c156b4d8576a,macOS,Chrome
DEV01291,2f6c9ae3cd7e45c2,Android,Safari
DEV01292,ffc9434f35f5c543,Android,Edge
DEV01293,e16e29ce04ed8bc7,Windows,Firefox
DEV01294,ffb095476560cb40,Windows,Safari
DEV01295,236b3ce05c1ce0f1,macOS,App-WebView
DEV01296,00b7d0328a316ecf,Linux,Firefox
DEV01297,614f20566b2d27e7,iOS,Firefox
DEV01298,6593e5b5b649a8c3,Android,Chrome
DEV01299,a0131e7133fafdc4,iOS,Safari
DEV01300,7352cf0fcb868f80,iOS,Safari
DEV01301,6542251ecc2daddd,Windows,Safari
DEV01302,9edff4a4df7342d4,iOS,Safari
DEV01303,a1b04bebec86c783,Android,Edge
DEV01304,57f2a26283a85f1b,Android,Chrome
DEV01305,3f97aa9e59dfccb1,Android,Edge
DEV01306,2bce176ca7b7a578,macOS,Chrome
DEV01307,ba609eb3765f49f8,iOS,Chrome
DEV01308,c9219f4822576531,Android,App-WebView
DEV01309,7a527ad3058db9e4,Linux,Chrome
DEV01310,6b99c25c4c10ddf4,macOS,Chrome
DEV01311,f7ce5e79dd0acbf2,Windows,Chrome
DEV01312,e82f35d95a052081,Android,Firefox
DEV01313,76232f99e4e1db82,Android,Chrome
DEV01314,83fba5d6abaa35e6,Android,App-WebView
DEV01315,94e75bb25e8d11a9,iOS,App-WebView
DEV01316,30add31ff567d114,iOS,Safari
DEV01317,faa64c34365df685,Windows,Chrome
DEV01318,2037f08dd99a4293,Android,Safari
DEV01319,7caee8876e15b47c,Windows,App-WebView
DEV01320,c9eafd57c93028aa,Windows,Firefox
DEV01321,24d32e96d5ed4b75,iOS,App-WebView
DEV01322,30758c13c5773ac2,Linux,Safari
DEV01323,f4401b37c2f505cb,Linux,App-WebView
DEV01324,f71498db582c8d4c,Android,Chrome
DEV01325,df7e8650b11724ee,Linux,Chrome
DEV01326,f654afcbc4c47f10,Linux,Safari
DEV01327,225a15ee68a69ce4,iOS,Firefox
DEV01328,7f37af7fdd1dd054,iOS,App-WebView
DEV01329,27a899b21d14731e,Android,Chrome
DEV01330,02fe41a785e538d4,iOS,App-WebView
DEV01331,15dfca599ad81d14,macOS,Firefox
DEV01332,6fdf6f8ccb630240,Linux,Safari
DEV01333,4a2c314abdfcb959,macOS,Chrome
DEV01334,c3cedf6f3a5b66fd,iOS,Firefox
DEV01335,3798ff119b4d7bbf,macOS,Edge
DEV01336,19d9e39f8939853a,iOS,App-WebView
DEV01337,407b2c7c6688459b,iOS,Edge
DEV01338,d9f3b0a93385a417,Android,Firefox
DEV01339,a4dd81ddf761c876,Android,Edge
DEV01340,cc5802e27c4fe19b,Android,App-WebView
DEV01341,d5ae6dc0f4676264,iOS,Edge
DEV01342,8420b61b05b531fa,Windows,Firefox
DEV01343,aee96d21d0506e1d,Linux,Chrome
DEV01344,4ad59eed4c8d5b6f,Android,Firefox
DEV01345,7943b66a5932d2a2,macOS,Chrome
DEV01346,acaf1f1f7d2bfd45,macOS,Firefox
DEV01347,82d7e610c8af04b6,macOS,App-WebView
DEV01348,090a708463295035,Windows,Edge
DEV01349,3c66c3f2888743d8,iOS,App-WebView
DEV01350,16ab51d8db848627,macOS,Firefox
DEV01351,5c3bb2e41dc8f75d,macOS,Safari
DEV01352,84c8287432b7d80c,Android,Edge
DEV01353,4c9bc1b0fbf8cc03,Windows,Safari
DEV01354,bc964cb32d5a4fd0,Android,Edge
DEV01355,1e66f8bb0f87bfee,Android,Edge
DEV01356,50fe1e1f2aabd026,macOS,App-WebView
DEV01357,b1a994ccdc20b5dc,Android,Chrome
DEV01358,f4759bd90921b2ad,iOS,Edge
DEV01359,96e528c003049ed6,macOS,App-WebView
DEV01360,e69ceb5542b7ec0d,Android,Safari
DEV01361,6765d864d7f87b98,Android,Firefox
DEV01362,923c5fdb1e643635,iOS,Firefox
DEV01363,41bfcd49e39d34ba,iOS,App-WebView
DEV01364,bbdf64a61f97af15,macOS,Chrome
DEV01365,81e75479f9b3e86c,iOS,Edge
DEV01366,0d4de4e9fbd1aefc,macOS,Firefox
DEV01367,9082b14a7175fcca,Linux,App-WebView
DEV01368,d17574bbcac5ff3b,Windows,Edge
DEV01369,23452be5680980be,Windows,Edge
DEV01370,da58844b9738db21,Linux,Edge
DEV01371,29a4a26dcd12f30f,macOS,App-WebView
DEV01372,0c17a0557e960599,Windows,Safari
DEV01373,96e8121d0dd2c4ff,macOS,Chrome
DEV01374,6fe5fc8d95dde581,Android,Firefox
DEV01375,57a9ee28e0260ce2,macOS,Edge
DEV01376,5f6e1e3a857477a7,iOS,Safari
DEV01377,0d9e840525cf6b27,Android,Chrome
DEV01378,211bfe5400198359,Android,Chrome
DEV01379,ac616bae94853e8a,macOS,Chrome
DEV01380,196c1313bfad56c2,iOS,Edge
DEV01381,adb5afa0b5ce1f9b,Linux,Firefox
DEV01382,3bba931c79337e3b,iOS,Firefox
DEV01383,7bdef13812c39cca,Linux,App-WebView
DEV01384,c7a791e4e5885912,Android,Chrome
DEV01385,2638dc62a652b463,Linux,Edge
DEV01386,ff4c8e0caa71e59d,macOS,Safari
DEV01387,2b7892338d24c52c,Windows,Edge
DEV01388,a2801b5573648c96,macOS,App-WebView
DEV01389,a9bc1059cb5cd4ed,Windows,App-WebView
DEV01390,9aac90922ea2de8e,Windows,App-WebView
DEV01391,5bb10a23452b7c96,Linux,Chrome
DEV01392,75aa4a56cba98cce,Android,Edge
DEV01393,02ec44f808deffe6,Android,Edge
DEV01394,c6ed1f0ac7711a7b,macOS,Firefox
DEV01395,20e472b3a2c53e92,macOS,Edge
DEV01396,8e8bfafb4e4281b1,macOS,Chrome
DEV01397,23b90d86cc82444b,Android,Safari
DEV01398,d912a70c8c2b8d26,Linux,Firefox
DEV01399,a29398432b2fe2e6,iOS,Edge
DEV01400,00580166580b2a4c,macOS,Safari
DEV01401,3ae673fc023e9f7e,Windows,Edge
DEV01402,c29a7b8655fe909e,macOS,Chrome
DEV01403,3db4d54230608c7a,Linux,Edge
DEV01404,23c05138e0958ba3,Linux,App-WebView
DEV01405,f293b869b396d424,Linux,Edge
DEV01406,3053ee8ae4585c0c,macOS,App-WebView
DEV01407,44596cee49cb6ebc,iOS,App-WebView
DEV01408,60ef606016018a38,Android,Edge
DEV01409,5d37a96b47eeec59,Windows,Edge
DEV01410,0d133559dbbeff9e,Linux,Edge
DEV01411,44dff5a3b1342ad9,Linux,Firefox
DEV01412,a5ca6433a2362057,Windows,Firefox
DEV01413,97ae234ba0266d9f,Android,Chrome
DEV01414,fe3f976f07b451bd,Linux,Chrome
DEV01415,6d1d5407c5e57c17,iOS,Firefox
DEV01416,99e33748ab6c3911,Windows,App-WebView
DEV01417,173b39284567b3c8,Android,Firefox
DEV01418,46fb79f8ef8cea13,macOS,Chrome
DEV01419,8718617e89614639,macOS,Firefox
DEV01420,fa563721bbd6fc7f,Windows,Edge
DEV01421,a31aa2d4cb37f89e,Windows,Chrome
DEV01422,5ba15aec22160aa0,iOS,Safari
DEV01423,f3d136f3e425a75f,iOS,Firefox
DEV01424,1a2ce533b447523f,Linux,Chrome
DEV01425,353352a9d8e1b00e,Android,Firefox
DEV01426,da25fad36b8913d1,Android,Firefox
DEV01427,4037f440e619183f,iOS,Chrome
DEV01428,ed124bfacf6edaf5,Linux,Firefox
DEV01429,1544533fbff011f0,Android,Edge
DEV01430,31f755f1888e0b90,macOS,App-WebView
DEV01431,265fd83627690f69,Linux,Edge
DEV01432,d330cb0c206ad3fa,Windows,Chrome
DEV01433,a84cfa296526ce15,macOS,App-WebView
DEV01434,d25290ece3414391,Android,Firefox
DEV01435,c457a34d736c1e27,macOS,App-WebView
DEV01436,bf2a5a5038c6f188,macOS,Firefox
DEV01437,23a41eb92cb5c3c0,Linux,Chrome
DEV01438,318286d788fc68cc,macOS,Chrome
DEV01439,23759d93c2dd0d7b,iOS,Firefox
DEV01440,f7979a9a11abd178,macOS,App-WebView
DEV01441,498a3be09eea66f6,Windows,Safari
DEV01442,9d94752b0e7a983e,Linux,Firefox
DEV01443,e4f8377e1e6e6783,Windows,Edge
DEV01444,3efebddd29fadbd1,iOS,Edge
DEV01445,6a8549f45a9ef5b0,Android,App-WebView
DEV01446,e1e2f02e09e64ee9,iOS,Firefox
DEV01447,c3326feef4e5145a,Windows,Chrome
DEV01448,2494cc62c23fded3,Windows,App-WebView
DEV01449,7a73216b059bcf8f,macOS,Safari
DEV01450,aa1e61696c61b78f,Linux,Chrome
DEV01451,35eeca08b7a08f3b,Linux,Chrome
DEV01452,cd99c7f61edfcf8b,Linux,Firefox
DEV01453,f665ceb5c130a679,Windows,Chrome
DEV01454,c4a7351c0a519c3f,Linux,App-WebView
DEV01455,9a22f673abe8016e,macOS,Edge
DEV01456,22564399b5781b26,iOS,Firefox
DEV01457,4ee39e8e33843f95,Android,Firefox
DEV01458,9deaaec2dde8e202,Linux,Firefox
DEV01459,0349c30f6010b977,macOS,App-WebView
DEV01460,8940c990855806e0,Windows,Safari
DEV01461,556e688b4cf70fa2,macOS,Edge
DEV01462,02dea7a6cf964797,Windows,App-WebView
DEV01463,a1d5b8f4337eb14e,Linux,Edge
DEV01464,8248dcc62641f254,Linux,Safari
DEV01465,a516b702f12d5f67,Android,App-WebView
DEV01466,b833232f55c5be77,iOS,App-WebView
DEV01467,9a7159e9d0905229,macOS,Safari
DEV01468,b38f55087ec50283,macOS,Firefox
DEV01469,461247b8cb354d5d,Linux,App-WebView
DEV01470,fc2bdff1b704e175,macOS,App-WebView
DEV01471,424c5fd3126ba05d,Android,App-WebView
DEV01472,4f00134c4b6558d2,iOS,Firefox
DEV01473,323d12013dc8b0a2,macOS,Safari
DEV01474,f9dcc7c052c73b45,iOS,Safari
DEV01475,0cffe9e20f6bd43c,Windows,Edge
DEV01476,a040a11629457895,macOS,Firefox
DEV01477,05d3dd2a897eaeb8,Android,Safari
DEV01478,0ec6e726d46f7852,macOS,Firefox
DEV01479,9dae0d6ae2755f95,Windows,Safari
DEV01480,3bfe8dbb0a4f8390,Windows,App-WebView
DEV01481,612b879f2d405b83,iOS,Edge
DEV01482,bf12c029ea2e20b1,iOS,Chrome
DEV01483,8760169bf917cfec,iOS,Safari
DEV01484,c3a0a5f06b16df76,Android,Safari
DEV01485,bad303e5a265bf65,Windows,Edge
DEV01486,bd0c4a4720eb2760,macOS,App-WebView
DEV01487,e13829fd6e2aa76b,macOS,Edge
DEV01488,bebeb4888437c5b3,Android,Safari
DEV01489,585dcfe13ea1fd1d,iOS,Firefox
DEV01490,904b66f3a7f2220b,iOS,Chrome
DEV01491,999d071443e99ffd,Windows,Firefox
DEV01492,963b22d768325e8c,Linux,Safari
DEV01493,955c41c6eb19025a,Android,Edge
DEV01494,313de18dbaea063c,Android,Chrome
DEV01495,74602b0315b3227a,Android,Firefox
DEV01496,03a7ff7c95c7d869,Linux,Firefox
DEV01497,098771f1c661c48f,Android,Edge
DEV01498,c33d97af0dc4f2dd,Windows,Chrome
DEV01499,9d40bb4274b4eec9,macOS,Safari
DEV01500,212c36a025d805ea,iOS,Chrome
DEV01501,4a204487806ff106,Linux,App-WebView
DEV01502,b66decedecd9ec78,Android,App-WebView
DEV01503,4f43d00103ac9b36,Linux,App-WebView
DEV01504,fe142e414ebfa68a,Windows,Edge
DEV01505,9fc3cd319a495fc8,Android,Safari
DEV01506,8ad1bdece6f901fa,Linux,Chrome
DEV01507,f85d05c4b504bb16,Windows,Firefox
DEV01508,2fcefd84491eec69,Linux,Edge
DEV01509,6873f96f75554726,iOS,Edge
DEV01510,e7649744b04b3d83,iOS,Safari
DEV01511,fc526e5f92f41182,Android,Safari
DEV01512,a752344620ddd319,iOS,Firefox
DEV01513,0722f8a572255439,macOS,Edge
DEV01514,391f9f0ba73367cc,Windows,App-WebView
DEV01515,8807e4c6f6bb5fd8,Android,Edge
DEV01516,f4627eba0d3ec9a4,Linux,Firefox
DEV01517,b1688b3a2d4fdf36,Android,Firefox
DEV01518,c33743e3538f3f14,Linux,Edge
DEV01519,b2a1fb8b5a118655,macOS,Safari
DEV01520,ee450cacd178d4bb,Windows,Safari
DEV01521,d737227a8b8081d0,Windows,Edge
DEV01522,724919aa32ecb966,Windows,Firefox
DEV01523,b445fedee17c899b,Android,App-WebView
DEV01524,492c311b9e4d5aa5,Android,Chrome
DEV01525,abcea9518052cb85,iOS,Firefox
DEV01526,56da90dadb6bc514,Linux,Edge
DEV01527,f05aafe427727483,Windows,Firefox
DEV01528,253b98c94214ef95,Android,App-WebView
DEV01529,698a3e256f9e6ccc,iOS,Edge
DEV01530,452448a8a2153ecb,macOS,Chrome
DEV01531,7a09b5709586ed19,macOS,Firefox
DEV01532,42ebee9e11a3c2b1,Windows,Chrome
DEV01533,528120cb8ccf18c4,iOS,Firefox
DEV01534,45e37d45c9292218,iOS,Safari
DEV01535,08d76dc3034a0b33,macOS,Firefox
DEV01536,2ff61d85813761d8,macOS,Chrome
DEV01537,ce85589630738df9,Windows,Chrome
DEV01538,1df25bf9e7b236b4,macOS,Edge
DEV01539,2027a17a8c29692a,macOS,Firefox
DEV01540,0431603fd2246802,macOS,Chrome
DEV01541,b3a23d986dd7ff07,iOS,Firefox
DEV01542,3b529d3676e0c2bf,Linux,Chrome
DEV01543,bf80037b74f77d5a,Windows,Edge
DEV01544,5df8597d52b363bd,Linux,App-WebView
DEV01545,2978966fd157d595,Windows,Edge
DEV01546,ac0c5f0d2a5bd60c,Android,Chrome
DEV01547,16a3b1cf10ecbd93,iOS,Edge
DEV01548,894b8e65406b75da,iOS,Chrome
DEV01549,78d2ed6b5bc9a0d5,macOS,Safari
DEV01550,f6061caddcbd0d4d,Windows,Firefox
DEV01551,046c90263ae4df45,Linux,Chrome
DEV01552,879371a98ad768ed,Android,Safari
DEV01553,07c5821fe77b448a,iOS,App-WebView
DEV01554,e196029d0644e3a0,iOS,App-WebView
DEV01555,86f7199f6fd5b9bc,macOS,Firefox
DEV01556,85f3d41cc885c3d5,macOS,Edge
DEV01557,8ce541282dc9b00e,iOS,Firefox
DEV01558,9931020665f80565,iOS,App-WebView
DEV01559,bc7ca52df47a289e,Windows,Firefox
DEV01560,5f8f3e3eadd690e8,iOS,Chrome
DEV01561,87b11867e9e7361a,macOS,Firefox
DEV01562,a5bdf6bf71d12b2d,iOS,Edge
DEV01563,0511a05ba275d057,macOS,App-WebView
DEV01564,16d9549c2acbe464,iOS,Chrome
DEV01565,7d709a8b18aef7ab,Android,App-WebView
DEV01566,94d8b31e0e785949,Linux,Safari
DEV01567,e6ff2b27abe318c3,Android,Edge
DEV01568,e7ed4e535ef8a195,iOS,Firefox
DEV01569,18bb6e3ddb5bb7ef,iOS,Chrome
DEV01570,57c4c8745f7c2d6f,macOS,App-WebView
DEV01571,3987f266fecff82e,macOS,App-WebView
DEV01572,e1bc1ebf4db8871d,Windows,Safari
DEV01573,688c4d83d523a1f3,Android,Firefox
DEV01574,c5b002e7f275ea85,iOS,App-WebView
DEV01575,0fbf6bffd632e95c,Android,Chrome
DEV01576,16622ae8281bf841,Linux,Edge
DEV01577,fb443b58c158fe91,macOS,Edge
DEV01578,a93ce10aa6af01cd,Android,Safari
DEV01579,6f0574b85d379f31,iOS,Safari
DEV01580,48142c8ad81a1a94,Windows,Firefox
DEV01581,e5e4bd97a6847ffd,macOS,Edge
DEV01582,be3237a56eddf146,iOS,Edge
DEV01583,963bc390f56a0c6d,iOS,App-WebView
DEV01584,10b4f27b69dcf777,iOS,Firefox
DEV01585,90689d20d9aa5f4a,iOS,Edge
DEV01586,4b3667c69d772991,iOS,Edge
DEV01587,42155e5f8527e5e6,iOS,Chrome
DEV01588,39e94a5832b95eb3,Windows,Firefox
DEV01589,1dcef3f628f4e419,iOS,App-WebView
DEV01590,b7fabb70a16b0ca9,macOS,Safari
DEV01591,ea188b1c0eaa8483,Windows,App-WebView
DEV01592,f5e37d5f47d59b4a,macOS,Chrome
DEV01593,ee402ccc597c0656,Android,Edge
DEV01594,3852c37dff960f42,iOS,Firefox
DEV01595,01964d86af74e1dd,macOS,Safari
DEV01596,86b247113b6cd5b7,macOS,Edge
DEV01597,3fd243600020c7f4,Linux,Firefox
DEV01598,424ce7b6ef410002,Android,Chrome
DEV01599,78c61d4c91260c90,Linux,Chrome
DEV01600,1c00a99355d9791a,Android,Firefox
DEV01601,6fe88a8bf98f094a,iOS,Edge
DEV01602,4828bd333faf73d6,Windows,App-WebView
DEV01603,71c2b308bdffc008,Linux,Chrome
DEV01604,27b21fca8b775731,Android,Firefox
DEV01605,7dbeaf0552f3cf3a,Linux,App-WebView
DEV01606,e56e1d6eab6b4b0b,macOS,Firefox
DEV01607,01ec31c233af3ca6,macOS,Firefox
DEV01608,772a1bf40ac36668,iOS,App-WebView
DEV01609,75fc9b0f66394638,Android,App-WebView
DEV01610,7341a567366b5a27,iOS,Firefox
DEV01611,25464171cfa47304,iOS,App-WebView
DEV01612,abb415235e551a70,macOS,Firefox
DEV01613,17614877c97eb1d9,macOS,Safari
DEV01614,d52b0f845a28bd55,Android,Firefox
DEV01615,3f5dad260ff18a17,Linux,Edge
DEV01616,d59d6d36bd87c7c8,iOS,Firefox
DEV01617,5e9928a5b8ff2098,Android,Firefox
DEV01618,c06a29e74426e786,Android,Safari
DEV01619,c42256375756c225,macOS,Firefox
DEV01620,1c59fdae7ea5e99f,Windows,Edge
DEV01621,d4a131211ddbfe83,Windows,Firefox
DEV01622,1311b007b107ec23,Linux,Firefox
DEV01623,ac6ada93ad5495bc,Linux,Firefox
DEV01624,ce1377eb5a5db599,macOS,Safari
DEV01625,329bb40f4428a2a5,Windows,Edge
DEV01626,eeba7052bb28ed24,iOS,App-WebView
DEV01627,9dc71adb43ea9c14,macOS,Chrome
DEV01628,83e6bb2374ecc506,iOS,Safari
DEV01629,587dea417e126a2b,Android,Safari
DEV01630,f146a5bdae86007a,iOS,Chrome
DEV01631,9a42d1e32511a95e,macOS,Firefox
DEV01632,7d9e57744b6c4707,iOS,Edge
DEV01633,bf90417ddf1e87b2,macOS,Chrome
DEV01634,02e59cf57e959061,macOS,Chrome
DEV01635,92286b8bb10b7017,macOS,Firefox
DEV01636,8745a575b20e8e67,Linux,Edge
DEV01637,3d28dfae654248e4,macOS,Edge
DEV01638,8f6c52390b37dc40,Android,Safari
DEV01639,5375c609f9b560e7,Android,Firefox
DEV01640,70500369331cefc3,Android,Safari
DEV01641,cbfa242305f2516f,Windows,Safari
DEV01642,5b469e50b5367564,iOS,App-WebView
DEV01643,52cb69607258e066,Windows,App-WebView
DEV01644,d1db01d84f36339b,Linux,Safari
DEV01645,7987f4ef8efc873a,Linux,Chrome
DEV01646,39bfc6885b6ae011,Linux,App-WebView
DEV01647,2aef8ea3734fdc29,iOS,Edge
DEV01648,fe734170b70c8e49,Android,Safari
DEV01649,346b7a3f9a642165,macOS,Chrome
DEV01650,182625a4bbf304e9,Windows,Chrome
DEV01651,2f32da2f98da729c,Windows,Chrome
DEV01652,bae2cf0bcdbaae69,macOS,Firefox
DEV01653,6ac078ec58b406c7,Linux,Chrome
DEV01654,83c05a5e2bd53e68,Windows,Safari
DEV01655,7285a91c6157e398,Android,Chrome
DEV01656,065cadf5cd8ffe8a,macOS,Edge
DEV01657,193027a2b49bb00b,macOS,Firefox
DEV01658,9e53158a914689c9,Linux,Chrome
DEV01659,ee83bc0c95550bb9,Windows,Chrome
DEV01660,c9b715266ac843c3,Linux,Edge
DEV01661,ceb8ab7e1946adba,Windows,App-WebView
DEV01662,d232f1c27f4f9cef,iOS,Safari
DEV01663,ddd0906c9cb07c20,Android,Firefox
DEV01664,994aad49b4c40d42,Windows,Chrome
DEV01665,ca8564d437816df2,Android,App-WebView
DEV01666,8319c1bd0d9a2e44,Linux,Edge
DEV01667,4f37219640059176,Android,Edge
DEV01668,d21e046fd689cd3f,Windows,Safari
DEV01669,489aba4be2dd2ac3,iOS,Edge
DEV01670,2e06da9060f97a93,Android,Chrome
DEV01671,6c1e44149e060393,iOS,Safari
DEV01672,c03523b1625a7789,macOS,Edge
DEV01673,ef25a2ac8a3b5c09,Windows,Safari
DEV01674,bf884a431c510503,Android,Firefox
DEV01675,1acca764ede67d1f,macOS,Edge
DEV01676,23ebe11525744623,Windows,App-WebView
DEV01677,ae6d480fbde5973d,iOS,Firefox
DEV01678,dab7bbad8aae529b,Android,Firefox
DEV01679,675b71a0c40ef42f,Linux,Safari
DEV01680,6a1d4c6b91e55983,macOS,Edge
DEV01681,021ba467d13d77f6,macOS,Edge
DEV01682,4ce073bf6ca2ca9f,Windows,App-WebView
DEV01683,cb4895b2dc4fe299,Linux,Edge
DEV01684,681bc595eadf4345,Android,Edge
DEV01685,b9dead4281a61375,Windows,App-WebView
DEV01686,8cd2272e7d7c569e,iOS,Edge
DEV01687,75b79496c7fcb2c5,macOS,Chrome
DEV01688,502837bde481b12c,Android,App-WebView
DEV01689,84b90140f93ee8ee,Windows,Edge
DEV01690,4fac1d143f6a4e33,iOS,Safari
DEV01691,87aafa4e8b0ba8d0,macOS,App-WebView
DEV01692,dcf1705bf9984366,Linux,Chrome
DEV01693,a5123c308139ded7,Windows,Edge
DEV01694,e0654e9bc28fe95e,macOS,Chrome
DEV01695,611894551cb4dcfe,macOS,Firefox
DEV01696,0ad0d72637b1ff70,iOS,Safari
DEV01697,1ac33052c67e2e69,Windows,Safari
DEV01698,1783626ed81ab656,Linux,Edge
DEV01699,f976a39e136ddef5,Windows,App-WebView
DEV01700,ae6e20ee59deecc1,Android,App-WebView
DEV01701,9bf2a3b4e0d08df5,Android,Chrome
DEV01702,7bccf0d5ae50d808,Linux,Chrome
DEV01703,bcfeb0bc771496cc,Linux,Edge
DEV01704,05ab7c6199228e1c,macOS,Chrome
DEV01705,2f16c207c5967e32,macOS,App-WebView
DEV01706,3b7a6a3711a42cd7,Windows,Firefox
DEV01707,f1b36be6d79685a7,Windows,App-WebView
DEV01708,35e2775d97eba255,Android,App-WebView
DEV01709,86ca498cf6ac91b6,Android,Chrome
DEV01710,6a552ab8c5f08c4a,macOS,Safari
DEV01711,ae162a112233a3a5,iOS,Edge
DEV01712,7ef02c68d80e8cc2,Android,Chrome
DEV01713,d698b1752d077a15,macOS,Firefox
DEV01714,54661f3dd8b5c1ac,Windows,App-WebView
DEV01715,795aa9c514b87598,macOS,Edge
DEV01716,b04f14b375b9cc47,Linux,Firefox
DEV01717,a2668f6044a6c6ff,Windows,Safari
DEV01718,c39afb12af23c08f,iOS,Safari
DEV01719,0b9a37d7e560ab1d,Android,App-WebView
DEV01720,36e29492f458781c,Windows,Chrome
DEV01721,35e4e39a9d222682,macOS,App-WebView
DEV01722,a616e78843cf6b3c,Android,Chrome
DEV01723,aa8f382a7cb02a17,macOS,Chrome
DEV01724,4d7b72721d07fb30,Android,Safari
DEV01725,502aba58d7d6c4dd,macOS,Edge
DEV01726,f54bc1cf46a19a4b,macOS,App-WebView
DEV01727,9aae7bc7afda7748,macOS,Firefox
DEV01728,e8ee8eab50796d39,Linux,App-WebView
DEV01729,4be5761e349da258,Windows,Edge
DEV01730,a45bee416b6bd9fa,Windows,Chrome
DEV01731,0086a1bbe8c3cd32,iOS,Safari
DEV01732,1410066f351fc006,Android,Safari
DEV01733,2541dafe67b7597c,Android,Chrome
DEV01734,54911fa954eda987,iOS,Chrome
DEV01735,e3a01ef65bf7edae,iOS,Edge
DEV01736,511fc324ebdded28,iOS,Safari
DEV01737,ffb2a7796ad01558,macOS,App-WebView
DEV01738,ceeadbb9d10176a2,iOS,Chrome
DEV01739,c7d7d8d152ce2262,Windows,Edge
DEV01740,6e2c83237ae962b3,iOS,Edge
DEV01741,8787e452a5231c77,macOS,Chrome
DEV01742,9f4d2fc3943851c8,Android,Safari
DEV01743,51c93826eba1f882,iOS,Edge
DEV01744,780a45e35b019f70,macOS,Edge
DEV01745,6d836f87192e777c,Android,Edge
DEV01746,75b5ddbc28a9c5cf,Linux,Safari
DEV01747,a596c77148b5c061,iOS,Firefox
DEV01748,5ceb460b3bc11cec,Linux,Edge
DEV01749,614c9fece8403775,Android,Firefox
DEV01750,38789fe8f841524a,Android,Chrome
DEV01751,1a25bc092c8058be,macOS,Edge
DEV01752,14377c2177792248,macOS,App-WebView
DEV01753,25cf3876ea236c2d,Linux,App-WebView
DEV01754,457f10a883a2a48b,Windows,Chrome
DEV01755,b9ef247fa329a104,macOS,Edge
DEV01756,35e83ca5bef49dd8,macOS,App-WebView
DEV01757,1f014d3514064099,Linux,App-WebView
DEV01758,c99782663dae4db8,macOS,Safari
DEV01759,afafe61a29dac975,Android,App-WebView
DEV01760,47301b3683455101,Android,Edge
DEV01761,ecc461f29c67f174,Linux,Firefox
DEV01762,cf6cc2185505a700,Linux,Chrome
DEV01763,e3d6c38212956b40,Windows,Edge
DEV01764,8a232796fcb9a7f4,macOS,Chrome
DEV01765,84b32f3d2efc7600,macOS,App-WebView
DEV01766,25553e520cb39842,Windows,Edge
DEV01767,746bab19e8ee7c38,macOS,Chrome
DEV01768,e26affd018513f73,iOS,Firefox
DEV01769,e9bd5a8c33427a0a,iOS,Edge
DEV01770,5c6256b5622f11f3,Windows,Edge
DEV01771,0b05be2b8f271623,iOS,App-WebView
DEV01772,d4f145a2d03ec4a6,iOS,App-WebView
DEV01773,06c207c48e51f3a2,Windows,App-WebView
DEV01774,04af956d98e1210d,macOS,Safari
DEV01775,31cc3c32370f6309,Windows,Edge
DEV01776,08537729a4b83b7c,macOS,Firefox
DEV01777,9ed7fc95d01810c5,macOS,Safari
DEV01778,27543ddd017e36df,Linux,Safari
DEV01779,9b9ad9284be0e0d5,Windows,Chrome
DEV01780,25ac2b922b2ae24c,macOS,Safari
DEV01781,e3787aca649e38b4,iOS,Safari
DEV01782,230255b2d4424fe1,iOS,App-WebView
DEV01783,2b2361905399a8c0,macOS,Chrome
DEV01784,d0bbd76ed1793e67,macOS,Edge
DEV01785,9d902b5ebf8417cd,Windows,Safari
DEV01786,c6aa5222ee797c4d,iOS,App-WebView
DEV01787,4c8ce0be28e0f241,Android,Chrome
DEV01788,112fe6337ef19dad,Windows,Firefox
DEV01789,5ed282a361bc2c80,Windows,Safari
DEV01790,3bef15dad51a4d7c,iOS,App-WebView
DEV01791,8ce1ccea8d50a49e,Android,Chrome
DEV01792,da8a655b85f3ec18,Windows,Edge
DEV01793,99ded79d343d9349,Android,App-WebView
DEV01794,fe470fb344422e7f,iOS,Chrome
DEV01795,e74c7d29b2f40131,Linux,Safari
DEV01796,fb8e9ff8819b4d33,macOS,Firefox
DEV01797,bb8ad88ec82da815,Windows,Firefox
DEV01798,692aadf495e68019,Android,App-WebView
DEV01799,0c44418e919f08c3,Windows,Safari
DEV01800,1389356843f5a93c,Linux,App-WebView
DEV01801,74ad447be7e71237,Android,Chrome
DEV01802,7a6f20274f68275e,macOS,Edge
DEV01803,3a3edd09748dea16,Android,Chrome
DEV01804,fa2e22e1c982e850,Linux,App-WebView
DEV01805,78238e0d39a40e2f,Android,App-WebView
DEV01806,9df6659d88ba80a2,Android,App-WebView
DEV01807,ddef1c7622264b13,Android,Safari
DEV01808,9e64699843dfd267,Android,Safari
DEV01809,6bf6c13acd2a06b2,Windows,Safari
DEV01810,c89c6239d4753ad8,Windows,Edge
DEV01811,02aa5a82296bc9b3,Linux,Edge
DEV01812,3707267a91cd6b9a,Android,Safari
DEV01813,eaa53ee5e5b7380d,Windows,Firefox
DEV01814,e13a2cf59130b7a6,iOS,Chrome
DEV01815,368ef98a5bc218fb,iOS,Edge
DEV01816,75b9a8a8e5b5c4c7,macOS,Chrome
DEV01817,776f6fb826cf0035,iOS,Edge
DEV01818,8ab07713e65ce6f0,Windows,Firefox
DEV01819,51fbc31bdf5f6d7e,Linux,Safari
DEV01820,7138d963af78e8a1,Android,Firefox
DEV01821,93641f32f5092c34,Windows,Edge
DEV01822,aa03d617bfbae836,Windows,Safari
DEV01823,aad92d9d1579cfd8,iOS,App-WebView
DEV01824,26f3e58a0055c53b,macOS,Safari
DEV01825,d6773baacb293857,iOS,Edge
DEV01826,0900851acdfcf2f2,macOS,Edge
DEV01827,ed0dd7cfbfd73beb,macOS,App-WebView
DEV01828,03e756085dce7e71,Windows,Chrome
DEV01829,4ef49632e9cf9dbb,macOS,Safari
DEV01830,868fd40d5eaded8e,Android,App-WebView
DEV01831,1e51422d91c7b1ce,Android,Chrome
DEV01832,8909c3fa9aa8e74c,Windows,Firefox
DEV01833,bd280f626eda5072,macOS,Safari
DEV01834,a299957ecf5c8926,macOS,Chrome
DEV01835,e1e5ac873dc248cb,macOS,Chrome
DEV01836,e05e0508e4df5fd6,iOS,App-WebView
DEV01837,9799480c685ac69e,Android,App-WebView
DEV01838,3230e3713c4e03c9,Windows,Edge
DEV01839,c7400834859499c5,macOS,App-WebView
DEV01840,5215eaf4bf4341b2,Windows,Firefox
DEV01841,4c961f1c24580736,Windows,Chrome
DEV01842,ebf55531477c47f3,Windows,App-WebView
DEV01843,d3da3c4281e21df6,Linux,Safari
DEV01844,118dac650e4df3b5,macOS,Edge
DEV01845,c84799ff5f32b70a,iOS,App-WebView
DEV01846,9e74c36b6dfa3c19,Linux,App-WebView
DEV01847,d7f31064f50c569b,macOS,Firefox
DEV01848,0ccfc4d1b6b8ac98,macOS,Safari
DEV01849,a68670582d6b20f9,Windows,Chrome
DEV01850,a79c774f2f772bac,Android,App-WebView
DEV01851,179ca82c73ff3563,Windows,Edge
DEV01852,9aa5120884c3347c,iOS,App-WebView
DEV01853,ce9c077d4d947732,Linux,Firefox
DEV01854,39e88da60b0bc847,iOS,Chrome
DEV01855,89a681ed3918fd27,Linux,App-WebView
DEV01856,12a4a1ec090d3d69,Windows,App-WebView
DEV01857,18d04a23e36f3460,Windows,Safari
DEV01858,fea48ea320eae96f,Android,Chrome
DEV01859,aa159561b9408602,Linux,App-WebView
DEV01860,caab25500f9f3904,Windows,Safari
DEV01861,9b59787a1835200e,Windows,Edge
DEV01862,835b179d7d299b7a,Linux,Chrome
DEV01863,0a8d1a0be8496e3b,Android,Firefox
DEV01864,858287c917cc43c9,Windows,App-WebView
DEV01865,4cc565943d77f85c,Windows,Chrome
DEV01866,9ba057440160a597,Android,Chrome
DEV01867,f7ed411d9a2f66d9,macOS,Firefox
DEV01868,a25faa4397d78983,Linux,Chrome
DEV01869,a83aee738ded1b6d,macOS,Firefox
DEV01870,ba6baaa33d6c1b0c,iOS,App-WebView
DEV01871,927488e2be467d16,Linux,App-WebView
DEV01872,86fb068334e5b5d6,Linux,Safari
DEV01873,db2ba1e76209ec31,Windows,Firefox
DEV01874,4c15f05286d8e7bc,Windows,App-WebView
DEV01875,d6fd74112c44975e,iOS,Edge
DEV01876,9248c812014e6877,Linux,Safari
DEV01877,8c2e232e51ae9197,Android,Firefox
DEV01878,c63916c3a82f4126,Linux,App-WebView
DEV01879,b444af8b78b5643d,iOS,Firefox
DEV01880,92077b6b6e5a2a1b,macOS,Chrome
DEV01881,b83f9ff214969b86,iOS,Edge
DEV01882,8a4da4a76a710de0,macOS,Chrome
DEV01883,0c598c1a776a6ce6,Android,Chrome
DEV01884,0282651168d67b04,macOS,Safari
DEV01885,d284d1b20b77f8b8,macOS,Safari
DEV01886,8bf8d42fbd4fa762,macOS,Chrome
DEV01887,b61d96e410c7e95b,Windows,App-WebView
DEV01888,9dd694d847d51f75,macOS,App-WebView
DEV01889,507f255c89d201d7,Linux,App-WebView
DEV01890,c6ae31e77f5206c1,macOS,Firefox
DEV01891,acc6c20d1c0748a3,Linux,Edge
DEV01892,f22e8ec85be6dc95,macOS,Edge
DEV01893,6b480fd4822402ff,macOS,Edge
DEV01894,958e46bd5871bd94,iOS,Safari
DEV01895,ffcdc90aeb5951bc,Linux,Safari
DEV01896,af0985190e398b04,macOS,Edge
DEV01897,8eb10abd02c37170,iOS,App-WebView
DEV01898,73b6a2b63032c5df,Linux,Chrome
DEV01899,076a14bef73c097e,iOS,Edge
DEV01900,9c090ce18f2c7651,macOS,Chrome
DEV01901,bdcc12234ae1b6eb,iOS,App-WebView
DEV01902,94265cd37c65e24e,Windows,Chrome
DEV01903,4c6d672f0e883688,Linux,Edge
DEV01904,6604d307eed59866,Android,Chrome
DEV01905,c5f94e50e93074c1,Windows,App-WebView
DEV01906,697675c31d55e706,Windows,Chrome
DEV01907,9b9837d22e15a36d,Linux,Safari
DEV01908,bb6b66c30eac4870,Android,Firefox
DEV01909,38beff997dae4c4b,Windows,Firefox
DEV01910,c626c39a20533d1e,Windows,Firefox
DEV01911,5c8045e51d8a456a,macOS,Chrome
DEV01912,d0f90335b0e59409,iOS,Safari
DEV01913,d396c8110a678a31,Linux,Edge
DEV01914,c0b07189fc6f3a11,Android,Firefox
DEV01915,4ee9ecbde647dd64,Windows,Safari
DEV01916,c8978c6abb29c3d1,iOS,Edge
DEV01917,1a186deab2ecd9f1,Android,Chrome
DEV01918,c242610964364e45,Linux,Firefox
DEV01919,786a4b956b78e227,Android,Chrome
DEV01920,c180d21dd4f21a28,macOS,Edge
DEV01921,582c49946da4fb7f,Linux,Firefox
DEV01922,b1ba8f2b500251f3,Linux,Edge
DEV01923,38d1303fe62e789b,Windows,Edge
DEV01924,6fe78684fb8e5862,macOS,App-WebView
DEV01925,37ecaef9264d84c3,iOS,Safari
DEV01926,a5790b94ecc896b7,Linux,Edge
DEV01927,41bb5b4e674b7d2d,macOS,Edge
DEV01928,c11eee16eb66cb26,iOS,Firefox
DEV01929,41ff71c1873b9ffd,Android,App-WebView
DEV01930,69577888c74f5feb,Linux,Edge
DEV01931,f7d2645fc937ca94,macOS,Safari
DEV01932,08d2572dede4e89f,macOS,Firefox
DEV01933,7161dcc84e34efe4,Linux,Chrome
DEV01934,7fa9a4101fe0b6c2,macOS,Firefox
DEV01935,24ac1cdd51a35138,Android,Safari
DEV01936,c09f7f0846663995,Android,App-WebView
DEV01937,d791d720d04d64c5,Windows,App-WebView
DEV01938,97818f4a2652fb4d,Android,App-WebView
DEV01939,7f53a8a82325fbc2,Android,Safari
DEV01940,266d2fdee04f0f3e,Linux,App-WebView
DEV01941,e6fd9f345925dd1b,Linux,Chrome
DEV01942,cd5988b66e4bb8ee,Linux,App-WebView
DEV01943,3dcec4e76d1b0829,iOS,Edge
DEV01944,de7a0623c7db0375,Linux,Chrome
DEV01945,b175a9480a2df873,Android,App-WebView
DEV01946,63c18b960062efa2,iOS,Chrome
DEV01947,ebf26c880d665e0a,Windows,Safari
DEV01948,daffb181afe2c90c,iOS,App-WebView
DEV01949,01b923d52f065e19,macOS,Chrome
DEV01950,0e737acda40b0717,Linux,App-WebView
DEV01951,64438d0952f21adf,Windows,Edge
DEV01952,9e8cb8f5f1e73a7a,Linux,Chrome
DEV01953,37c50956afcef895,macOS,Chrome
DEV01954,79a1385759187235,Windows,Edge
DEV01955,94d93c71a6fa6edf,iOS,Edge
DEV01956,b7f33e9f178d6d2c,Android,App-WebView
DEV01957,f73f9f45ec9b3389,Windows,Edge
DEV01958,0213a33d516aa095,Windows,Chrome
DEV01959,b22f107e073b427c,Android,Chrome
DEV01960,3eabff92b57bc775,Linux,Safari
DEV01961,69a530b950a35d9b,Windows,Safari
DEV01962,4bf3b14e7945b015,iOS,Firefox
DEV01963,84e80e783167a267,Android,Safari
DEV01964,d877d4e8ddad0c5d,Windows,Edge
DEV01965,d5691946fb1e991f,iOS,Chrome
DEV01966,b64ccb5cffb3f898,Linux,Firefox
DEV01967,16be49870cdafbe0,iOS,Chrome
DEV01968,30308e1cb3a1f7a3,Android,Firefox
DEV01969,b43b3d55563eef2d,macOS,Chrome
DEV01970,ff4a9c7be6de199c,Windows,Safari
DEV01971,cfc9b059dff2f9cc,macOS,Firefox
DEV01972,08f1ec1602172767,Windows,Edge
DEV01973,f8f599b79ed920c0,Android,Chrome
DEV01974,27763830890e693f,iOS,Safari
DEV01975,4b00dee11fd7be81,Linux,App-WebView
DEV01976,33f37d1f68852c9e,iOS,Edge
DEV01977,9e65c39a4c35dc12,Linux,App-WebView
DEV01978,ea56b7c503bbefb7,macOS,Chrome
DEV01979,dff84fc0e8161b5d,Windows,Chrome
DEV01980,4e4bba0418398e5f,Windows,Edge
DEV01981,4460a5ca791a38a8,Linux,Edge
DEV01982,d910146bbca48316,Android,Edge
DEV01983,6699e8d094546e12,Android,Edge
DEV01984,821cf24374a682f1,iOS,Chrome
DEV01985,ef4d3f0b29489802,Windows,App-WebView
DEV01986,35a78d90d2a82e7f,Linux,Chrome
DEV01987,308c39bd49f01e0d,iOS,App-WebView
DEV01988,ba6174303427fce4,iOS,Firefox
DEV01989,ba70bfcef5d9b494,Linux,Edge
DEV01990,32309e284b1ce398,macOS,Chrome
DEV01991,74c386c9f7e095e1,Linux,Safari
DEV01992,6eb4773f282b52d0,iOS,Firefox
DEV01993,32540142d7639c32,Linux,Safari
DEV01994,f250366336836465,iOS,App-WebView
DEV01995,01528620f9715912,macOS,App-WebView
DEV01996,36dc5aefaedd6eec,macOS,Chrome
DEV01997,2e0a46f3b9359482,Android,Edge
DEV01998,a2f18fa29d9041b0,Linux,Firefox
DEV01999,e9dd100c9867df62,iOS,Chrome
DEV02000,64e582a5992241ad,Android,Edge
DEV02001,efecc6101d407981,Windows,App-WebView
DEV02002,a7ec12e29d60eac7,Windows,Edge
DEV02003,649ed9a41ae49310,Windows,Safari
DEV02004,6556dba1903bcac7,Linux,App-WebView
DEV02005,7f15f46c9bc8e817,Windows,Chrome
DEV02006,18462a483067a884,iOS,App-WebView
DEV02007,3262e462dc22ec8a,Linux,Chrome
DEV02008,b8636f94fe11a8e7,Windows,Chrome
DEV02009,1ff084ceb5c38358,macOS,Chrome
DEV02010,8860395d1427dac2,iOS,App-WebView
DEV02011,cdafaf14ecd2d82e,Windows,Edge
DEV02012,034b792571004bf6,iOS,App-WebView
DEV02013,1747ac3ab2c9965d,Linux,Firefox
DEV02014,bb4db8a80ee129a8,Windows,Firefox
DEV02015,676257567f287fab,macOS,Firefox
DEV02016,c6884969571077c4,iOS,Firefox
DEV02017,823c63015a7d391b,Windows,Safari
DEV02018,987f830f7c583ee1,macOS,App-WebView
DEV02019,ea7b2b671a753f69,Windows,Chrome
DEV02020,a20ba730e78169f4,iOS,Chrome
DEV02021,746b2ec6d9edb2f3,Linux,Edge
DEV02022,9644c4d0903e4853,Android,Chrome
DEV02023,f701e62301357d82,iOS,Edge
DEV02024,a77e3e7b510b3114,Linux,Edge
DEV02025,c1771d1fbae41566,macOS,App-WebView
DEV02026,f671383c5c97f375,Android,Chrome
DEV02027,c13d2d8b80222858,Linux,Chrome
DEV02028,676039303eaca87b,macOS,Chrome
DEV02029,0c9e1082c2bacb45,Windows,Edge
DEV02030,58bd93a60e2d8c94,Linux,Firefox
DEV02031,a03ae50dd61ea025,macOS,Safari
DEV02032,7fda07b82d8498ab,Android,Chrome
DEV02033,cb3c2820293135bb,macOS,Firefox
DEV02034,154b011a72eec6d1,iOS,Edge
DEV02035,3799c07cb97f073f,Android,Safari
DEV02036,08530ae57ed37e0a,Android,Firefox
DEV02037,0e415dd12e4f99b4,Windows,Safari
DEV02038,006fc9d2a54f49e7,Android,App-WebView
DEV02039,1a009a8c637c5c73,Windows,Safari
DEV02040,fdee83fb0e027995,iOS,Edge
DEV02041,ff2e3f115902ab7d,Windows,Chrome
DEV02042,9489a956c4e8014f,Windows,Edge
DEV02043,4a332df4a36f9caf,Linux,Safari
DEV02044,ac7bdccf76c9b958,Android,Safari
DEV02045,a177a8f207d246c6,macOS,Chrome
DEV02046,2840b3ac3bbe87f2,Windows,App-WebView
DEV02047,e5c47753896d599f,Linux,Edge
DEV02048,24c730123f25ea0e,iOS,App-WebView
DEV02049,073a94f1d224ed52,iOS,App-WebView
DEV02050,df097a57acdd0a4c,Linux,App-WebView
DEV02051,7b5c40e96f6f0656,iOS,Chrome
DEV02052,2136375cc36e932f,Linux,Safari
DEV02053,6b895ad399577594,Android,Safari
DEV02054,e306d1d908c2b458,Windows,App-WebView
DEV02055,7974ec2fe04a9140,iOS,App-WebView
DEV02056,b040647d5273fd4a,Windows,Safari
DEV02057,422a56c31d981567,Android,App-WebView
DEV02058,4a42b8e6f12209cd,Linux,Firefox
DEV02059,a69032e31ed84309,Linux,Edge
DEV02060,6dec8e5c6c7df11f,Android,Edge
DEV02061,709bebd00fcf49e2,Android,Firefox
DEV02062,501eac1642932c7b,macOS,Edge
DEV02063,cb46a2c18d208229,Windows,Chrome
DEV02064,a5483026b19bf2d3,Linux,Edge
DEV02065,87369e1d32e5ffad,macOS,Firefox
DEV02066,657762c0de628ad2,Linux,Chrome
DEV02067,99b87e9d7ab73b8c,iOS,Chrome
DEV02068,264c3584d30c1bc4,Windows,Edge
DEV02069,060ff04301061784,Linux,Edge
DEV02070,1e2f622b4cf2f87f,Windows,Chrome
DEV02071,47036f39da0e918b,macOS,Safari
DEV02072,71400e11da2756a7,Windows,Chrome
DEV02073,11d88cd663a0317a,Linux,Chrome
DEV02074,9114c2fe6ff4f95a,iOS,Edge
DEV02075,a5ee2758814ee7fd,Android,Safari
DEV02076,b1c907a8892b40b3,iOS,Safari
DEV02077,01255a1be2f036d6,Windows,Firefox
DEV02078,f8ba5888e3666b27,Android,Chrome
DEV02079,02821a493b1f758f,Android,Edge
DEV02080,1d5e90e98dcfd90f,macOS,Chrome
DEV02081,73f9a1b2f5d93993,Linux,Firefox
DEV02082,0b2f69cd294808fb,Windows,Safari
DEV02083,cfff7896a01ae0c2,Android,Edge
DEV02084,118c76ac39a836e2,iOS,Firefox
DEV02085,11b1a3e0c84618a4,Android,Firefox
DEV02086,f4430b4d65680d12,Linux,Safari
DEV02087,86da99e889fd95d1,Android,App-WebView
DEV02088,4bfeb3bfd6867033,Linux,Edge
DEV02089,7037bddc5ced1c6c,Android,Edge
DEV02090,9449b312dfe66515,Linux,Chrome
DEV02091,39291fde967d84b5,Android,Chrome
DEV02092,cd00ad1c8d389906,Android,Edge
DEV02093,d1260bc4b12c6b42,Windows,Chrome
DEV02094,bdd03463af2f0778,iOS,Chrome
DEV02095,67339635e7862a42,macOS,Chrome
DEV02096,1501d892625b4dd5,Windows,App-WebView
DEV02097,510399545b3fa72a,macOS,Chrome
DEV02098,87d0bc46c6ac47d6,Android,Chrome
DEV02099,3b2ce33a89895aa8,Linux,Chrome
DEV02100,d3e222abe87ccc06,Windows,Edge
DEV02101,b9bb066b56cae76a,macOS,Chrome
DEV02102,81acc8449f8e8f11,Linux,Edge
DEV02103,6b5925ea863fec41,iOS,App-WebView
DEV02104,3cc24162d12e364d,Linux,Chrome
DEV02105,68ef3359b967b10d,macOS,Edge
DEV02106,1d9ac4f272ec4e2a,macOS,Edge
DEV02107,72e11074d834cd14,Linux,App-WebView
DEV02108,4835d19e047de6f0,Android,Firefox
DEV02109,9b9390590b67a77e,Android,Edge
DEV02110,f944fbccfcfd63fc,Linux,Firefox
DEV02111,f56e11b48a5250b3,Linux,Safari
DEV02112,6600dc5cc7eb8804,Android,Chrome
DEV02113,f4930bc40aeae450,Android,App-WebView
DEV02114,31d59badb094b305,Android,App-WebView
DEV02115,a86c61f1bf3a58e9,iOS,App-WebView
DEV02116,03e81ba2d45558d5,iOS,App-WebView
DEV02117,f769373014576800,Windows,Firefox
DEV02118,6fc5e7c5d5cd9a5d,macOS,Edge
DEV02119,d33116e63d2c3e2b,Linux,Edge
DEV02120,38fdb4dc4e07e3d5,iOS,Safari
DEV02121,7243f8ec483e7c78,iOS,Chrome
DEV02122,a3d0cd874921baf3,Android,Safari
DEV02123,2092e68e5633a104,Windows,App-WebView
DEV02124,42db5902284295bb,macOS,App-WebView
DEV02125,cb40ac164e3854fd,Windows,Firefox
DEV02126,8fc38651baff4060,Linux,App-WebView
DEV02127,c945775f6578a65a,iOS,Safari
DEV02128,30165317c35ef2be,macOS,Firefox
DEV02129,7f2f133d2dc0195e,Linux,Firefox
DEV02130,8e394a53f0a0c0d6,Windows,Firefox
DEV02131,6868955bbe98dfb7,Android,App-WebView
DEV02132,e4398a494cc43f3b,Linux,Safari
DEV02133,5317fc34ac9949a8,Android,Safari
DEV02134,75ba7e037514edb1,Linux,App-WebView
DEV02135,0b9d7916a0c5f703,Android,Edge
DEV02136,a820cc07d2db8059,Windows,Safari
DEV02137,d36fad2dde8ae806,iOS,Safari
DEV02138,ab780bda0ebdd465,Android,Firefox
DEV02139,573ecf477f1ef891,iOS,Edge
DEV02140,415dcf5100792587,macOS,App-WebView
DEV02141,f1d4215e84453ae3,Windows,App-WebView
DEV02142,c07715dc107e94ed,Linux,Firefox
DEV02143,2a616e0791587801,Linux,Firefox
DEV02144,9a038ab9bb7aa862,macOS,Firefox
DEV02145,5bfdf5ef70c1f3a7,iOS,Chrome
DEV02146,c9d583501e19c414,macOS,Chrome
DEV02147,6992b4c25546b7a2,macOS,Safari
DEV02148,5a773fb22d5046cd,Android,Safari
DEV02149,78dcca2118c3f7e7,iOS,Edge
DEV02150,1e86cf0525e23c03,Linux,Safari
DEV02151,df825f49e9285e2c,iOS,Edge
DEV02152,2531503b3b1e0c0a,Windows,Edge
DEV02153,969c9d5f4a80ac08,iOS,Edge
DEV02154,bdf53b11d2a0e38d,iOS,Chrome
DEV02155,d0c7bc59c168d937,Windows,Chrome
DEV02156,2ab52c57c57db614,Android,Firefox
DEV02157,082634693c4b4135,Android,App-WebView
DEV02158,6567f1f3c524975a,Android,Safari
DEV02159,7a77ccb9e86bbe35,Windows,Edge
DEV02160,b2580b1916dc1c01,iOS,App-WebView
DEV02161,39a0e489124df9c4,Windows,Chrome
DEV02162,9ef9f92ad352c7a0,Android,Safari
DEV02163,c4aa85228688af17,iOS,Firefox
DEV02164,a01d93b79d158bb8,iOS,Safari
DEV02165,1c2e4a46718eb3eb,Windows,Safari
DEV02166,b2a7ef6dddc82c67,Windows,App-WebView
DEV02167,22a2f9fb593ac4b4,iOS,Safari
DEV02168,9e10a4c07923df61,iOS,Chrome
DEV02169,07e1485443ae7b68,iOS,Firefox
DEV02170,506f029cd8b82971,Android,Chrome
DEV02171,9d1a34ba6ed417e9,iOS,Edge
DEV02172,992136dc8f9599e5,Android,Firefox
DEV02173,c84fe0a4734d4538,iOS,Firefox
DEV02174,c6d0dd78e662d700,macOS,Safari
DEV02175,8d0ebc53427c4d60,Windows,Firefox
DEV02176,290c80a0cf8eec97,iOS,App-WebView
DEV02177,1a1d52f914272d23,Linux,Edge
DEV02178,1a9637486fe08c3b,Android,Chrome
DEV02179,b62f497874231abc,iOS,Safari
DEV02180,e87bc848fbe3f8a6,iOS,Safari
DEV02181,5f56918e676390e7,Linux,Edge
DEV02182,b336e8ff58094807,Windows,Firefox
DEV02183,b1f8f99b88b78ffb,Linux,Edge
DEV02184,e59cccc8d4e50ea3,iOS,Chrome
DEV02185,f559d279bef92153,Linux,App-WebView
DEV02186,bf844a1f57e410b8,iOS,App-WebView
DEV02187,8a71276f7b0ec7e0,Windows,Safari
DEV02188,b28974160b9e4fa7,Windows,Safari
DEV02189,0c54a84011ad686b,Android,Firefox
DEV02190,85344bfc8378f6d1,iOS,App-WebView
DEV02191,6dd0630f6ca9c784,Linux,Edge
DEV02192,a359f26f3fd6175f,iOS,Chrome
DEV02193,8a3e716ba0b8a4d0,macOS,App-WebView
DEV02194,f179350535d0595c,Android,Safari
DEV02195,0817352f303233f5,Linux,Edge
DEV02196,543a5caf1945dd08,Linux,Firefox
DEV02197,44ee89f51ebdd1f4,macOS,App-WebView
DEV02198,6706c92a7e6da1b8,macOS,Safari
DEV02199,1629b5ffb2519727,Windows,Firefox
DEV02200,7068bd924a0afeb1,Linux,Edge
DEV02201,e461be2e6fd01715,macOS,Edge
DEV02202,ebc5a828c91834af,Windows,App-WebView
DEV02203,769cd673fe390eaf,macOS,App-WebView
DEV02204,20d9ae2c2d1b5ebf,Android,Safari
DEV02205,c597c2d6b17e1503,iOS,Safari
DEV02206,246c92ebba7a5adc,macOS,Safari
DEV02207,c50ca3b8b06cda6b,macOS,Safari
DEV02208,c3868f3c92398e0b,Windows,Edge
DEV02209,bdf7e574fdd927d8,macOS,App-WebView
DEV02210,b2bb2a0921c72adf,iOS,Firefox
DEV02211,f1618f4101fdaaa2,Windows,App-WebView
DEV02212,16a22ca9a68ea0e6,Android,Safari
DEV02213,486f27e902c1350c,Android,Firefox
DEV02214,ffa1abf557ff84f3,macOS,App-WebView
DEV02215,0f09e8502f524022,Windows,Safari
DEV02216,101c3d8bcd10ec16,Linux,Chrome
DEV02217,ff658d76e4ed812f,macOS,App-WebView
DEV02218,27e565bfec4303f9,Linux,Firefox
DEV02219,30c517e63b832f67,macOS,Edge
DEV02220,e7e25aea296013bd,macOS,Edge
DEV02221,6cd924e970517eef,macOS,Firefox
DEV02222,e30bcb5e48081024,macOS,Firefox
DEV02223,5478583cff28cc29,Windows,Edge
DEV02224,c3d376a8a8952f7e,Android,Safari
DEV02225,f3411ac0add4dc48,macOS,Safari
DEV02226,4321c40636ac9220,Windows,Chrome
DEV02227,7062d8ba50df8036,Windows,Chrome
DEV02228,7da7f51b1ac5a6ea,Windows,App-WebView
DEV02229,d972d0b018acc595,Linux,App-WebView
DEV02230,4df1e3691dbab022,Android,Firefox
DEV02231,88c69b5cd4c1c5d0,iOS,Chrome
DEV02232,d49bb9f40d4c4a65,Android,Chrome
DEV02233,42d9c240af157086,Windows,Chrome
DEV02234,466e0c2bc9cf8c2e,Linux,Safari
DEV02235,878b39dafe4059a7,Windows,Safari
DEV02236,704ec03402c396bb,Windows,Firefox
DEV02237,902b637bf748e580,Windows,Firefox
DEV02238,d6088d9449ea1014,iOS,App-WebView
DEV02239,6455325fd6e51101,iOS,App-WebView
DEV02240,2970cd21064fe36e,Windows,Chrome
DEV02241,58b8f70faa361a1d,Windows,Firefox
DEV02242,974fdf4ff3497856,Windows,Edge
DEV02243,425a6797d19357ae,macOS,App-WebView
DEV02244,bd0704d70ce2942e,Android,Edge
DEV02245,449cc3c573f7d938,Linux,Safari
DEV02246,e44f1c0f05d6a134,macOS,Safari
DEV02247,64bb3fefa4734cef,iOS,Safari
DEV02248,99768914ddbac22f,macOS,Safari
DEV02249,19ab64809eded2ec,Linux,App-WebView
DEV02250,4d21bed34820ae88,Linux,Edge
DEV02251,cc48dc9bcf23ea0e,macOS,Firefox
DEV02252,10a5ee9352278e17,Android,Firefox
DEV02253,6e370a91afef1a50,iOS,Edge
DEV02254,dfde6e863fce20a9,macOS,Safari
DEV02255,69e52aeac2ae9fae,macOS,Edge
DEV02256,243958a8b08e8ff3,Linux,Chrome
DEV02257,162db00a693ffd92,Windows,Safari
DEV02258,0eb795c1ad1fb24b,Linux,Safari
DEV02259,345b566f6ac3cbae,Windows,Chrome
DEV02260,588408026c4b0f56,macOS,Firefox
DEV02261,705b186b9f40504a,Windows,Safari
DEV02262,6525a1b034015f4f,macOS,Edge
DEV02263,b7d6b2dae57263cb,macOS,App-WebView
DEV02264,d8def2a31f3510c7,Windows,Firefox
DEV02265,7060ccd127681037,Linux,Chrome
DEV02266,5cd0b83b22cee0f5,Linux,Chrome
DEV02267,32e6b3bb1b9fb21e,iOS,Safari
DEV02268,e2e68ad5186e8d75,Windows,App-WebView
DEV02269,3aabe8fa7567dedf,Linux,App-WebView
DEV02270,ac274ceef228f506,Linux,Edge
DEV02271,12aa2a4733a4439b,macOS,Safari
DEV02272,7a383af9b7bb2e6d,macOS,Chrome
DEV02273,8ee3aa87fa262a47,Linux,Edge
DEV02274,80d762bef57b1382,iOS,Edge
DEV02275,3fbc95921c04ceb5,Android,Firefox
DEV02276,474b49400bb199fa,Linux,Edge
DEV02277,0cc9f9295ea37451,Windows,Chrome
DEV02278,208bb09c916340c7,iOS,Chrome
DEV02279,aaf633df5a7f22b5,Linux,Safari
DEV02280,c944859db20222fb,Android,App-WebView
DEV02281,f83d19d91335553d,macOS,Chrome
DEV02282,50c4642576146c38,iOS,Safari
DEV02283,c4f93a89194e1011,Android,Edge
DEV02284,170725ea699e1796,Windows,Safari
DEV02285,fa8a390314e50d13,iOS,Firefox
DEV02286,7c1550dda34bd908,Linux,Chrome
DEV02287,9732177d0fca5d9e,macOS,Chrome
DEV02288,b17f2e59349bc6e9,Windows,App-WebView
DEV02289,2d521de2529b4d86,Android,Safari
DEV02290,3fb3ee8937bc48b9,Windows,Edge
DEV02291,8243d913c2c60d33,macOS,Safari
DEV02292,b4e7909fcaab0093,Android,Safari
DEV02293,0e126e181eff1c52,Linux,Edge
DEV02294,59839ebbe2869dd0,macOS,Chrome
DEV02295,7998edc8321fe5ba,macOS,Safari
DEV02296,cb1b0b0b14819608,iOS,Safari
DEV02297,aaa4220f20bd7224,Windows,Edge
DEV02298,59df27fe9fa54cc0,macOS,Safari
DEV02299,c77a5e63ef83098b,Linux,App-WebView
DEV02300,540b403abd62c795,Windows,App-WebView
DEV02301,4c2357862b0ab60b,iOS,App-WebView
DEV02302,d9e63e6b8ed79ad3,macOS,Firefox
DEV02303,39dd0e96b4b626f9,iOS,Chrome
DEV02304,5457ae99b8dee22e,iOS,Edge
DEV02305,2f54f4a00858fef8,Android,Edge
DEV02306,a5b4e9d87cf15310,Linux,Safari
DEV02307,063964cc425a5cf5,Linux,Firefox
DEV02308,bfb5836d5aee9c88,Linux,Edge
DEV02309,b619fa9ce9346bb2,macOS,Edge
DEV02310,527f59bb7c08bf7a,Linux,Chrome
DEV02311,7d97f22901ac2121,Android,Firefox
DEV02312,bb6f59c2573c7102,macOS,Firefox
DEV02313,46126edffe238686,Windows,Edge
DEV02314,fe3ff2b910082550,Linux,Safari
DEV02315,779598e0d047300e,macOS,Safari
DEV02316,9ca390c786afe5da,iOS,App-WebView
DEV02317,9f5699b954cf1fae,macOS,Edge
DEV02318,3d6657fcff5e8745,macOS,Safari
DEV02319,acc9f87894ff682f,Linux,Chrome
DEV02320,309a38d707565695,macOS,Chrome
DEV02321,55fd6947cfa4e00a,iOS,Safari
DEV02322,1ec372b25a4a36f2,Windows,App-WebView
DEV02323,5cc6dd5ab16748c5,Windows,Chrome
DEV02324,a4e2ff4618442f0a,iOS,Edge
DEV02325,cd91d55c5cba0f74,macOS,App-WebView
DEV02326,67f75af4188df421,Android,Firefox
DEV02327,835ff48d94871b77,Android,Chrome
DEV02328,240066bfd886168d,Linux,Firefox
DEV02329,0ec2e01dd623666c,macOS,Edge
DEV02330,8d0d2457e07b2536,iOS,Firefox
DEV02331,686c6caa9d7a112a,iOS,App-WebView
DEV02332,fc7a5c6dbedf43f5,Android,Edge
DEV02333,846024db67a72c18,Android,Chrome
DEV02334,7d3991d3bbdcd0e8,macOS,Edge
DEV02335,1fd30de9114d93c9,Windows,Edge
DEV02336,b968406c125cfbbe,iOS,Edge
DEV02337,a684dcf3ef41fb8e,Android,Chrome
DEV02338,5f2e422077208f88,Windows,Chrome
DEV02339,e7d9f1eba1812697,iOS,Firefox
DEV02340,f0c55afbdfaf1192,macOS,Edge
DEV02341,5551af279999eb6e,macOS,Chrome
DEV02342,a3726af0d366b19c,Android,App-WebView
DEV02343,8dc4e4fb4d573ddc,iOS,Edge
DEV02344,2741b1f2b60758d7,iOS,Edge
DEV02345,d7dd5b4ee62f9e4d,Windows,Safari
DEV02346,d8742e46e84097f4,iOS,Chrome
DEV02347,e7b606c498f3c164,Linux,Chrome
DEV02348,538021dca3c7d268,iOS,Firefox
DEV02349,8b8ac832553680de,Android,App-WebView
DEV02350,a4940df52886986f,macOS,Safari
DEV02351,8d0423477f56832d,Android,Chrome
DEV02352,cd28275066c8df2d,Windows,Safari
DEV02353,43fd2e72816c9eb2,macOS,Firefox
DEV02354,c1c0d804dbf8afa2,iOS,Safari
DEV02355,83fdefd6c02b72ee,Android,App-WebView
DEV02356,ca5078a9a2315faa,iOS,Edge
DEV02357,80d19f38afb8e217,Android,App-WebView
DEV02358,39ec462a1183be2e,Android,Edge
DEV02359,f8dba8b2f66d62b3,Windows,Edge
DEV02360,f7794227454f577b,Android,App-WebView
DEV02361,c34ddcf6080f13ca,Android,Chrome
DEV02362,c33f9708c782b1c9,macOS,Safari
DEV02363,b27992da6f2aa687,iOS,Firefox
DEV02364,29e22ffb0618c330,iOS,Safari
DEV02365,1a99a00fbf27afdd,Android,Chrome
DEV02366,310f3ef3c4569a2e,macOS,Chrome
DEV02367,ca5b9f7142c39ae4,Android,Firefox
DEV02368,3707cf2a3db2a19d,iOS,Chrome
DEV02369,76b3937a346c99cd,iOS,Chrome
DEV02370,7ee5f0e575b46403,iOS,Safari
DEV02371,73c40baef6db75f4,Android,Edge
DEV02372,01edf4a1a53de526,Linux,Chrome
DEV02373,45570b2afbc68365,Windows,Firefox
DEV02374,863769fdfa06c5eb,Linux,Safari
DEV02375,968a521e0f180804,Linux,Safari
DEV02376,5b25d1f72dfef6a3,Linux,Edge
DEV02377,9441980556d2a695,macOS,Chrome
DEV02378,5022ba0b81389c27,iOS,Safari
DEV02379,c61c95c70ba1769b,Android,Firefox
DEV02380,2e7ab87d2b55b86c,Windows,Safari
DEV02381,0b16229162af82df,Android,Edge
DEV02382,07ccedb326636a6d,Windows,Chrome
DEV02383,179a563d3eb59682,macOS,Safari
DEV02384,7bb08bc39460001f,macOS,Safari
DEV02385,46fa9a904ff27ba4,Android,Firefox
DEV02386,d730b2795419ca9f,Linux,Firefox
DEV02387,c64b6434368ea794,Android,Chrome
DEV02388,a3cc6de105e5d3e6,iOS,Edge
DEV02389,532f1f3838096bd0,Windows,App-WebView
DEV02390,9a42171eda046549,macOS,Chrome
DEV02391,859276c88a3893ba,Linux,App-WebView
DEV02392,d2074ef135215a1e,iOS,Firefox
DEV02393,660e0fb7fb491b11,Android,App-WebView
DEV02394,9521f4f239d76a7d,Windows,Edge
DEV02395,441e3d222811b372,iOS,Firefox
DEV02396,c3e83e08e61374e7,iOS,Firefox
DEV02397,03b6c4bf4b873448,macOS,Chrome
DEV02398,6f1574e0034652b8,Windows,Chrome
DEV02399,c80cc7ce215be0c0,Linux,App-WebView
DEV02400,9820d50ef4f41903,macOS,Edge
DEV02401,400ef73783251f49,Linux,Safari
DEV02402,9ba6bf5a2cce993f,Linux,App-WebView
DEV02403,4e28520d860c8fd5,Android,Safari
DEV02404,7a52310ba724f1f3,Android,App-WebView
DEV02405,ae70983fa4e09315,Android,Firefox
DEV02406,cefc909ba1013dc7,iOS,Edge
DEV02407,0ae00c7ef181c513,iOS,App-WebView
DEV02408,1f46f566bd0effd3,Android,Chrome
DEV02409,1b7fc409b7a82c98,iOS,Firefox
DEV02410,a6c42eb368d8891c,macOS,Firefox
DEV02411,8c23d7781e42a745,iOS,Safari
DEV02412,988a32ae10bc3589,macOS,Safari
DEV02413,49371b110b267551,Android,Safari
DEV02414,5fd6b7a56c89d571,Linux,Edge
DEV02415,eba38260750daa0b,Windows,Safari
DEV02416,c69b7677e97e786d,Windows,Firefox
DEV02417,6054be8bb52da22d,Android,App-WebView
DEV02418,711eabcaca98165e,macOS,Firefox
DEV02419,85300d8bfc2f8317,Android,Safari
DEV02420,06f789d28ff7ef32,Windows,Firefox
DEV02421,7239f0aef036cb1e,iOS,Safari
DEV02422,d9f857ff58020223,Linux,Chrome
DEV02423,9c013902fd54c271,iOS,Safari
DEV02424,01166c4858a823da,Linux,Edge
DEV02425,3f7c4a5bd3719f10,Linux,Firefox
DEV02426,b8f4b4fb0f0ac218,iOS,Edge
DEV02427,3aba1df9dd6c1103,Android,Chrome
DEV02428,d9e59cfc2858ae9c,macOS,Chrome
DEV02429,516d68c74ad0269e,iOS,Chrome
DEV02430,2f7241464422237a,iOS,Safari
DEV02431,16edd42c28c8b176,iOS,Chrome
DEV02432,af5523d7f6e9f3af,iOS,App-WebView
DEV02433,3a80fa0d2a3a558e,Linux,Safari
DEV02434,ac32e98a38e9bd29,iOS,App-WebView
DEV02435,e81c76a888b81c43,Android,Edge
DEV02436,8c591942d6fe0488,macOS,Firefox
DEV02437,96f1008a1cdd8c54,iOS,Safari
DEV02438,57c2e87c39a4ce45,iOS,Edge
DEV02439,1e76e8d76711a455,iOS,App-WebView
DEV02440,02c4b94c1d3845de,iOS,Firefox
DEV02441,03b62231d9f9f8bd,Windows,App-WebView
DEV02442,54e5c7fb6f2cd09e,macOS,Safari
DEV02443,ed2fddefc1b9a728,Windows,Edge
DEV02444,75fe31bd5fc3c36c,Android,Firefox
DEV02445,dd5fab1bbe45250a,macOS,Edge
DEV02446,79fbb0f4d835979d,iOS,Edge
DEV02447,17f04c38762a6737,macOS,Edge
DEV02448,d8e3d99c10e52a80,Linux,App-WebView
DEV02449,3299100b777f07a8,macOS,Safari
DEV02450,909dfa9c94378f89,macOS,Chrome
DEV02451,23e780a6a186d5bc,macOS,Edge
DEV02452,1dd792e4f17e73ec,Android,Firefox
DEV02453,f68fffae59b0e8ac,Linux,App-WebView
DEV02454,512aefec143f1292,iOS,App-WebView
DEV02455,d81efcf263e7e62f,iOS,Firefox
DEV02456,502f60a738baa338,macOS,Edge
DEV02457,1e293e1850cea81b,Windows,Edge
DEV02458,67c230fc5663f35f,Windows,Edge
DEV02459,ee57e40dfbb03724,Linux,App-WebView
DEV02460,9a1d0d76840d7a53,macOS,Chrome
DEV02461,f49d5c750f57e6fe,Windows,Safari
DEV02462,16d76de6fa531dca,macOS,Safari
DEV02463,3d631ae910a238d0,iOS,Safari
DEV02464,748557cdd863b3a0,Android,Chrome
DEV02465,001bf181258b3da2,Linux,Firefox
DEV02466,4e2c972a3b9c485c,macOS,Edge
DEV02467,b338dc845334d456,macOS,Edge
DEV02468,8f8634745f494f14,Windows,Edge
DEV02469,95473e8807c43bcc,macOS,Firefox
DEV02470,f01f6d8bd237efde,Linux,Chrome
DEV02471,cba137cefbee9cba,macOS,Chrome
DEV02472,a29ea38a257fa2a2,Android,Edge
DEV02473,f3ee7fd5952aaab9,Linux,Safari
DEV02474,e212fef30e3277de,iOS,Edge
DEV02475,44906afacb59da18,Windows,Firefox
DEV02476,1bacfbd42fd411b7,Linux,Edge
DEV02477,272d9f3b6d2000a3,Windows,Chrome
DEV02478,6e3fe1f9fd729512,macOS,Edge
DEV02479,d7e3fa83e9998a25,iOS,Safari
DEV02480,45e0cce57766e2a5,macOS,Chrome
DEV02481,3205d213e26e17ce,Windows,Chrome
DEV02482,bbe31b9da5601d4c,iOS,Firefox
DEV02483,79849c80e46a4e6d,Linux,Edge
DEV02484,ee3780227883a5df,iOS,Firefox
DEV02485,d786621fd442d855,iOS,App-WebView
DEV02486,c4ef3b499327eb1b,Linux,Safari
DEV02487,74a7698dfcfbcde2,Android,Chrome
DEV02488,7aeed5cd2a11698b,Android,Edge
DEV02489,71acbdd2b7505ea6,macOS,App-WebView
DEV02490,198778d0c2b24ef4,Android,App-WebView
DEV02491,8c0569f8400f8164,iOS,Edge
DEV02492,6ed287fc3c1aacdd,iOS,Edge
DEV02493,536fd5cfd9e5ce31,Windows,Firefox
DEV02494,2f8d6716f06bc674,Linux,App-WebView
DEV02495,ad8b9eac5c892830,macOS,App-WebView
DEV02496,4eeb186d23fcfeb2,Windows,Edge
DEV02497,97065a539f0b4f7a,Android,Chrome
DEV02498,a2c6aeb7089fe6c5,Linux,Firefox
DEV02499,39c0dbdba3534809,iOS,Firefox
DEV02500,aaf3faaad5de4ff2,iOS,Edge
DEV02501,49d7582b4b8ea996,Windows,Chrome
DEV02502,19653abf13a3967a,iOS,Edge
DEV02503,b096291dbbc4ac2a,Android,Chrome
DEV02504,85a8588630d17c03,Android,Edge
DEV02505,ff25f324eadff33c,Linux,Edge
DEV02506,02c2c579c6721222,Windows,Edge
DEV02507,859c3cd5a32594a5,iOS,Safari
DEV02508,d79428972fec28d7,Windows,Safari
DEV02509,a2857410e3346da6,iOS,Safari
DEV02510,959d9d1235a9d746,macOS,Safari
DEV02511,ebfe3a4460ce5609,Linux,Chrome
DEV02512,8bab810e9b204b88,macOS,App-WebView
DEV02513,404aafdf9388184d,iOS,Safari
DEV02514,0bc5a49f74962404,iOS,Chrome
DEV02515,45065c81def9f607,iOS,Safari
DEV02516,d512a8067f317a89,Windows,Edge
DEV02517,505d1e1436e2f059,macOS,App-WebView
DEV02518,df6e2256d6f4d91e,Android,Safari
DEV02519,d574bc828e3ae226,Android,Firefox
DEV02520,84415594034099a2,Android,Edge
DEV02521,a679a2c24cd5545d,Android,Firefox
DEV02522,5703b65308872e3b,Android,Firefox
DEV02523,780f35917cf14781,Android,App-WebView
DEV02524,1eddafc82a531492,iOS,Edge
DEV02525,d4c1c988117b8223,macOS,Chrome
DEV02526,a55daab804b94f2f,Android,Chrome
DEV02527,a2ee4c8ff3bfc5b8,Windows,Chrome
DEV02528,b23af24ac3530855,Linux,Chrome
DEV02529,d2d2615788f45ea2,Android,Safari
DEV02530,8c24e7babf9be53c,Linux,Chrome
DEV02531,750852d07ceca2a5,macOS,App-WebView
DEV02532,badec654f2f9ad22,Linux,Firefox
DEV02533,066b9914c93db857,macOS,Edge
DEV02534,9b9cdde86e840ab6,Windows,App-WebView
DEV02535,8217aa2a5fe3eaf6,macOS,Firefox
DEV02536,6aa81b8ef5ea9f65,Windows,Firefox
DEV02537,cd9c76cf80bd62c4,Windows,Safari
DEV02538,fce34877ad34cb3c,Windows,Edge
DEV02539,763cd9c1e1995173,macOS,App-WebView
DEV02540,43765a08491c8799,Android,Firefox
DEV02541,3692659bc9a9421e,Windows,Chrome
DEV02542,00f8d649ab3999ca,Android,Edge
DEV02543,95a251f1919382cd,macOS,Safari
DEV02544,89a37c64991f023a,Android,App-WebView
DEV02545,f6613cdccc15048c,Android,App-WebView
DEV02546,e490022753dedf90,Windows,Safari
DEV02547,c22be5242915a33b,Windows,Edge
DEV02548,089f26132eb992bd,Linux,Edge
DEV02549,2831503058ad4584,Linux,Edge
DEV02550,4789c9cd22b0299a,iOS,Chrome
DEV02551,f8ebe44ad763ccf9,Windows,Chrome
DEV02552,e77d26335952b71d,Windows,Chrome
DEV02553,55bd930e65fff092,Windows,Edge
DEV02554,76d452d5110649df,iOS,App-WebView
DEV02555,d7917f21e9b33986,macOS,Edge
DEV02556,4c2824b8408e8f69,Linux,Chrome
DEV02557,d3038650826d6dd3,Windows,Edge
DEV02558,261433df28098444,macOS,Chrome
DEV02559,bb2a0ca6c2729b5b,macOS,Firefox
DEV02560,c9c735d4d840369d,Linux,Safari
DEV02561,8ad6abab27df2bf8,iOS,App-WebView
DEV02562,ae0838731ad169db,Linux,App-WebView
DEV02563,7490f3f3d3aa984b,Android,Safari
DEV02564,f9515ccdc2e663aa,macOS,Chrome
DEV02565,b268e5a591fc2f12,Windows,App-WebView
DEV02566,d9a79333520fc662,macOS,Safari
DEV02567,02788c7b57624d48,macOS,Chrome
DEV02568,2507e7fb90e13340,macOS,App-WebView
DEV02569,0889c8ccecc45599,iOS,Safari
DEV02570,c584f9970d88304f,iOS,Safari
DEV02571,8db118d3c38cc667,Android,Chrome
DEV02572,e018f3b7a303db81,macOS,Chrome
DEV02573,41292462c73ac47e,iOS,Firefox
DEV02574,0ba805d64a558a59,macOS,Firefox
DEV02575,c1aa3258a2f99d47,iOS,Firefox
DEV02576,b4da18c6ec8c055f,macOS,Chrome
DEV02577,300cf52304b709f3,iOS,App-WebView
DEV02578,51dbe7d67773635d,macOS,Chrome
DEV02579,946ccecfe279383a,Windows,Safari
DEV02580,b05fb244a753d407,Linux,App-WebView
DEV02581,13e6ce18d6a9df8b,Android,Firefox
DEV02582,7cb73428bdc6eeaa,macOS,Edge
DEV02583,92214f3f9cefbea4,Linux,Edge
DEV02584,2700217a076f7d09,iOS,Safari
DEV02585,bacdc8d71c3f859f,Windows,Chrome
DEV02586,4fe040c89eae0e59,Windows,Chrome
DEV02587,94188e4441a1d8b9,Android,Chrome
DEV02588,e1bc879a3378b3e2,Windows,App-WebView
DEV02589,c144c60e0fc6b071,iOS,Chrome
DEV02590,68a1f09493afc686,Linux,Firefox
DEV02591,30b1921db63ec48c,iOS,Firefox
DEV02592,04c1cb246129fba4,macOS,App-WebView
DEV02593,54c91b8f410f9246,Android,Firefox
DEV02594,59990a77d0958fed,Android,App-WebView
DEV02595,03bbb1b14e8a151b,Linux,Safari
DEV02596,7df90a9b24bbc844,macOS,Edge
DEV02597,c0186e24e980e1cf,Windows,Firefox
DEV02598,7d736de5bb6d7827,iOS,App-WebView
DEV02599,cb6346e13a2aa376,Linux,App-WebView
DEV02600,747cce3a34cec514,iOS,Chrome
DEV02601,6fc8125100975442,macOS,Chrome
DEV02602,670c6df16307d2ea,Linux,Edge
DEV02603,feec26e27b71e925,Windows,Safari
DEV02604,371fc91bd9e81b56,Windows,Safari
DEV02605,1e040c7a76dde366,macOS,Edge
DEV02606,006407593e4f106c,iOS,App-WebView
DEV02607,9c3f86c435803c78,Windows,Safari
DEV02608,b579b524343a7375,Android,App-WebView
DEV02609,d49b143b8c4b7026,Windows,Firefox
DEV02610,3f6e09e466860785,Linux,Chrome
DEV02611,4f9b1e9d7e011d7f,Windows,App-WebView
DEV02612,ab7fff644213d825,macOS,Safari
DEV02613,8fe6538e9717d6d2,macOS,Firefox
DEV02614,97d6f8ad7ab487c2,macOS,Chrome
DEV02615,60e22f069863e089,Windows,Safari
DEV02616,0eb06361c1afe67c,iOS,Safari
DEV02617,240db679ac48990a,Android,Safari
DEV02618,19c57f2b9a2d9cb2,macOS,Edge
DEV02619,f8d404e4e8752adc,Windows,Safari
DEV02620,0b931efac6c41838,Android,App-WebView
DEV02621,511f7c1fb2c1f5a8,macOS,Firefox
DEV02622,e337b2c99c57f7ce,macOS,Edge
DEV02623,b7c89909fe254c58,Windows,Edge
DEV02624,837fb7764212c438,macOS,Chrome
DEV02625,845365dd1ad793a2,Linux,Firefox
DEV02626,453938c32dc43281,Windows,Safari
DEV02627,15ec42cef327b1cc,Linux,Edge
DEV02628,a14a6b42329db74a,Android,Safari
DEV02629,fca9bf954b658971,Windows,App-WebView
DEV02630,a76aeb264d73ec52,Android,Firefox
DEV02631,8b5a71d79e931635,macOS,Safari
DEV02632,710b9225ae417b92,Linux,Safari
DEV02633,11aef57e5ffe52ee,macOS,Edge
DEV02634,0aab4dd79f69ede8,Windows,Safari
DEV02635,af379ff97d44f794,iOS,Safari
DEV02636,a6c0efd9ceec868f,iOS,Chrome
DEV02637,7b5f7c107ef78502,Windows,App-WebView
DEV02638,8b5f3d12bfab07dd,Android,Safari
DEV02639,11b33579bcd41c38,macOS,Edge
DEV02640,c06fc456737afe41,iOS,Chrome
DEV02641,15dd836d97f426ce,Android,Firefox
DEV02642,456220913f4ee6ad,macOS,Safari
DEV02643,59a9681d34c8edd0,Android,Chrome
DEV02644,30a29f35abca7163,Linux,Firefox
DEV02645,c894e001d5901189,Linux,Edge
DEV02646,14893e0a0ad2d111,iOS,Edge
DEV02647,0f0b16a285280037,iOS,Chrome
DEV02648,c29d8c446befc61b,Android,Safari
DEV02649,f9af74497cfd9119,macOS,Edge
DEV02650,92164e388defa69f,Windows,App-WebView
DEV02651,c889b414daefcb3d,iOS,Edge
DEV02652,b70d49dbe68232ee,Android,Edge
DEV02653,a3ddd6fbd2f74db7,macOS,Firefox
DEV02654,8201a0bed797788a,macOS,Firefox
DEV02655,5a608911109e65c5,Android,Chrome
DEV02656,311cd4c28bc17e4c,Android,Chrome
DEV02657,a667914dc25acc73,Android,Edge
DEV02658,e49c9a6cf37f5629,Linux,Safari
DEV02659,3da64d3dd8cdc484,Android,App-WebView
DEV02660,99fb5811e73687e9,Linux,App-WebView
DEV02661,bd48ee664d21ed6e,macOS,Firefox
DEV02662,accf9295172c26f0,Android,App-WebView
DEV02663,4b1769f2fe1c8cb9,iOS,Edge
DEV02664,ee507b061f27df61,macOS,Edge
DEV02665,b50ecc68008e2425,Windows,App-WebView
DEV02666,c98d63cb3d5bb1cf,iOS,Chrome
DEV02667,ab11391f2ad6bf9d,Windows,Chrome
DEV02668,a009516060b715d8,Linux,Safari
DEV02669,f96e61a32644ba2a,macOS,Chrome
DEV02670,823e40f2063c4b3d,macOS,App-WebView
DEV02671,a81a2f4d7784f21c,Linux,App-WebView
DEV02672,8edffaff9f98d8e5,macOS,Chrome
DEV02673,31ada6a158c66943,Linux,App-WebView
DEV02674,a95f63a197c7316a,Linux,Chrome
DEV02675,f2b5984092a221e4,iOS,Chrome
DEV02676,4376f7d94094a53b,iOS,App-WebView
DEV02677,c25355ef23302833,iOS,Chrome
DEV02678,ab6af5cdd8380183,Linux,Edge
DEV02679,1522b1c485a5d4cd,Windows,Chrome
DEV02680,aebf27a04a0ad8bd,Android,Safari
DEV02681,2cbb1a384fefe822,Linux,Safari
DEV02682,dcd60be83919bcc7,iOS,Chrome
DEV02683,f27b8159694eb848,Linux,Firefox
DEV02684,8cf0fc436bda3fc3,Android,Chrome
DEV02685,3204d9bdb672bae7,Android,App-WebView
DEV02686,7b5712beff7e316f,Windows,Firefox
DEV02687,5f177f7b7c6af767,Linux,Safari
DEV02688,73dc5603ab2acc2e,macOS,Chrome
DEV02689,b9d540c9dc6bf1b8,iOS,Firefox
DEV02690,452d2c011df909e0,Android,App-WebView
DEV02691,879ac493192ca1d5,Windows,App-WebView
DEV02692,144ff76f58a816cf,macOS,Safari
DEV02693,2e86097eee26529f,Linux,Edge
DEV02694,7c0b7da9b76fbfa8,Windows,App-WebView
DEV02695,a6f4e7e35e3346cf,Windows,App-WebView
DEV02696,742086b3be0245b4,Linux,App-WebView
DEV02697,d0c3dd2c136b9558,iOS,Chrome
DEV02698,cc6ecbc6cd1c8403,Android,Safari
DEV02699,b776a65685eaf6d0,Android,Safari
DEV02700,48662a3bb9ba62d0,iOS,Firefox
DEV02701,867bb3e5dc3a081d,iOS,Safari
DEV02702,d1535c7e70f6656d,Linux,App-WebView
DEV02703,e140bdf7d454b3b4,iOS,App-WebView
DEV02704,5ace033312b02029,Windows,Firefox
DEV02705,51036e0e656e3be9,iOS,App-WebView
DEV02706,2e04c95b35316871,macOS,Chrome
DEV02707,f725252799baa571,Linux,Firefox
DEV02708,307bd1f8a85e51ac,Windows,Edge
DEV02709,29f9360755d00736,iOS,Edge
DEV02710,c560d1fc47142667,macOS,Chrome
DEV02711,f2f6ad951a7cbaf7,Windows,Edge
DEV02712,dc08c03775d1f657,iOS,App-WebView
DEV02713,e35493c883130937,iOS,Chrome
DEV02714,2024383ba84c4e55,Windows,Safari
DEV02715,b0a43dae1ba901d2,Windows,App-WebView
DEV02716,ea1756b1d5eb299d,Linux,App-WebView
DEV02717,98fc186cbf95d1b3,iOS,Edge
DEV02718,f67a956825d7b0f0,iOS,Firefox
DEV02719,8c7f1c1c39f2b35c,macOS,Edge
DEV02720,c8f769938138120e,Android,App-WebView
DEV02721,c23dfb841576f268,iOS,Chrome
DEV02722,9a01bacc46e8e1cd,Windows,Chrome
DEV02723,0eab802951cb3952,Linux,Chrome
DEV02724,626ebdeb58699936,Linux,Edge
DEV02725,2d4b45bd10e0db21,Android,Firefox
DEV02726,dc96c26a4dc00808,Android,Firefox
DEV02727,6335814526745628,Windows,Firefox
DEV02728,7a162d71f1135e4b,iOS,Safari
DEV02729,4929157246829ef1,Windows,Chrome
DEV02730,8a890e4a85ac2d64,Android,Edge
DEV02731,e7355bbe0858246f,iOS,Edge
DEV02732,d0ddedd16dc080b7,Android,Chrome
DEV02733,91a45c0634dbfcf1,iOS,App-WebView
DEV02734,97a260bad91d1b2b,Windows,App-WebView
DEV02735,d147cc3df1d7c192,macOS,Chrome
DEV02736,113db1537361b627,Linux,Firefox
DEV02737,83c5a2de9f08a257,Linux,Firefox
DEV02738,9d1cc7fc7f10f1de,Linux,Firefox
DEV02739,2ad59342948c5b53,Linux,Chrome
DEV02740,96d8274d4dae6253,Android,Safari
DEV02741,92b0e778844f7d97,Windows,Edge
DEV02742,8cc79b3917aedc76,iOS,Firefox
DEV02743,7639d7673d25d328,Linux,App-WebView
DEV02744,faeb7c3e3fa9d4b5,Linux,Edge
DEV02745,6495ec045dc504a9,macOS,App-WebView
DEV02746,14147864e99c8876,iOS,Firefox
DEV02747,e45599f757fb535b,Android,App-WebView
DEV02748,95d5a631273063f9,iOS,Safari
DEV02749,0693814c80e7235c,iOS,Edge
DEV02750,3bfce6704e4977b8,Linux,Firefox
DEV02751,a3c54f66e4347384,Android,Firefox
DEV02752,b4aeb4a6e7a64531,iOS,App-WebView
DEV02753,ef2020ff56f635c3,macOS,Edge
DEV02754,3ae779ccbff9aea9,iOS,Edge
DEV02755,25f8387f184ac874,Windows,Edge
DEV02756,cd250ed2acaa3038,Linux,Firefox
DEV02757,fab34718dfcf4386,Windows,Edge
DEV02758,67c7ed2e4712a435,Linux,Safari
DEV02759,7f9516a548de4420,Windows,Chrome
DEV02760,32047f4da5f8039e,Windows,Edge
DEV02761,39bad87ab0849694,Windows,Chrome
DEV02762,d77acb4874b10ca3,Android,Chrome
DEV02763,7b97c118e2f2fcb3,iOS,Chrome
DEV02764,616daa8aa69afc8d,iOS,App-WebView
DEV02765,047cbd2e2f6f30b1,Android,Chrome
DEV02766,378f76617fd1cb2b,Windows,App-WebView
DEV02767,1cc947b658ad0ac1,macOS,Chrome
DEV02768,733c33bb92642c9b,macOS,App-WebView
DEV02769,66ab498b974d9e6e,iOS,Edge
DEV02770,a825330b234970bb,macOS,App-WebView
DEV02771,8b77dc341aeb8633,Linux,Chrome
DEV02772,0ba70fbd5168bc5a,macOS,Chrome
DEV02773,6b8dc562b6b7283c,Linux,Safari
DEV02774,1fc9f2de27bac44a,Android,Edge
DEV02775,8435c8afb02e28e6,Linux,Firefox
DEV02776,53a8298bc0ed0864,iOS,App-WebView
DEV02777,6fd59101fe55ab7f,Linux,Chrome
DEV02778,e673636ec39ed43f,Linux,Edge
DEV02779,7aa003be4ed809ad,iOS,App-WebView
DEV02780,88f0d41b04bb40d5,iOS,Safari
DEV02781,f7c1938c61e1ca2d,Android,Firefox
DEV02782,ec57abc363a33ab7,iOS,App-WebView
DEV02783,77c3fa37f7666dee,Windows,Chrome
DEV02784,27e5134e7b9b1bb4,macOS,Edge
DEV02785,b347c8cd2689d3d9,macOS,Safari
DEV02786,eadc6b2e31dc15ee,Windows,Chrome
DEV02787,dd128c18ea5950b6,Windows,Safari
DEV02788,88045af8b0954262,Linux,Chrome
DEV02789,eb3d70daa0b5800b,Windows,Firefox
DEV02790,5ea311566b0ae804,macOS,Firefox
DEV02791,2d562ec7a5ea1582,Windows,Safari
DEV02792,e7e0e540c4b6d19e,Android,App-WebView
DEV02793,398253329539abb3,macOS,Safari
DEV02794,5f484b43c13e2fca,Windows,App-WebView
DEV02795,603d0f9ba9f78828,Android,Edge
DEV02796,d6e7c474b67ccf9f,Linux,Edge
DEV02797,0dd1cf2a66b48e8c,Android,Firefox
DEV02798,a22e81a6fe59e85e,Android,App-WebView
DEV02799,abdf1cd900bc8e9e,macOS,Firefox
DEV02800,0d66239236ba9eef,Windows,Firefox
DEV02801,c59cab49d885187b,Android,Chrome
DEV02802,6ba22664fbd320c0,Windows,Safari
DEV02803,3fb407a8d3bcdeb6,macOS,Firefox
DEV02804,7a3cf4d1d65c9ec8,Android,Chrome
DEV02805,9f481eb28f9eb6a5,macOS,Edge
DEV02806,7650c16b141262ff,iOS,Chrome
DEV02807,6cbeba78cf8feb96,Linux,App-WebView
DEV02808,2dd081c15475069b,iOS,Edge
DEV02809,96a883206f047974,Android,Edge
DEV02810,591ca0e66a7db09a,Android,Safari
DEV02811,48ef42dbafba0621,Windows,Safari
DEV02812,bfbedf53aee0f38f,macOS,Edge
DEV02813,cd5e20aebfb6f9a5,Windows,Firefox
DEV02814,fe42bb01cec383ea,Windows,Edge
DEV02815,42b2b2f907d44e3e,iOS,App-WebView
DEV02816,ef13e03a37eafdde,Windows,Chrome
DEV02817,69e28ff284a083be,macOS,Edge
DEV02818,1a7b458cc774d308,iOS,Safari
DEV02819,a09019cb192f178d,Windows,Edge
DEV02820,48ca0b5eb5961647,Android,Firefox
DEV02821,c9b9f8b29a505a65,iOS,Chrome
DEV02822,e607bd6f9042cce8,iOS,Firefox
DEV02823,26fbaf4fa564751b,Android,Safari
DEV02824,7355c7142a76641c,macOS,Edge
DEV02825,61f4f52ad863e3db,Windows,Chrome
DEV02826,ee96981847438a40,iOS,Safari
DEV02827,bdc68906530df83b,macOS,Firefox
DEV02828,b4b62ceda0e9cbae,Android,Edge
DEV02829,0f5a662e62c0f4b4,macOS,App-WebView
DEV02830,d28042eff000adf7,macOS,Safari
DEV02831,49ecda6cff5e652b,Windows,Edge
DEV02832,515f5453090bcdb6,Linux,Edge
DEV02833,3ca1764f9d08c900,iOS,Chrome
DEV02834,c99350dbc506a715,Android,Chrome
DEV02835,450737253f1498a6,iOS,Safari
DEV02836,798e88112ab05b15,Windows,App-WebView
DEV02837,03f55a01a42da045,Android,Safari
DEV02838,a471a1f14a38bd45,Android,Firefox
DEV02839,2630902701c9f7e3,macOS,App-WebView
DEV02840,b43e9df6915ee07c,Android,Edge
DEV02841,7a59652c24f4efce,macOS,Firefox
DEV02842,19e9a7c8f2001d3b,Windows,Edge
DEV02843,e1333023ab131fb7,Android,Edge
DEV02844,c1a15f66ddb904d7,iOS,App-WebView
DEV02845,3a9bc8b446f6c19a,iOS,App-WebView
DEV02846,0c74d282d1318a4c,iOS,Safari
DEV02847,8b17f447bcd195db,Windows,Chrome
DEV02848,eaa9fd564f053b12,Windows,Safari
DEV02849,d274a904e3d1ac9b,macOS,Safari
DEV02850,80fc2f6cc3243fd3,macOS,Chrome
DEV02851,8693f539010d3578,Linux,App-WebView
DEV02852,2218ffa2584ae3f4,iOS,Safari
DEV02853,cb9b61af5abd6eb9,Linux,Safari
DEV02854,e32620292c2e1081,iOS,Chrome
DEV02855,60e69442846a8b04,iOS,Edge
DEV02856,3cc6c529da875364,Android,Firefox
DEV02857,32ffeedae4e20aaa,iOS,Safari
DEV02858,5db0edb6660bf3d4,macOS,Chrome
DEV02859,271956b961d4d1b8,Linux,Safari
DEV02860,0a4aaa04ed579bb8,Android,Chrome
DEV02861,9b02331280154289,macOS,Edge
DEV02862,6af2bdc03bc9f8fb,Linux,Firefox
DEV02863,b69f151e0dbca740,iOS,Safari
DEV02864,1373490bfc668862,Windows,Edge
DEV02865,9e219f04516180f7,macOS,Chrome
DEV02866,506622b1065aa25a,Linux,Edge
DEV02867,d9c7242781cc1694,Android,Firefox
DEV02868,1865bcd49711373b,Android,Firefox
DEV02869,06e0c90c9f05a4a3,Windows,Firefox
DEV02870,ccaf8f3ba9501c3f,Windows,Edge
DEV02871,f5d4738423ff3c61,iOS,Firefox
DEV02872,cdfcab899414d1fe,Android,Safari
DEV02873,f7a215f41e005a6a,Android,Chrome
DEV02874,3cac37ef9d11b57c,Android,Firefox
DEV02875,9b7e1676502f867c,iOS,Firefox
DEV02876,56dfcbdc1b5647b2,macOS,Firefox
DEV02877,b4fdc17da4c3c8c9,Linux,Chrome
DEV02878,bc1b67c6c16cae12,macOS,Safari
DEV02879,971914bdf9076324,Windows,Edge
DEV02880,6337a74d0378275d,Windows,Firefox
DEV02881,56c83328473017ca,Windows,Chrome
DEV02882,74d631693797198e,Android,Chrome
DEV02883,d950d97db7512197,Linux,Safari
DEV02884,6a877aee5be1fc9d,Windows,Firefox
DEV02885,3d85473278986abc,Windows,App-WebView
DEV02886,7bc1fd63dcc2fa96,Linux,App-WebView
DEV02887,c13df7f4c2caf4f7,Windows,Safari
DEV02888,d6066758d8af01c7,Windows,Safari
DEV02889,28429dabcdc6a85c,Linux,Edge
DEV02890,abfbd364c656cc31,Android,Chrome
DEV02891,5b739cb2d1145ab6,iOS,App-WebView
DEV02892,d95dc19683ca3ad9,Android,Chrome
DEV02893,f27094de730eedb1,Linux,Safari
DEV02894,206b002616171560,iOS,Edge
DEV02895,6e5f8c7ff5577157,Android,Chrome
DEV02896,dd52b9698deb2151,Linux,App-WebView
DEV02897,2153e72bc21b7a2b,Windows,Firefox
DEV02898,4a1f36ac661fefb3,macOS,Safari
DEV02899,1010d822418fd9e1,Linux,Safari
DEV02900,85fbea5f21d78191,Android,Safari
DEV02901,01a00df6481e84c3,iOS,Edge
DEV02902,d00fa5a76c28edc4,Linux,Firefox
DEV02903,0d8e39f74391a735,Linux,Firefox
DEV02904,a82ec0fa9301edd2,Windows,Edge
DEV02905,d43832db417bf732,Android,Edge
DEV02906,def4e45a3609a8b6,Android,Edge
DEV02907,77877171f91ae9ac,macOS,App-WebView
DEV02908,709a096a3719f482,Linux,Chrome
DEV02909,a67bf4afb413e91d,iOS,App-WebView
DEV02910,d892ee1565b1aa7a,Windows,Safari
DEV02911,3dd887c7bb93c485,Windows,Chrome
DEV02912,7368a496951ed10b,Linux,Chrome
DEV02913,1a5567b5af6d0dbd,iOS,Edge
DEV02914,86ce8bd9c5b0bcb0,macOS,App-WebView
DEV02915,f2c25979e6f02f85,Linux,Chrome
DEV02916,5c6dadaee19c510a,iOS,Edge
DEV02917,edb3eba56c1261bc,Linux,Edge
DEV02918,90d5fdaf7f5343d1,Linux,Edge
DEV02919,495d7fa89f0d12db,macOS,App-WebView
DEV02920,b70641390621ba48,Windows,Safari
DEV02921,4f2f06b6c9a5b086,iOS,Chrome
DEV02922,38db882334e7d70f,iOS,App-WebView
DEV02923,8a5ad0f53742a465,iOS,App-WebView
DEV02924,213a37a7d3fb96d2,Android,App-WebView
DEV02925,f204fc40203aab74,macOS,App-WebView
DEV02926,15b6b6bfa6f535d4,Linux,Firefox
DEV02927,3e4341c2227143fe,Windows,Safari
DEV02928,2acedb4c6092b8c1,Windows,Firefox
DEV02929,650e798a0d40a67b,Linux,Chrome
DEV02930,04c7b9da4585da73,iOS,Safari
DEV02931,29e56b69c88d592c,Android,App-WebView
DEV02932,0685ed3e7eea45f1,iOS,Firefox
DEV02933,3c4c0b2673c0cc9f,Android,Safari
DEV02934,c14482649c3a6977,Windows,Safari
DEV02935,e3c445e134d59240,Windows,Chrome
DEV02936,a6880effa3bb0bb7,iOS,Safari
DEV02937,523b25d4dfb10e78,Linux,Chrome
DEV02938,2ef807de2df00c42,Android,Firefox
DEV02939,fcef934527c121d3,Linux,Firefox
DEV02940,51927d0350d772fe,Windows,Chrome
DEV02941,ab0b15d215c6dda7,Linux,Firefox
DEV02942,81da68c28a3e0b24,iOS,Edge
DEV02943,140059834d7a9935,Linux,Firefox
DEV02944,994af28e86ca4a18,Windows,Chrome
DEV02945,6a9a71a7a7dbd88c,Android,Firefox
DEV02946,8acec868dd9effae,iOS,Firefox
DEV02947,dcb5af21a8deb0e4,iOS,Firefox
DEV02948,f539b1c9a981d695,Android,App-WebView
DEV02949,b6a2d79d5f078ec1,Linux,Chrome
DEV02950,9927dcbff3cbcb52,macOS,Firefox
DEV02951,14d045e925bf0b8a,Linux,App-WebView
DEV02952,e770d50cdbb4cc47,iOS,Edge
DEV02953,c54838502beea55e,iOS,Firefox
DEV02954,7b3fc6504baa683d,Windows,Safari
DEV02955,ae3e2e5af59c3f18,Linux,Edge
DEV02956,a8d265774fdfa5a5,iOS,Edge
DEV02957,495a58506fcfe022,iOS,Edge
DEV02958,e92866cbe910f05d,Windows,Safari
DEV02959,f5b2ff6285155f45,macOS,Chrome
DEV02960,729ded8562e7b4db,macOS,Safari
DEV02961,4863e9c8570619b6,macOS,Safari
DEV02962,2ce10be18605f201,iOS,Safari
DEV02963,0c6a1628ef27279a,Linux,Edge
DEV02964,b97e664b6e21e5d0,iOS,Firefox
DEV02965,75488964490ddf2d,Android,Firefox
DEV02966,dd8cdae860a2d047,iOS,Safari
DEV02967,2b17523cfdf6bbf1,macOS,App-WebView
DEV02968,36c9746a5ade423c,iOS,Chrome
DEV02969,9cc65dad0e6e84bc,iOS,Chrome
DEV02970,946d30635642afab,macOS,Safari
DEV02971,1e61dcbc1a52f358,macOS,Edge
DEV02972,0b611fedace1bd12,Android,App-WebView
DEV02973,722569943f047dda,iOS,Chrome
DEV02974,5e9500978de9d942,Linux,Chrome
DEV02975,0c914e71dd744776,macOS,Edge
DEV02976,5f516d54e97d4093,Android,Chrome
DEV02977,1d9a13796524998f,Android,Chrome
DEV02978,05616679b60d0948,iOS,Safari
DEV02979,a5d6256933086988,Android,Firefox
DEV02980,84b0a014c2e194d0,iOS,App-WebView
DEV02981,6f085aae69b04259,Android,Chrome
DEV02982,e134b6e7b4e3d929,Android,App-WebView
DEV02983,38c44aba01ed0b32,Windows,Chrome
DEV02984,656e4aed5446c3d9,iOS,Safari
DEV02985,3d907ce419df2388,macOS,App-WebView
DEV02986,85bb912173cf3c88,macOS,Safari
DEV02987,ea1f2a69d4318816,Windows,Firefox
DEV02988,4b8089dac5d0da4d,macOS,Safari
DEV02989,45608342d909c714,iOS,Chrome
DEV02990,ea8a312da2ac98ef,Linux,Firefox
DEV02991,ab464ef96321da90,Linux,Chrome
DEV02992,f308144c025c2a74,Android,Chrome
DEV02993,f779fe5f8ac8d152,Android,App-WebView
DEV02994,be9d2de88629feeb,Windows,Chrome
DEV02995,7a6ba616b129bc7a,Linux,Edge
DEV02996,9cc8cd3bb0ef71d5,iOS,Chrome
DEV02997,703d0a3519b41575,iOS,Chrome
DEV02998,25d8e9f1229307ce,iOS,Edge
DEV02999,4b6ab628ba271ad0,macOS,Safari
DEV03000,7adbb8bde7a21f41,Windows,Firefox
DEV03001,07a21c0da4fec9e6,iOS,Edge
DEV03002,3d02d1d59e52e9d6,Android,Edge
DEV03003,3ee5b9ab786f7d71,iOS,Chrome
DEV03004,901a6b81a37bf405,iOS,Chrome
DEV03005,b43172927e5c6fe0,Windows,Firefox
DEV03006,34d0f6688b8a9685,Android,App-WebView
DEV03007,2e2656e6808a6555,Windows,Chrome
DEV03008,23b4b131614dd4b5,Windows,Chrome
DEV03009,b88992d98e048a8c,Android,App-WebView
DEV03010,bd5c171c6045b32a,iOS,Safari
DEV03011,48f20ceff1f8261d,macOS,App-WebView
DEV03012,38eca50b3fdd2910,Windows,App-WebView
DEV03013,b74c6703c1750a4d,iOS,Edge
DEV03014,9827c392fee47021,iOS,Firefox
DEV03015,7cec6510415571ea,Linux,Firefox
DEV03016,0a02b03c52b6ffff,Windows,Chrome
DEV03017,eb8bfc3b9bc0423d,Windows,Edge
DEV03018,00537ac631012c50,Windows,Firefox
DEV03019,b6d3ffabcf7ff79b,Android,Chrome
DEV03020,aed3700d387426f9,iOS,Safari
DEV03021,421b39ce65f738e9,Windows,Safari
DEV03022,1c87ee99d39582ce,macOS,Edge
DEV03023,186caa9e1f8cf8d0,macOS,Chrome
DEV03024,a0f804cccbeb0a2b,Android,App-WebView
DEV03025,44bda5e7e2500a2e,macOS,Firefox
DEV03026,55d164ea40a86395,iOS,Chrome
DEV03027,aaa76b8db70e0cf4,Windows,Safari
DEV03028,cf2bdee509275d2a,iOS,Edge
DEV03029,29f73e5542c81493,Windows,Firefox
DEV03030,a1ee5736ffa75228,macOS,Edge
DEV03031,34d81fe56d40a599,macOS,Edge
DEV03032,d4b469adc864b1b0,Linux,Firefox
DEV03033,05460a60952cbe96,iOS,Safari
DEV03034,2c6339c148e620d8,macOS,Edge
DEV03035,1d70c1b57365532c,Linux,Edge
DEV03036,d334f424c45726e3,Linux,App-WebView
DEV03037,fc8b84f658c611b0,macOS,App-WebView
DEV03038,39cc284d6ef92a52,Linux,Safari
DEV03039,44f398081fb33211,macOS,Chrome
DEV03040,0ef274554ea842f0,Linux,Edge
DEV03041,c196fc524ff0a68b,Linux,App-WebView
DEV03042,9841b18d327d9e42,iOS,Chrome
DEV03043,ed6f95dc93a3861d,iOS,Firefox
DEV03044,8ccf340a2db3cb74,Android,Safari
DEV03045,64b2ff4013649733,Android,Firefox
DEV03046,0289250e3672178f,Linux,Edge
DEV03047,85690ef0cdc15580,iOS,Chrome
DEV03048,ff892f654142f27f,Android,Firefox
DEV03049,75ca0a98fb9c207d,Windows,Safari
DEV03050,b922ce9e43156a4a,Windows,Edge
DEV03051,9da278d942834c7f,iOS,App-WebView
DEV03052,9e80d8ad856284d9,macOS,Safari
DEV03053,ef87258c4b60d9c5,iOS,Safari
DEV03054,3c9e467e246ca238,Android,Safari
DEV03055,0738135228f8f1b6,Android,Safari
DEV03056,cd5ae764cd08af86,macOS,Chrome
DEV03057,743bdffb502cbb59,macOS,Firefox
DEV03058,140a04a4a14a448c,Android,Chrome
DEV03059,4693d5464fee784a,Linux,Chrome
DEV03060,cd5422fd917eb74f,macOS,App-WebView
DEV03061,b108ea77c0f290f1,iOS,Chrome
DEV03062,d4d3240f128c4ace,iOS,Firefox
DEV03063,9cdddfd9a009c59c,iOS,Chrome
DEV03064,354f1623257e1ea7,iOS,Chrome
DEV03065,41bdf635d81b7969,Android,App-WebView
DEV03066,2c255b61fe3fe829,macOS,Safari
DEV03067,0059786994762f67,iOS,Edge
DEV03068,7120694d8bd8644d,iOS,App-WebView
DEV03069,201fb2261ee980b4,Windows,Edge
DEV03070,b6d1aa4a60a77906,macOS,Firefox
DEV03071,4003825ff0abb82e,macOS,Chrome
DEV03072,f11917375329be2a,Windows,Chrome
DEV03073,0e67b787d8cb3019,iOS,Chrome
DEV03074,c30012fc452c8c71,Android,App-WebView
DEV03075,60a47e0867e47562,iOS,App-WebView
DEV03076,50d7f408955bca51,iOS,Chrome
DEV03077,eb3de0abc0711132,macOS,Edge
DEV03078,3d1501a2f938e864,macOS,App-WebView
DEV03079,c6a5c1053fcc1dab,Windows,App-WebView
DEV03080,46c4f1319da01082,Linux,Firefox
DEV03081,0e335883a4f24b1f,iOS,Edge
DEV03082,51e3da39f472217a,iOS,Firefox
DEV03083,b7eaae2fa1174ce1,Android,App-WebView
DEV03084,15a30d964e28a8b7,macOS,Safari
DEV03085,ab73fb1be14296a1,iOS,Edge
DEV03086,85a6e2160528430b,Linux,Chrome
DEV03087,9420be628fdb6170,iOS,Edge
DEV03088,47fb2401e07dd4ab,iOS,App-WebView
DEV03089,0382dc13f0af3ba8,Linux,Chrome
DEV03090,e095de37670cb781,macOS,Edge
DEV03091,986177a341b900d4,Windows,Edge
DEV03092,0e686876f8eb5dee,macOS,Safari
DEV03093,b394202e4cc5fac0,Android,Firefox
DEV03094,b9add9d26384376c,macOS,Safari
DEV03095,5e807f3cacd73d91,Windows,Chrome
DEV03096,9d1299b0dd32b61a,Android,Chrome
DEV03097,01b0eed7c5a0ef69,Windows,App-WebView
DEV03098,f47ce077ce53e020,Windows,Chrome
DEV03099,71535fd37b4b6b89,iOS,Firefox
DEV03100,7f4d3ff9e751d062,iOS,App-WebView
DEV03101,a0825eeec48110c5,Android,Chrome
DEV03102,ac740862e27393c1,iOS,App-WebView
DEV03103,06afd9c1edf0b151,Android,Firefox
DEV03104,a342b139e6c119d1,iOS,App-WebView
DEV03105,ba8a5953c3433b56,iOS,Chrome
DEV03106,80c52e0648aa2d1b,iOS,Firefox
DEV03107,fa94e56363665676,Android,App-WebView
DEV03108,90936106180fc891,Linux,Chrome
DEV03109,4402e430f209f427,Linux,Edge
DEV03110,b9c40bc12d6f1243,Android,Chrome
DEV03111,28cd7f77fc30c220,Windows,Chrome
DEV03112,aecae4eadc7d5046,Windows,Chrome
DEV03113,20710619173ab95b,Windows,Firefox
DEV03114,5f4557f1684d060b,macOS,App-WebView
DEV03115,841a64ea5f3fbfdf,iOS,Firefox
DEV03116,11b6505789e2ec6e,macOS,Firefox
DEV03117,7b54015ed51643bd,iOS,Chrome
DEV03118,fe7f0785492b9906,Windows,Edge
DEV03119,d971676c08c12f2d,Linux,Chrome
DEV03120,6993b5f25aee5623,Linux,Safari
DEV03121,459c4c802e063b20,Android,App-WebView
DEV03122,ce05d41b259d9f75,macOS,Edge
DEV03123,48c931ab7fdb847b,Linux,Chrome
DEV03124,f7f121299ca0e1cd,Windows,Safari
DEV03125,6bf7aa7abaab418d,iOS,Edge
DEV03126,b2e90ee4543d0200,Android,Chrome
DEV03127,50e06ba9b50d8585,iOS,Safari
DEV03128,6cb07e47e284c0da,iOS,Safari
DEV03129,40bed3b4558e7728,Linux,App-WebView
DEV03130,e6227c8c753706a0,Linux,App-WebView
DEV03131,4ee3a987d77cd526,Windows,Edge
DEV03132,f1ba1150cae80fb6,iOS,Firefox
DEV03133,6a5108f44e517809,Windows,Firefox
DEV03134,e5ebda8c4ae4785b,Linux,Edge
DEV03135,e4020fef0845523a,Android,Edge
DEV03136,7565b6ecd44cbee2,iOS,Safari
DEV03137,2d7f6e28cd841ae3,Linux,App-WebView
DEV03138,90e6ebfa18cbfdb8,Android,Safari
DEV03139,356f77ca7abc9b55,Linux,Edge
DEV03140,102ba8e73fb9e920,Android,Chrome
DEV03141,42f573b3c8c95f14,iOS,Firefox
DEV03142,21d42617f56c0450,Linux,Chrome
DEV03143,2be3f2efe1109b77,macOS,Chrome
DEV03144,b8fc67de1ddd98ff,macOS,Firefox
DEV03145,0392d240b9a1025c,iOS,Firefox
DEV03146,6ed7575fe36fbd4a,iOS,Chrome
DEV03147,fd328c542c603e90,Windows,App-WebView
DEV03148,2f61554c6a332509,Windows,Firefox
DEV03149,ce6fbde904ccca5e,Android,Chrome
DEV03150,96a315e6f7638bd4,iOS,Edge
DEV03151,533b42acb8db094b,Windows,Edge
DEV03152,9f6b81bab19bdacf,Windows,Edge
DEV03153,7c0bccec300a7b1a,iOS,Chrome
DEV03154,dd6190b6d548a9bd,Linux,Edge
DEV03155,8ab852974ce768c9,Android,Firefox
DEV03156,a317746b225d8287,Windows,Edge
DEV03157,af797a3fb1d51f82,macOS,App-WebView
DEV03158,b1772311bad3ec6d,iOS,Edge
DEV03159,8b89c6a26a81cb9e,Windows,App-WebView
DEV03160,eb94ade565a551bf,Linux,Firefox
DEV03161,5ad13a707835a3b4,Windows,Chrome
DEV03162,ac56ac6854f659e4,macOS,App-WebView
DEV03163,5fbf471a0dec0a3d,macOS,Firefox
DEV03164,44012c7535218250,Android,App-WebView
DEV03165,a8f888ac0f3afc7b,Android,Safari
DEV03166,860187e5626ec2d6,Linux,Chrome
DEV03167,4157605beef7dd71,iOS,Chrome
DEV03168,5210df96165bc963,Windows,Edge
DEV03169,524b4e1c5ae7456c,iOS,App-WebView
DEV03170,a5a9ac9ff61d496a,macOS,Chrome
DEV03171,c32a819fe5a2d6a1,iOS,Edge
DEV03172,877d2d7f75fda204,macOS,Chrome
DEV03173,d9a69922da811eda,Windows,Edge
DEV03174,9bbe0b6f08f5c044,macOS,App-WebView
DEV03175,1b1826494bf15afc,macOS,Chrome
DEV03176,d7a99ea74698bf7b,Android,Safari
DEV03177,fbf12caadde40273,Android,Edge
DEV03178,0a7de85f982e90fa,macOS,Safari
DEV03179,40809c44b44c72c7,macOS,Firefox
DEV03180,bf766dd185eaf755,Android,Firefox
DEV03181,8447ba912a7d3519,Windows,App-WebView
DEV03182,bdd6349bbbeeb177,macOS,Safari
DEV03183,8955c9e6ffe90fe1,macOS,Chrome
DEV03184,8f2b971f497077e8,Windows,Edge
DEV03185,5e1883bfca824c9c,Android,App-WebView
DEV03186,94cd702d936f1e1f,iOS,Edge
DEV03187,9fd44db321fcf3d6,iOS,Safari
DEV03188,1f23527bdc03606a,Windows,App-WebView
DEV03189,15dd06259b86d36e,Android,App-WebView
DEV03190,344d38afbce3f030,macOS,Chrome
DEV03191,c633dca8b51d5bad,Windows,Edge
DEV03192,e5e2f34c54674c21,macOS,Safari
DEV03193,5dcd40903729b014,Android,Safari
DEV03194,2a32f77c11dd78e3,Android,Edge
DEV03195,654c6d50cb9f4b6e,Windows,Firefox
DEV03196,d6d064521bd07075,iOS,Chrome
DEV03197,524fde96e9f58c99,iOS,Chrome
DEV03198,6209e9fb447b94cd,Windows,Edge
DEV03199,0f841eb87ca0fc9d,Android,Firefox
DEV03200,2034637e01b341c2,macOS,Edge
DEV03201,f99004fe956df313,Linux,Safari
DEV03202,4f9e6c63202d143c,Windows,Safari
DEV03203,3a23f6e19716bfec,Android,Chrome
DEV03204,054abb58bee91d36,macOS,Firefox
DEV03205,2fef5fb8e123c71a,Windows,Safari
DEV03206,684ccd4100e147c5,iOS,Firefox
DEV03207,a8c311212e201b6b,macOS,Edge
DEV03208,5bed28edc0866de3,macOS,App-WebView
DEV03209,170b3bdef9d0ef7d,iOS,Edge
DEV03210,68d714a3837a4fdd,Windows,App-WebView
DEV03211,8a4d00d794694ea7,macOS,Chrome
DEV03212,719781d19724ff8d,Linux,App-WebView
DEV03213,8d27cbf338e6f8fc,iOS,Chrome
DEV03214,c7d1c5d993edcb29,Linux,App-WebView
DEV03215,88c9a7022693da0a,iOS,Firefox
DEV03216,6ed82180c58a90c4,Windows,Chrome
DEV03217,3f03531aebb86e5c,iOS,Edge
DEV03218,995a3c775e56ff34,iOS,Edge
DEV03219,f0bc2d21c403c4cf,Windows,Chrome
DEV03220,c5de8523e9c19a4d,macOS,Firefox
DEV03221,9fcb727c737a5938,Linux,Chrome
DEV03222,480a60ad8361d722,macOS,Safari
DEV03223,79468c9dbd028a3c,macOS,App-WebView
DEV03224,e4c0a0da531316d8,Android,Chrome
DEV03225,83ede8a40734ef07,iOS,Safari
DEV03226,f714f9f2c06ac4f5,macOS,App-WebView
DEV03227,fd560246655ec8fc,iOS,App-WebView
DEV03228,3c9a705c82df2f87,macOS,Safari
DEV03229,f98295dddb7d8902,Windows,Safari
DEV03230,8830a8897ea30770,iOS,App-WebView
DEV03231,8c26e58192341f1d,Android,Firefox
DEV03232,08b9caa499446d13,Windows,Chrome
DEV03233,96c9484ab95c4b9f,Windows,Firefox
DEV03234,2286af3f86f76857,Linux,Chrome
DEV03235,a6ff9dc3d8cb1bb6,macOS,Edge
DEV03236,7eb9c038eb4204a0,macOS,Edge
DEV03237,02813736290ee8a8,Windows,Firefox
DEV03238,73ef41dbef366ff7,Linux,Edge
DEV03239,3f50c76d01d7720e,Linux,Firefox
DEV03240,c18c2160eccb8e93,Android,Safari
DEV03241,440175428e266533,macOS,Edge
DEV03242,a95ccf88f4cc6a34,Windows,Safari
DEV03243,5d069371698e65f7,Linux,App-WebView
DEV03244,aa918ddc883db8d0,iOS,App-WebView
DEV03245,8dbf034437634456,macOS,Edge
DEV03246,53b7a6a5e1ecf521,Windows,Edge
DEV03247,be05c38b9c436582,Windows,App-WebView
DEV03248,f001a633c25d8c59,Android,Chrome
DEV03249,d942d54c205c7952,Android,Chrome
DEV03250,bd984c55b7733c84,Android,App-WebView
DEV03251,332ce4faa8ba30d3,macOS,Chrome
DEV03252,b33a770ca37c13b8,macOS,App-WebView
DEV03253,c67dcdb6b737532a,Linux,Chrome
DEV03254,2a4ad17c7833ce19,macOS,App-WebView
DEV03255,26f1fedcd7feae5c,Linux,Chrome
DEV03256,ba33de419d21c553,Windows,Edge
DEV03257,800797cc666d5ef9,iOS,Safari
DEV03258,251c1ec2cb03b6de,macOS,App-WebView
DEV03259,9b035fc06c86e7a1,macOS,Chrome
DEV03260,ac4a09726ab4a1e7,iOS,Edge
DEV03261,fbaaa4093704478d,Android,Firefox
DEV03262,3e0a9d9cb97a4fba,macOS,Edge
DEV03263,5af603f722032528,macOS,Chrome
DEV03264,2f318a0fd5d5c929,Windows,Safari
DEV03265,660a6d0c34dc8512,Linux,Firefox
DEV03266,80ad2f4e7164d2a4,Windows,Firefox
DEV03267,91be3762ac09a243,Windows,Edge
DEV03268,3bec6cbec47c9492,iOS,Chrome
DEV03269,2feccf6485637be2,macOS,Chrome
DEV03270,80f24926cdde2e61,Android,Chrome
DEV03271,a7325ad97df97997,iOS,Firefox
DEV03272,ed49d21051e06cb7,Linux,App-WebView
DEV03273,6c165c911569eec9,Windows,Firefox
DEV03274,307b58e636544c3f,iOS,App-WebView
DEV03275,cc545f4cc31dc391,macOS,Safari
DEV03276,b0cbbf920df48f71,Linux,Edge
DEV03277,ee79b9d1a82f9564,iOS,App-WebView
DEV03278,3bb8e494863961b1,macOS,Chrome
DEV03279,2017a97b254d1ef4,Linux,Edge
DEV03280,8d34e3dcf1afd167,iOS,Edge
DEV03281,d2230a790f156cd4,iOS,Edge
DEV03282,1f96caf8fa85d2dd,Windows,App-WebView
DEV03283,3220b1b211773c5e,iOS,Edge
DEV03284,97d266ba8b029366,iOS,Chrome
DEV03285,b7a500706545381b,iOS,App-WebView
DEV03286,dca97c356a82adfa,Android,App-WebView
DEV03287,3b94d63b7c4a94ae,macOS,Firefox
DEV03288,155272c840924e46,Linux,Safari
DEV03289,b9d88fdbde04696b,Windows,Safari
DEV03290,70230cc1925017b2,Android,Chrome
DEV03291,3cd4f7a4996ec8c5,Android,Edge
DEV03292,bb9189e69f3ed1b2,Android,App-WebView
DEV03293,f6fbdd5208733b1e,iOS,Chrome
DEV03294,589b7af9d4d0574b,Linux,App-WebView
DEV03295,3cf02b81fc660a9a,Android,App-WebView
DEV03296,e98343b41b22759c,macOS,Chrome
DEV03297,a31a52a10463e4c6,iOS,Edge
DEV03298,eb8e0ec2a55be6c1,Windows,Safari
DEV03299,e0861cbd634d44b7,iOS,Safari
DEV03300,27033b67e527ec95,Windows,Safari
DEV03301,6a0ea717dcc6aaab,Linux,Safari
DEV03302,831f4643acb6a397,macOS,Firefox
DEV03303,b1b698c119a67686,Android,Firefox
DEV03304,b7a2677f13468fe6,Android,Safari
DEV03305,98fd0873374dca73,Android,App-WebView
DEV03306,adcb5af2e4906eef,Android,Chrome
DEV03307,fbbb24c7dca7ef3c,macOS,App-WebView
DEV03308,43b6c27884421065,Android,Chrome
DEV03309,6db6d5eead330da7,iOS,Firefox
DEV03310,95bd7225ada34445,Windows,Safari
DEV03311,be148423f8e093b2,Android,Chrome
DEV03312,2de9a7f17b6e18f1,macOS,Firefox
DEV03313,893d23a1a900c814,iOS,Edge
DEV03314,b73ed9277254346e,Android,Edge
DEV03315,994744c4b19eb52e,Android,Edge
DEV03316,2c8e6d397b4180ab,Android,Edge
DEV03317,1fa87eb61ebda0d2,Android,Safari
DEV03318,c296637359fde932,macOS,Edge
DEV03319,d1edc83d1b1f4f5b,Windows,Edge
DEV03320,22aa62c34c051696,iOS,Safari
DEV03321,beaa2715d34d1857,Windows,Chrome
DEV03322,74e8ec8652a8d933,iOS,App-WebView
DEV03323,a63d286bb96374a0,Linux,Chrome
DEV03324,f090549b715b7689,Android,Firefox
DEV03325,fbe645f380858871,Windows,Edge
DEV03326,0593f1320de703a1,Linux,App-WebView
DEV03327,e31226ce5c5360d5,Linux,Chrome
DEV03328,961941c9f251562a,iOS,App-WebView
DEV03329,5e2621b55c137b37,Windows,Chrome
DEV03330,e7e42caaced6a176,iOS,App-WebView
DEV03331,6d6bc24f7348ec95,Android,App-WebView
DEV03332,c1a181eaf2c5ba7a,Android,App-WebView
DEV03333,8b976f6396508ada,Linux,Safari
DEV03334,86464db9eb81a1a8,iOS,Firefox
DEV03335,2b6a727bf1b66f0d,Android,Safari
DEV03336,bc4a01bdc4e84fdb,Android,Firefox
DEV03337,b77e16b70f234a85,iOS,Safari
DEV03338,f96a1c8536025684,Android,Safari
DEV03339,ce636aed530f16db,Windows,Firefox
DEV03340,e74de73314cf7c3a,macOS,Safari
DEV03341,151ccaac2baabfbc,Android,Firefox
DEV03342,84a557a1e9ef7b97,Linux,Firefox
DEV03343,7dd9506539dca48d,macOS,Edge
DEV03344,1328ff94c6138241,macOS,App-WebView
DEV03345,4a6bfc62d36e20d5,macOS,Safari
DEV03346,75b227694ad619d5,Windows,Safari
DEV03347,83fa8bb42ac5b420,iOS,Firefox
DEV03348,aec74ff0d9784372,macOS,Chrome
DEV03349,8f42fd4004cf893f,Linux,App-WebView
DEV03350,ad920f21ef95a383,Windows,Safari
DEV03351,104d6d451ed8806c,iOS,Edge
DEV03352,9550d0cb58ff85f1,macOS,Edge
DEV03353,4f22741e315fc0d0,macOS,App-WebView
DEV03354,2f26eda57093dc46,Windows,Firefox
DEV03355,b05224b9b702908c,Linux,Chrome
DEV03356,bce4361c1b530a2a,Linux,Edge
DEV03357,f7b8aaf7e231b4cb,macOS,Safari
DEV03358,318808848b41c561,Linux,Firefox
DEV03359,5baf777b9124a347,Windows,Chrome
DEV03360,121154f065b24264,macOS,Safari
DEV03361,b3dd5d0b5585f422,Android,App-WebView
DEV03362,0a9f45a61c973330,Windows,App-WebView
DEV03363,6259a9fff4545699,macOS,Firefox
DEV03364,ddb89ab232aa1b57,Linux,App-WebView
DEV03365,f5453f3424eac3bb,Windows,Edge
DEV03366,169112e8823177cf,Android,Chrome
DEV03367,10f4ca4486bfb66b,iOS,Firefox
DEV03368,7d0da2e30c954073,macOS,Safari
DEV03369,eb34f60d0a60bb7d,Windows,Safari
DEV03370,7dd48cd44d87bd90,Android,Safari
DEV03371,2ab32d1ee263932c,Windows,Firefox
DEV03372,72f985b313126148,iOS,Firefox
DEV03373,26a8fc342e016f28,Android,Chrome
DEV03374,d2b69b225956fa2a,Windows,Chrome
DEV03375,fadd466348518176,Windows,Safari
DEV03376,19a2f453da90c3a0,macOS,App-WebView
DEV03377,7fa8785f7a2243e6,Windows,Safari
DEV03378,794e362b8679f762,Linux,Chrome
DEV03379,0c81d29b32c1b58a,macOS,Firefox
DEV03380,be7af6f146a8dca6,Linux,Safari
DEV03381,87825a8973166187,Linux,Safari
DEV03382,7022c135c51cef81,Android,App-WebView
DEV03383,d96f19805bf266f1,Windows,App-WebView
DEV03384,4e67fa420015298c,Android,App-WebView
DEV03385,b55e26c8e92053c5,macOS,Edge
DEV03386,6277802914fc42eb,Windows,Firefox
DEV03387,c5329f896ddde42a,iOS,Safari
DEV03388,9587d68aceda1b9b,Android,Edge
DEV03389,eade71c6c1bd321d,macOS,Chrome
DEV03390,655ba483a517d007,Windows,Edge
DEV03391,77145c9463575082,Android,Chrome
DEV03392,79ba09317fb7e9b0,macOS,Safari
DEV03393,5c937cfe39923caa,Linux,Firefox
DEV03394,5db21a897aa4a580,Linux,Edge
DEV03395,1d37229d38a88dd3,iOS,App-WebView
DEV03396,b8d403aa9cd8fa1a,Android,Firefox
DEV03397,0d7915d351d607bb,Android,App-WebView
DEV03398,f80aa3a8d6fd1169,Android,Edge
DEV03399,b9b7961aa4abb92a,Windows,Safari
DEV03400,69d302f5a0b2d821,macOS,Chrome
DEV03401,0908a33892176ca3,Linux,App-WebView
DEV03402,c1e41adc84153919,Android,Firefox
DEV03403,313bb4ee2b165372,Android,Chrome
DEV03404,5effb3b259dadf1d,macOS,Chrome
DEV03405,702daf7667e6dddf,macOS,Firefox
DEV03406,99e985adaf614b49,Windows,Firefox
DEV03407,820ad7d6b5b5c336,Windows,Edge
DEV03408,43dc55b14312f8b2,Android,App-WebView
DEV03409,0e38a491737d717d,Windows,Edge
DEV03410,0c0c205bc259b5e5,Linux,Chrome
DEV03411,caf59d7e8d55a62c,macOS,Firefox
DEV03412,ae427a01aa3701d0,macOS,Edge
DEV03413,1db19cbcccea4998,Android,Firefox
DEV03414,2991b111db5a10e4,Linux,Chrome
DEV03415,65bfcf801ffc2516,Android,Safari
DEV03416,74f46602c0402b32,Android,Chrome
DEV03417,8ccded655102b0e8,iOS,Chrome
DEV03418,92fe9817b3f68d15,Windows,Edge
DEV03419,f2398137303b898f,iOS,Safari
DEV03420,6509ea75470732c6,Android,Safari
DEV03421,f1d7c1143be03aed,Windows,App-WebView
DEV03422,ada5d0f6882db937,Android,Chrome
DEV03423,4886503c40eb854c,Windows,Chrome
DEV03424,d9cc19b4767cd9e6,Android,Chrome
DEV03425,9ba203b17545cb5c,Windows,Chrome
DEV03426,8d5a3e965b397549,Windows,Firefox
DEV03427,f533ab5f001e8032,Linux,Edge
DEV03428,2f6fea92a4aa95db,Windows,Safari
DEV03429,f6ecde3ae287dea9,iOS,App-WebView
DEV03430,fbaa4d29ccc95691,macOS,Chrome
DEV03431,307a4f486b6c7740,iOS,Firefox
DEV03432,c3fe42004a57125d,iOS,App-WebView
DEV03433,c6c3b56fbe191c27,macOS,Edge
DEV03434,a10b338afa01e714,Android,App-WebView
DEV03435,9e45ccb3af850958,Linux,Safari
DEV03436,0f9a608df49ae7dc,Linux,Edge
DEV03437,30c6bf348156dd7c,macOS,Firefox
DEV03438,8d93c8647d4d9ce7,Windows,Edge
DEV03439,26ed015f73342929,iOS,Chrome
DEV03440,e8dd3e206f88480c,Windows,Firefox
DEV03441,9779deac45e5e1e1,Android,Firefox
DEV03442,f1cf658e92f50b25,Linux,Safari
DEV03443,ae00c232509de42a,iOS,Chrome
DEV03444,6ee7ec7cf7debd44,Android,Edge
DEV03445,ac8ac2d05ac814f6,Android,Safari
DEV03446,63d0de760eabd664,Android,Safari
DEV03447,ab28f8c816e12781,macOS,Edge
DEV03448,e640a05ec457ef60,iOS,Edge
DEV03449,e4a2603139237f33,Android,Firefox
DEV03450,1577ff3dd4873127,iOS,App-WebView
DEV03451,8ecca31715df7a26,Linux,App-WebView
DEV03452,5fd7143d347f5e3f,Windows,Firefox
DEV03453,6ceef81f56ff5d26,macOS,Safari
DEV03454,e8f2bb396e440b34,Linux,Chrome
DEV03455,a868efc215c79184,iOS,Safari
DEV03456,06a5ea27b0f01045,Windows,Edge
DEV03457,c07826b457f0bb7b,macOS,App-WebView
DEV03458,fcd6e12c715fee03,Linux,Safari
DEV03459,56a015fd2dfc0396,macOS,Safari
DEV03460,926e8d7c12df2dd5,Android,Firefox
DEV03461,e065c43eb86e222e,macOS,Safari
DEV03462,c92036eec4b98f42,Windows,App-WebView
DEV03463,a59cbee8761d53c3,Android,Safari
DEV03464,96cf861e5cd06e54,macOS,Chrome
DEV03465,7dd82f4700c9f0cc,Android,Safari
DEV03466,1dbc53ab5be7bff0,Android,Edge
DEV03467,825a57f2e2b16761,iOS,Firefox
DEV03468,75b301601e26037c,Android,Edge
DEV03469,5e34a0601ed0fb00,Linux,Edge
DEV03470,2237e0cafeed3a3e,Windows,Firefox
DEV03471,8b7d130878ba39d6,Android,App-WebView
DEV03472,20dea17b5adf551c,Android,Firefox
DEV03473,c0e7924b71a2fb02,macOS,Safari
DEV03474,12fe09c5a5d8437b,iOS,Edge
DEV03475,295f06eea6b5e7a1,Linux,Edge
DEV03476,e81075a03a20938c,Linux,Firefox
DEV03477,8081c77e8950005b,Android,Edge
DEV03478,e1568da443ad1753,Windows,Firefox
DEV03479,026dd16123c38a0f,Android,Chrome
DEV03480,b6405eacf02e75a4,macOS,Edge
DEV03481,40488859444b406a,iOS,Firefox
DEV03482,c65726cc62620c3c,iOS,Edge
DEV03483,8d60eab37d22ee2d,iOS,App-WebView
DEV03484,53574ca163045d10,Windows,App-WebView
DEV03485,ce85f5cf75626655,Linux,Edge
DEV03486,10c874e64710b891,Linux,Edge
DEV03487,b350e4d9358f1147,Android,Chrome
DEV03488,64c0787379879418,iOS,Chrome
DEV03489,b3c38fec16873350,iOS,Chrome
DEV03490,8f2b0fc7e1e2cbfc,Android,Chrome
DEV03491,b6dbad52d8383203,Linux,Firefox
DEV03492,981197262cd84e56,iOS,Chrome
DEV03493,fcbf434a195304e2,Linux,Chrome
DEV03494,9701d6bd9d8dad75,Windows,Safari
DEV03495,f4296f563df5159d,Linux,Edge
DEV03496,1f23b9c43586e78a,macOS,Edge
DEV03497,a3ed08ee6924810f,Android,Safari
DEV03498,8d18f5d0016eb5a1,Windows,Edge
DEV03499,2a6d58aa664c8b25,iOS,Safari
DEV03500,c6f18a1fffa244c4,iOS,Firefox
DEV03501,f575b8c2f83dc865,Windows,App-WebView
DEV03502,9ece48e5b9096228,Windows,Chrome
DEV03503,5ce850b98953e924,Android,Safari
DEV03504,250be056b914ed9f,Linux,App-WebView
DEV03505,8b1d889b5d0d078b,macOS,Firefox
DEV03506,00afe3cd4d5ae348,iOS,Safari
DEV03507,2f46447d1db606ef,Windows,Chrome
DEV03508,1c087a816b566b67,iOS,Safari
DEV03509,35ed090d024dd5a8,Windows,Edge
DEV03510,18cafea41c5ab36b,iOS,Chrome
DEV03511,fdf78683cff6bb2d,macOS,Edge
DEV03512,5794af7b6e6a9a3f,Windows,Chrome
DEV03513,1bdff62f0a40410a,iOS,Firefox
DEV03514,5bfcce5e85888352,Android,Safari
DEV03515,175659ff1fdbdd5d,Android,App-WebView
DEV03516,b7ea70ee58d7e311,Windows,Edge
DEV03517,dc7136183b12c1da,Linux,Chrome
DEV03518,a9b14afb2ca75d35,macOS,Safari
DEV03519,5dbf2ac148234043,macOS,Chrome
DEV03520,b8949cca68f9689b,Android,Chrome
DEV03521,d7ca221ae4ace02e,Linux,Firefox
DEV03522,0d9ad1061b316028,iOS,App-WebView
DEV03523,73c633369f146fed,Linux,Safari
DEV03524,6ee99b45b2961cf0,iOS,Chrome
DEV03525,e0e80abb6312bbc7,Android,Firefox
DEV03526,f7e81d95cf918e89,Windows,Edge
DEV03527,dc3a18ba4fabbb9a,macOS,Firefox
DEV03528,b2014627027d2540,Linux,Firefox
DEV03529,f2ee19a873754291,macOS,Firefox
DEV03530,9e041cf6787ef738,Windows,Edge
DEV03531,9d7beb70e1fabc22,Android,Firefox
DEV03532,1bef140936afb0dd,Windows,Firefox
DEV03533,1e371ea5d73c824f,Linux,App-WebView
DEV03534,38b4beda1980a665,macOS,Chrome
DEV03535,69dae9c0d3f0d83b,Windows,App-WebView
DEV03536,a89939d1c6390a7a,Android,Safari
DEV03537,952c8b8c880b3dcf,macOS,Safari
DEV03538,a3c2dbbc2f3c61ec,iOS,Firefox
DEV03539,d41f7041dec17cd8,macOS,Chrome
DEV03540,2143bff0d9e74a79,iOS,App-WebView
DEV03541,f57c3ee0dba73871,macOS,Firefox
DEV03542,826cdca82f37322b,iOS,Chrome
DEV03543,a5b9e33be4f11175,iOS,Edge
DEV03544,96c2b6ea030b6c63,Android,Firefox
DEV03545,880082485ca09d16,Linux,Edge
DEV03546,c28cfbe58bad1457,Linux,Safari
DEV03547,621e1f9f7cf430c8,Windows,Firefox
DEV03548,df89e7dee85ce7da,Windows,Edge
DEV03549,6264132ecb2d4866,Linux,Edge
DEV03550,fd8387c8c96dbdc7,Windows,Firefox
DEV03551,deda784d532a962c,iOS,Chrome
DEV03552,9ad65359e9278c3a,Linux,App-WebView
DEV03553,f8101ff017a4bf75,Windows,App-WebView
DEV03554,606da919723b88ac,Android,Edge
DEV03555,8c63e61eba04f0d8,macOS,App-WebView
DEV03556,b0bfba212253f73e,Windows,Firefox
DEV03557,e62222e7e18105f3,Android,Chrome
DEV03558,114498a488fb006b,macOS,Safari
DEV03559,72e4baf948b05be9,macOS,Safari
DEV03560,6f96304f432b7a6c,Linux,Firefox
DEV03561,0b27854701709664,Linux,App-WebView
DEV03562,1096e79959f289ad,iOS,Firefox
DEV03563,07dcc47635b4394d,macOS,Firefox
DEV03564,11a5764d6a503ebd,Android,Firefox
DEV03565,fe94daa14d2a610e,Android,Edge
DEV03566,4f5e3f22492ff02b,Android,Safari
DEV03567,09f6f7764d811b4d,Windows,App-WebView
DEV03568,61c8d2f7174776cb,Android,Chrome
DEV03569,6f8ed3f188a30c26,macOS,Firefox
DEV03570,b41ecdfa21b24bef,Android,Edge
DEV03571,6d69fd90f794e30c,Windows,Chrome
DEV03572,f948a0f26e058fea,Android,Firefox
DEV03573,1cbb77f716bcfa3c,iOS,Firefox
DEV03574,68f8fc7bf0034388,Windows,App-WebView
DEV03575,62694333f239a454,Linux,Safari
DEV03576,42e3ff599407695f,Android,Firefox
DEV03577,874882861289170e,iOS,Safari
DEV03578,9d47b703788b4f42,macOS,App-WebView
DEV03579,50f990e1e0a5c713,Android,Firefox
DEV03580,d70651acf2bc0737,iOS,Chrome
DEV03581,2100a2cfeb5a0852,macOS,Firefox
DEV03582,fec09ed416cdb85e,iOS,Edge
DEV03583,f5884f0a1ab01451,macOS,Edge
DEV03584,6b44938736e7b843,Android,Firefox
DEV03585,46df012e9cbae410,Windows,App-WebView
DEV03586,a9ba97fee04c0533,Windows,Safari
DEV03587,bde1aa2812293bd9,Linux,Edge
DEV03588,6f22d9df70060b54,Windows,App-WebView
DEV03589,8b7ff9b2cd491616,iOS,Safari
DEV03590,1b622097303af23b,Windows,Safari
DEV03591,adce67f7caa64f52,macOS,App-WebView
DEV03592,2ea9d65eedf8bc9f,iOS,Firefox
DEV03593,5b59dba862bffea1,Windows,Chrome
DEV03594,2c1160217706e194,Windows,App-WebView
DEV03595,816beab9b764156b,macOS,App-WebView
DEV03596,6c2a886441a64621,iOS,Edge
DEV03597,b80258ac5f76db68,macOS,Chrome
DEV03598,60bf6e7fd7c20dae,iOS,App-WebView
DEV03599,d44e11e32da897fe,macOS,Firefox
DEV03600,1669220651968b5c,Linux,Firefox
DEV03601,372c227871e95908,macOS,Firefox
DEV03602,0333bab569b28b5c,macOS,Edge
DEV03603,bb6f74d58116a94b,macOS,Edge
DEV03604,24e11ad1ce4b2a5b,macOS,Chrome
DEV03605,6ad71275f1956807,Linux,Chrome
DEV03606,f7a11d2478c19169,macOS,Chrome
DEV03607,5c771029cf9c6c0a,iOS,App-WebView
DEV03608,290110aa541c9f08,Windows,Safari
DEV03609,16777dabecb45d5d,Linux,App-WebView
DEV03610,c8ea0f2ab30c12c3,Windows,Safari
DEV03611,9a1ae8bb913cc9d6,Linux,App-WebView
DEV03612,befa66d10dd81e5b,Linux,Firefox
DEV03613,4efffec8040fec25,Android,Edge
DEV03614,d88ed05e4e70d42d,iOS,Edge
DEV03615,dde11e9f367079d5,Android,Edge
DEV03616,323c9a97b3bc214b,Linux,Edge
DEV03617,3c802416facd10bc,Android,Chrome
DEV03618,71d11817cbbdb194,Android,Firefox
DEV03619,c66a64f6f18e3b88,Android,Firefox
DEV03620,39fe72ab474e9040,Linux,Chrome
DEV03621,d16bdddade7f357f,Windows,App-WebView
DEV03622,4ae5729b075ee327,macOS,Firefox
DEV03623,170a190aa42bee4e,Android,Chrome
DEV03624,817f0b0a44db9ea7,Linux,App-WebView
DEV03625,f9f7091424798ac9,Android,Safari
DEV03626,57c228eb6baa2fd8,Linux,Safari
DEV03627,68aa25d810d99763,Linux,Edge
DEV03628,3b4787262060248f,iOS,Safari
DEV03629,5cfae1bd4123b0a9,iOS,Firefox
DEV03630,7d44d616efc1962c,Windows,Chrome
DEV03631,cb49a878576e833a,macOS,App-WebView
DEV03632,622b2a7d1a1004eb,iOS,Chrome
DEV03633,1435653ecef33fe3,Android,Chrome
DEV03634,6080d53d4e489f6b,iOS,App-WebView
DEV03635,02d9d8f6f5c638c5,Android,App-WebView
DEV03636,2a02dbfa26b2aaf7,Android,Safari
DEV03637,e50b02ef18f610d5,iOS,Chrome
DEV03638,5e2f4b28d4763c23,macOS,Chrome
DEV03639,7da00688a5159fd3,Linux,Edge
DEV03640,00952a68752cacf9,macOS,Chrome
DEV03641,72826298ea36da45,Android,Firefox
DEV03642,e1e7424198197894,macOS,Edge
DEV03643,172272115318e28b,iOS,Safari
DEV03644,e35006bd2d59a5ed,Linux,Firefox
DEV03645,145b557524fe3c5e,Linux,Edge
DEV03646,2ecf0a622cc5880f,Linux,Chrome
DEV03647,a1f67042d04cb0b7,macOS,Safari
DEV03648,1ef4f42c0ef2c855,Android,Safari
DEV03649,407bac3b237d1de7,iOS,Safari
DEV03650,da63274f917895f6,iOS,App-WebView
DEV03651,4a41a0e625b20902,Linux,Safari
DEV03652,e2af7367c8286902,macOS,Edge
DEV03653,710b93c9a2c5615a,Windows,Firefox
DEV03654,5c6c5b7d0aa31d57,Android,App-WebView
DEV03655,d2f3365aebd2e5cb,macOS,Firefox
DEV03656,dda8ea8fe0c12d38,Windows,Edge
DEV03657,54b199cdd6669954,macOS,Chrome
DEV03658,ca5ed5b1c7fd9b76,macOS,Edge
DEV03659,11aed17ffc6b64a4,macOS,Safari
DEV03660,48050d7a3f644f9c,Android,Firefox
DEV03661,42350e5c6ca71dfd,macOS,Chrome
DEV03662,a663ad771352da7a,Linux,Edge
DEV03663,f9a2811426b0bf95,Android,App-WebView
DEV03664,ab6ba1c4f83881cb,Windows,Chrome
DEV03665,9f01ae6e7b72d131,Linux,Edge
DEV03666,2b3f5630cfb26b42,Android,Firefox
DEV03667,ad8e2285e87c7b47,iOS,Edge
DEV03668,c9a48e00ce7ba689,macOS,Firefox
DEV03669,19455fb9e9c9365e,Android,Safari
DEV03670,ac90631483cdb217,Windows,App-WebView
DEV03671,376d087fe2b744ac,Linux,Safari
DEV03672,8061f86243edd15d,Windows,App-WebView
DEV03673,0ee1b9fb51981874,macOS,App-WebView
DEV03674,25eb5ec01bc4fb57,Android,Safari
DEV03675,6c89b4c8b9446c6b,iOS,Firefox
DEV03676,b871181671a131e4,Linux,Firefox
DEV03677,dba11e4447d36e23,macOS,Safari
DEV03678,61dc92d7159322c0,Windows,Firefox
DEV03679,e2a3f01a0ce2d592,macOS,Chrome
DEV03680,19bd32bba77b48d0,macOS,Edge
DEV03681,ed0534d146dbb25a,macOS,App-WebView
DEV03682,2b04242d45f4fa18,iOS,App-WebView
DEV03683,70a588c9f581f987,Linux,App-WebView
DEV03684,427995942d11dfcb,Windows,Safari
DEV03685,d92cb3b994ced314,Windows,App-WebView
DEV03686,6fe8997c477c787f,Linux,Firefox
DEV03687,5b47386d8e58ec92,Linux,App-WebView
DEV03688,2ef31ea94baf042c,macOS,Chrome
DEV03689,35df4430d75b139c,Android,Chrome
DEV03690,812c8f191c77c759,iOS,Safari
DEV03691,1eb6a00e884f436d,Android,Chrome
DEV03692,d2b51608baa4188a,macOS,Edge
DEV03693,a189a41e51965e44,Windows,Safari
DEV03694,a626c182fd9827df,iOS,Chrome
DEV03695,944d73c56eae6a1c,iOS,Edge
DEV03696,355a626cb779fd7d,macOS,Chrome
DEV03697,886523ccdda3c0e3,Android,App-WebView
DEV03698,f0f74b5620e9317a,Windows,Chrome
DEV03699,c07210e486a200fe,Android,Chrome
DEV03700,7ce2d485fd5d1f25,macOS,Firefox
DEV03701,78d02e0254f6eef4,Linux,Chrome
DEV03702,95cc9c4bb0c58678,iOS,Firefox
DEV03703,297d6ec971450bb9,Android,Edge
DEV03704,dde92e7ce3f7ad7f,macOS,Safari
DEV03705,27682b1314710f71,Linux,App-WebView
DEV03706,de5c4a9946538450,iOS,Safari
DEV03707,d375456fa9d46245,Windows,Edge
DEV03708,f4cd2e90c1a50bf4,macOS,Firefox
DEV03709,ce97823e9c78c352,iOS,Safari
DEV03710,2298eccf92dadc4d,iOS,Edge
DEV03711,25d548dc6f02f0bc,Linux,Safari
DEV03712,8b7ec58015dab759,Android,App-WebView
DEV03713,00cec51d972fa077,Android,Chrome
DEV03714,9f7b5474ed425501,iOS,Chrome
DEV03715,b4e5aacc14f9775f,iOS,Chrome
DEV03716,735eb677b08d11b3,Windows,Edge
DEV03717,41db02aa389b1a1f,Linux,App-WebView
DEV03718,fb07ae10d546c14e,Android,Firefox
DEV03719,c3fa79a7fb91259a,iOS,App-WebView
DEV03720,6c2d142e692e5172,macOS,Safari
DEV03721,3b88154b8b2ef3d3,iOS,App-WebView
DEV03722,d933707d6d3b2e0f,macOS,App-WebView
DEV03723,6bd4b01d62162d01,Windows,Firefox
DEV03724,3abc53f0b0d9476c,Linux,App-WebView
DEV03725,3795c2531bcb871d,iOS,Chrome
DEV03726,8e8162d68a6804ed,macOS,Edge
DEV03727,d47d918cfb7a6b86,macOS,Chrome
DEV03728,420c1ad54d6e8471,Linux,Chrome
DEV03729,cab90b824823db0a,iOS,App-WebView
DEV03730,11aa4dd030b939ca,Windows,Chrome
DEV03731,cdad5332dfbbbd13,Android,Edge
DEV03732,ec9e2e50f0c19379,iOS,Chrome
DEV03733,1505bef8ee7c7a8f,Linux,App-WebView
DEV03734,ea48dfc5bb7868cf,Windows,Chrome
DEV03735,0a0ba04c32c2c8e0,iOS,Firefox
DEV03736,c5ad43f37744c2ca,Windows,Edge
DEV03737,1bc35f82464fa802,Windows,Chrome
DEV03738,e5b314af4d2d22c3,iOS,Firefox
DEV03739,3bed90dd520b91a0,Android,App-WebView
DEV03740,73494d23becc5d3f,Linux,Safari
DEV03741,869f9c4332ecb8f2,Linux,App-WebView
DEV03742,671d677de2409c48,Linux,Firefox
DEV03743,9af761361377dff6,macOS,App-WebView
DEV03744,fce72f8fd0099017,Android,App-WebView
DEV03745,8aaf8a6162cd1e2b,Android,App-WebView
DEV03746,addd277d39fd1adf,macOS,Firefox
DEV03747,5bbc710f8320ac54,Android,Chrome
DEV03748,0122c31d2c259862,Windows,Edge
DEV03749,dcecb855de0cdbb6,Windows,Safari
DEV03750,39a64ba714766684,Windows,Chrome
DEV03751,8a4d13164a80a631,iOS,Safari
DEV03752,5d67f8d995f8de74,Linux,Firefox
DEV03753,d8b81d866ace29f7,Android,Safari
DEV03754,840a2dfbbce3b9f5,macOS,Chrome
DEV03755,e4af4b3ff52c8529,Linux,App-WebView
DEV03756,a89ab8b6ccd4a47f,Android,Firefox
DEV03757,a8c482086bc707a8,Android,Edge
DEV03758,0993ae7cd49c2218,Linux,App-WebView
DEV03759,9f4c094558389638,Android,App-WebView
DEV03760,c4bde93b034cd397,macOS,Safari
DEV03761,f3316711d2098e1a,Windows,Chrome
DEV03762,7a23f7b81ecf3fb2,Android,Chrome
DEV03763,bb032f826c1af300,macOS,App-WebView
DEV03764,5a6ccd566312561a,iOS,Firefox
DEV03765,76ec6b070e75b82f,macOS,Edge
DEV03766,6deb35662de85f44,Windows,Safari
DEV03767,defe63337e812c70,Android,Chrome
DEV03768,1b3d1b652050f624,Android,Safari
DEV03769,5aceb88e95cf4d66,Linux,App-WebView
DEV03770,0d2a4474a15c8e6a,macOS,Chrome
DEV03771,2d1409b57e40c092,Linux,Edge
DEV03772,eb1a5050a2ce9464,Android,Edge
DEV03773,390cec5aca5a0d3f,macOS,Safari
DEV03774,5d351e2fd390abf7,macOS,Edge
DEV03775,6cce860010903c6f,Linux,Safari
DEV03776,a873b41d225fbafc,Android,Edge
DEV03777,c0a409398027fa93,Android,App-WebView
DEV03778,e1042858b9f56236,Windows,Firefox
DEV03779,6887f784611c69ea,iOS,Firefox
DEV03780,c5c438a2044877b4,macOS,Chrome
DEV03781,a147dffd2146323a,iOS,Safari
DEV03782,fd632109c4f2bca4,Android,App-WebView
DEV03783,511e18890c89d798,Android,Safari
DEV03784,74c4e9e42818842d,macOS,App-WebView
DEV03785,0869a57728185327,Linux,Chrome
DEV03786,c51d48e3edbc84b0,Android,Safari
DEV03787,7391eb66071024d8,Android,Chrome
DEV03788,34d661762c5ea152,Android,Safari
DEV03789,658b9e319a417b8b,macOS,Safari
DEV03790,5d8ca891266147c8,Windows,Chrome
DEV03791,44e6bea46a62c1e0,Windows,Firefox
DEV03792,9467efd0a9e7b2cb,Linux,Safari
DEV03793,f6ddc9f98541a813,Windows,Safari
DEV03794,fbd1c89d03042d5e,Linux,Edge
DEV03795,99307648d60cb31c,macOS,Chrome
DEV03796,99163b705c05b385,Android,Chrome
DEV03797,8fdebf24bff612eb,Windows,App-WebView
DEV03798,f782d8adcb81555b,iOS,Edge
DEV03799,bad858c2c5aa54ce,Windows,Safari
DEV03800,baa6de57629917e7,macOS,Firefox
DEV03801,674cb8011303b053,Windows,App-WebView
DEV03802,d37232cc41b41bd7,Windows,Safari
DEV03803,ca1eaedcb7c559fa,Linux,Firefox
DEV03804,0dad703ec49157d2,Windows,App-WebView
DEV03805,364f1bbbd635757c,Linux,Chrome
DEV03806,f42763ec564ade17,Android,Firefox
DEV03807,cb058e11eb80384d,macOS,App-WebView
DEV03808,8b31cbbbf26ed17e,macOS,Firefox
DEV03809,63b31eff286ff192,Android,Safari
DEV03810,fab04c55f846a1e1,iOS,App-WebView
DEV03811,c120d2ca2c0340a1,iOS,Firefox
DEV03812,4e8c090c6d9cdd30,Linux,Safari
DEV03813,dca8d1efa7e470bf,Android,Firefox
DEV03814,f3e83b016fa71888,iOS,Chrome
DEV03815,54e80e5defb0f4b3,iOS,Edge
DEV03816,ec3e1be39f7292ac,macOS,Chrome
DEV03817,48c40a2b81014b6b,Android,Edge
DEV03818,e1ad95537e94af92,Android,Firefox
DEV03819,aa0aec95b6f244aa,Windows,App-WebView
DEV03820,e6f7af791e9c31f2,macOS,Firefox
DEV03821,c37400f552a0a954,Android,Chrome
DEV03822,5ebdac113d8c576c,Windows,App-WebView
DEV03823,e59cf3c34c0f25a9,macOS,Edge
DEV03824,70cda8483eccba8a,Android,Edge
DEV03825,0af26f48612e9080,macOS,Edge
DEV03826,3e5ab49f9ab48194,Android,Safari
DEV03827,6295955e12a37eb2,iOS,Edge
DEV03828,dc5a0397d182b353,iOS,Edge
DEV03829,45da79420fa5c533,Linux,Chrome
DEV03830,013bd3f175f68cee,Windows,Chrome
DEV03831,d9ea69f6a2d689ca,Linux,Firefox
DEV03832,f56e79add58eb397,Android,App-WebView
DEV03833,a0c460e5202a4562,Windows,Firefox
DEV03834,2f979a5c5ff5e541,Linux,Safari
DEV03835,8fdb832b0b0cc205,Android,Firefox
DEV03836,9115a875e861112e,Linux,Edge
DEV03837,7ea285e6f1f0f90b,macOS,Chrome
DEV03838,558b23deb0f0f4a3,Android,App-WebView
DEV03839,f787b4b0931d9f72,macOS,Firefox
DEV03840,d866262931e1df1e,Linux,Edge
DEV03841,e381571dd2a40bf0,macOS,App-WebView
DEV03842,7388c41e434bb690,Linux,App-WebView
DEV03843,dc3c52cabb5dfffb,Windows,Safari
DEV03844,09cd22e7efe986c8,macOS,Edge
DEV03845,45dfd94c43d862bd,iOS,Safari
DEV03846,e14591e22e073974,Android,Firefox
DEV03847,7d43e13385906aa7,Windows,Chrome
DEV03848,0b54a1bd81ba0a6f,iOS,App-WebView
DEV03849,a2190dc02601c03f,Windows,Firefox
DEV03850,b3cb4dc32f32da26,Linux,Edge
DEV03851,7f09e169d9120aba,Android,App-WebView
DEV03852,f0004c8ddf65d448,Windows,Firefox
DEV03853,96f63fcd8cd15e14,Windows,Firefox
DEV03854,54513fa8ab9fc0ed,Linux,Chrome
DEV03855,e354fa6a8889c446,Android,Firefox
DEV03856,2ac47c4d3812aa19,Linux,Firefox
DEV03857,267400514480296a,Windows,Safari
DEV03858,0a021a189f6324f0,macOS,Edge
DEV03859,c528c848d8da47c7,Android,Edge
DEV03860,a4d7a3dc1840cf93,Android,Edge
DEV03861,32530d1bc1e278dc,Android,Firefox
DEV03862,857a136388d22fb9,macOS,App-WebView
DEV03863,7c703690a83710a5,iOS,Edge
DEV03864,eddfe11eab8d85cc,Android,App-WebView
DEV03865,a04bd182e250f963,Android,Firefox
DEV03866,61dd239a998cdc80,Linux,App-WebView
DEV03867,b41fb5fa93ec0fb1,Windows,Chrome
DEV03868,80ff8b1674c8925f,macOS,Safari
DEV03869,8a54bedd97f7f742,Windows,Firefox
DEV03870,a51e26db0bbe975e,Windows,Edge
DEV03871,58479b2b2a8e048d,iOS,Safari
DEV03872,fe095398ec320097,iOS,Safari
DEV03873,25a0355505082667,Linux,Chrome
DEV03874,57779e98c8d65a71,iOS,Chrome
DEV03875,b334d606fabb9374,Android,Safari
DEV03876,ff33cfb3c8dd9c74,Linux,Edge
DEV03877,bbaaad953ef23194,Linux,Firefox
DEV03878,6bd6cbb5cd4454dd,Android,App-WebView
DEV03879,603673f32213bdce,iOS,Chrome
DEV03880,78306112e8533353,Windows,Firefox
DEV03881,2e88420aafd08c63,Android,Firefox
DEV03882,a055e8d4990f82b8,Linux,Chrome
DEV03883,f5f8c461c0e390f1,Linux,Safari
DEV03884,d2daf2f1fe92c378,Windows,Chrome
DEV03885,7cfaff2920034f27,Android,App-WebView
DEV03886,265014db40c47d50,macOS,Chrome
DEV03887,2f0e10b592aea07a,Linux,Chrome
DEV03888,abb94cfd7f34f8b7,iOS,Safari
DEV03889,53ce43b7667d1b37,Windows,App-WebView
DEV03890,d7ceafbd0f0803f6,Windows,Edge
DEV03891,d461422288470f91,Android,Edge
DEV03892,ee4c80dc73a3e283,Windows,Safari
DEV03893,dc3e28221c78dea8,Android,Firefox
DEV03894,689410d532e8ae0d,Linux,Firefox
DEV03895,76cc9b538cd2d0ca,Windows,Edge
DEV03896,93aa9e7432f02f5f,Windows,Edge
DEV03897,6b4d53e870bc76b0,Windows,App-WebView
DEV03898,6c1de003f6639050,Android,Safari
DEV03899,02961dc33a1bfb13,Windows,Chrome
DEV03900,d5c6497f50c18691,Windows,Safari
DEV03901,0384cc72fcb4a69a,Linux,Chrome
DEV03902,9b90f11b995d43b6,Android,App-WebView
DEV03903,5ffa5e5fae558415,iOS,Firefox
DEV03904,697a3251cadb1404,Linux,App-WebView
DEV03905,b3ebbb30be635d37,Linux,Firefox
DEV03906,385b66c79470880f,iOS,Edge
DEV03907,7a67098272c6dc87,Linux,Chrome
DEV03908,156434e6ad3ef8c6,iOS,Edge
DEV03909,ff547cd802367e92,Android,Chrome
DEV03910,3942c1ee0631af45,iOS,App-WebView
DEV03911,afd325c4f964afa5,Linux,App-WebView
DEV03912,d6b36dc2a3d70b8b,Linux,Edge
DEV03913,dc925e4e19fb6188,Linux,Chrome
DEV03914,2dfee40905e51cde,Linux,Chrome
DEV03915,4edfef80fe0a1745,Linux,Edge
DEV03916,cfb4d491db814811,Linux,App-WebView
DEV03917,1e2f443f00064ed9,macOS,Firefox
DEV03918,98a75ee250635144,Windows,Safari
DEV03919,4aa6a23ae20c012d,Linux,Firefox
DEV03920,40b7f6014dbf108a,iOS,Firefox
DEV03921,0c4013724445e4d8,iOS,Firefox
DEV03922,a293ad3aa731c797,iOS,Edge
DEV03923,021146b972681c4d,Windows,Chrome
DEV03924,3eddb54c907b1ab5,iOS,Edge
DEV03925,47cf84f0df644f25,macOS,Firefox
DEV03926,c405b0a57bbf4f0d,Android,Firefox
DEV03927,711143f8d87eb051,Linux,App-WebView
DEV03928,283f9cff1c590377,Android,Firefox
DEV03929,d14233fdc8299aa9,macOS,App-WebView
DEV03930,b59dc2858050bd56,iOS,Edge
DEV03931,570f62c540f30bbf,macOS,Safari
DEV03932,5403fee82548eff2,Linux,Safari
DEV03933,f538d362d481d911,Linux,Safari
DEV03934,99ea6491862d940b,macOS,App-WebView
DEV03935,5d756e99e069cd53,iOS,App-WebView
DEV03936,835a05d75575ab02,Windows,Firefox
DEV03937,2a5448f021012466,Windows,Firefox
DEV03938,c13f70aae0064b62,Android,Chrome
DEV03939,613c61faf84ed403,macOS,Edge
DEV03940,85e31b674cf71bf6,Linux,Safari
DEV03941,cf3ccb26d260d1c9,Linux,Edge
DEV03942,49b9d6000d5e5ba6,iOS,Safari
DEV03943,58c6a2a6cc7f53be,macOS,Chrome
DEV03944,256522276d19f8f1,iOS,Chrome
DEV03945,3c79b4fc949fce5c,macOS,Firefox
DEV03946,69bd1151bdb014f6,Linux,Edge
DEV03947,5ea9944149c66e78,Android,Safari
DEV03948,e0cf5abfee52d0ef,Android,Edge
DEV03949,e8c7b9229e28a613,Android,Safari
DEV03950,d350882c86284768,Android,Safari
DEV03951,14cb3dddf1af138a,Linux,App-WebView
DEV03952,420c80e463f313b6,macOS,Edge
DEV03953,8e39c785b45142f5,Windows,Safari
DEV03954,e3ee1e0b87e25244,macOS,App-WebView
DEV03955,29c609239e747faf,iOS,Firefox
DEV03956,af1b1989e1febd59,Android,Firefox
DEV03957,edeba0063a61d86f,Windows,App-WebView
DEV03958,bb2b78565f42d410,Linux,App-WebView
DEV03959,323235c951ad7afc,Android,Chrome
DEV03960,f7fa42aba8b9f481,Android,Firefox
DEV03961,f471f660efb6e4b8,macOS,Edge
DEV03962,daa2b44e16554bb5,macOS,Edge
DEV03963,26d3202af679dbf8,Windows,Edge
DEV03964,e87d560d0b521cc2,iOS,Safari
DEV03965,b35c7e6c13e5fa77,Linux,App-WebView
DEV03966,f304e4a7c453763e,Android,Safari
DEV03967,5cc5763bfa9e2499,Android,App-WebView
DEV03968,5969b4161ac23958,Linux,Firefox
DEV03969,f452e5e812023432,macOS,Edge
DEV03970,4817d4a422ec9478,Windows,Edge
DEV03971,29e1ee2007662d23,iOS,App-WebView
DEV03972,ea98ddd3a9d18241,Linux,Firefox
DEV03973,54483084fe315fc7,Android,Safari
DEV03974,7124d0bd12ac5dcd,Windows,Edge
DEV03975,a5065e094579e6fd,Windows,Chrome
DEV03976,12a7e8cdc6b64324,Linux,App-WebView
DEV03977,598a41c92ccb25c5,Linux,App-WebView
DEV03978,1e2c11dd5445ae64,Linux,Edge
DEV03979,31e764472cd4dde1,Windows,Firefox
DEV03980,b68ba187fe97904d,macOS,Firefox
DEV03981,53a307629d807bf2,iOS,Safari
DEV03982,9bf0a63f09e82b05,Android,Safari
DEV03983,ffd60dd4296257f0,macOS,App-WebView
DEV03984,dea78e1de28a8eea,Windows,App-WebView
DEV03985,249c32ca9d22c272,Linux,Firefox
DEV03986,0b8e159cc433e394,Android,Firefox
DEV03987,63fedffce4eb9d2c,Windows,Safari
DEV03988,d1f84349f7d4d0d0,Android,Firefox
DEV03989,c3ca3673be19f173,Windows,Edge
DEV03990,702c920d3c8ed634,macOS,Safari
DEV03991,5525ce0234e4ee46,iOS,Firefox
DEV03992,a20f68044a9dc152,Windows,App-WebView
DEV03993,21ef48c707318172,Android,Safari
DEV03994,f1be8f70a3f5d631,Windows,Safari
DEV03995,fcceaf149a762315,Android,Safari
DEV03996,fde20fc89e551855,Linux,App-WebView
DEV03997,0a54e9afe5489d4f,iOS,Chrome
DEV03998,d95383ec5ee918eb,Linux,Chrome
DEV03999,6789e3b543eac20e,Linux,App-WebView
DEV04000,a63a813e1a8611f2,iOS,Chrome
DEV04001,98f7f87127a678a1,macOS,Chrome
DEV04002,0c26dfa26c6397ee,Windows,Safari
DEV04003,911a5dfe7217467b,Windows,App-WebView
DEV04004,0a71ea69186fefed,macOS,Edge
DEV04005,02aa088462e4eefc,Linux,Safari
DEV04006,17f0ad0d43cbf3c5,macOS,Firefox
DEV04007,9ec5f559c2ba0c9e,Android,Chrome
DEV04008,85081deb9a7877e9,macOS,Edge
DEV04009,1a09f745cfd868b7,macOS,Firefox
DEV04010,446d2984a17cea8a,Android,Safari
DEV04011,bdb62912f52b8512,Windows,Chrome
DEV04012,98a476d8428b17f5,Windows,Chrome
DEV04013,e16ff07596a94c87,iOS,Chrome
DEV04014,0f43dc2f6dbf11c2,Windows,Safari
DEV04015,df1487234e984721,Linux,Firefox
DEV04016,ef93f51c871a76a4,Windows,Edge
DEV04017,541a8f00613588e8,Linux,Chrome
DEV04018,a0bf36b8fc6f2d01,Windows,Chrome
DEV04019,4f46eefa34670780,macOS,Chrome
DEV04020,efc7c1a391828a04,Linux,Firefox
DEV04021,32de82244d622751,iOS,App-WebView
DEV04022,14339c177de48548,Android,Chrome
DEV04023,53b2fceb9f7a9c37,iOS,Safari
DEV04024,b61943977ce6ecf6,Linux,Edge
DEV04025,c0b5a13f84125da8,iOS,Safari
DEV04026,8c2bcd86f018b621,Windows,Edge
DEV04027,717d6efb13aec01b,iOS,Edge
DEV04028,23964fa38ae76d7b,iOS,Edge
DEV04029,993b7fa052d4535d,Windows,Safari
DEV04030,e814468c482f347e,iOS,Chrome
DEV04031,aa82bed94ddf1d60,Linux,Safari
DEV04032,b6e70f69ec3da0e1,Android,Edge
DEV04033,96396f1451c7cd96,Android,Edge
DEV04034,aedabd0b382f85d7,Linux,App-WebView
DEV04035,3bf622156fb40bb9,iOS,Safari
DEV04036,a29ce15aecc027b7,Android,Edge
DEV04037,33642f5e096415c9,Windows,App-WebView
DEV04038,fc27e3b816678b2f,macOS,App-WebView
DEV04039,c1d31e1992265aa8,iOS,Firefox
DEV04040,d7e0caa15ec38c06,macOS,App-WebView
DEV04041,e90e5252ac35a615,iOS,Firefox
DEV04042,c1c52bf699654531,iOS,Firefox
DEV04043,6f77392d1a991e68,macOS,Edge
DEV04044,a8da86dd922f080b,macOS,App-WebView
DEV04045,ebf90ebed6526440,Windows,App-WebView
DEV04046,d8949aee0d426ac9,macOS,Firefox
DEV04047,f14557e67c6c1f39,Android,Safari
DEV04048,8038bfd909536ffa,Android,Firefox
DEV04049,72edf83feaca5d77,macOS,Edge
DEV04050,6018c691284b03bc,Windows,Safari
DEV04051,015264c07e400d34,macOS,Chrome
DEV04052,190d4f3c907a421e,iOS,Edge
DEV04053,a462d5c5893d4361,Windows,Chrome
DEV04054,62e7046b9940b567,Windows,Edge
DEV04055,0697600e34a9b879,iOS,Edge
DEV04056,b06ded70b406151a,macOS,App-WebView
DEV04057,4492d4117e664e2f,macOS,Safari
DEV04058,d5bed374b892c2bb,Android,Firefox
DEV04059,33859a76ea493f22,Windows,App-WebView
DEV04060,a6d5a025196b2ee1,iOS,Edge
DEV04061,b140a63fdd3036f3,Android,App-WebView
DEV04062,e90ca417b1481a8c,Windows,Firefox
DEV04063,3c57921c0bde6506,Windows,Edge
DEV04064,8246efe7e838fa5f,macOS,Edge
DEV04065,a6e2eb6c31bfb940,macOS,Edge
DEV04066,a81e18dae707a8d7,Windows,Chrome
DEV04067,955c9038d4329d12,Windows,Edge
DEV04068,be5d90d19d4615a4,iOS,Firefox
DEV04069,7fe97b984699680b,Android,Firefox
DEV04070,82156731973e805c,macOS,Edge
DEV04071,63e54fbd7dd6ce20,iOS,App-WebView
DEV04072,4f314c4858753eb3,iOS,App-WebView
DEV04073,ccc68fa1b0a1d5e6,iOS,Chrome
DEV04074,8593ce0d72fda774,Linux,App-WebView
DEV04075,1a79c24361476662,Windows,Safari
DEV04076,0f502a75dbb293a4,Linux,App-WebView
DEV04077,95a28de4abfd5fe1,Android,Chrome
DEV04078,7614cbe749c019d0,macOS,Chrome
DEV04079,f12f61d6daa81dcc,Windows,Firefox
DEV04080,3333588e24d78485,Linux,Chrome
DEV04081,65d551c734400ff7,Android,App-WebView
DEV04082,07dee338f8ffdd1a,iOS,Firefox
DEV04083,3497e67eb4523c0c,Linux,Safari
DEV04084,4aa0ba8ce01c4841,iOS,App-WebView
DEV04085,1cd74720b5e47122,macOS,Safari
DEV04086,90d3448e9a46e1c4,Windows,Safari
DEV04087,c80b85b675e354e4,Windows,Firefox
DEV04088,bd6d762a1bd54c48,macOS,Safari
DEV04089,a81c8dc3c8a9cb55,Linux,Safari
DEV04090,713ed71d3640a06e,Android,Chrome
DEV04091,c21545e66f6172ad,Android,App-WebView
DEV04092,248eff7e8d1611b0,Android,App-WebView
DEV04093,36ebc77286f15c67,macOS,Edge
DEV04094,32f11bf59f684c7f,Android,Safari
DEV04095,f90c8933d02e9ef1,Windows,Firefox
DEV04096,ce9395fcd936b009,Android,Safari
DEV04097,97ad8a30822f4c28,iOS,Chrome
DEV04098,f48fccc80d3419c5,Windows,Chrome
DEV04099,970ecd4f580ada88,macOS,Edge
DEV04100,6e5e42beafeb346b,iOS,Firefox
DEV04101,d9ec7249d5e5daa8,Android,Chrome
DEV04102,b85d6a36ea11c3a6,Android,App-WebView
DEV04103,942c833ac821890e,macOS,Chrome
DEV04104,dedbbadffe2a5dd0,Android,App-WebView
DEV04105,5c61c26d00169629,Linux,Safari
DEV04106,d660e3e5204f8b5e,Android,App-WebView
DEV04107,8ce059e70a1c73b9,macOS,Safari
DEV04108,3866d02f75232253,Linux,Firefox
DEV04109,cf36685948b2d4c0,Windows,Edge
DEV04110,b6675ed27c63ab67,Linux,Chrome
DEV04111,68807da50dcf53f1,Windows,Firefox
DEV04112,befb9c3224ac3924,macOS,Safari
DEV04113,8cdcdea7a607e745,Android,Firefox
DEV04114,f9ab81f83e945d17,Linux,Edge
DEV04115,70045fb27dc3d832,macOS,Firefox
DEV04116,585c9ae0357badb3,macOS,Chrome
DEV04117,9f8171988bdf2b2a,iOS,Edge
DEV04118,dc58c7fa2f851d1f,Linux,Firefox
DEV04119,dc9cf1e916fe815a,macOS,Firefox
DEV04120,6bdb813c2ed83779,Linux,App-WebView
DEV04121,86018464fafbc7c9,iOS,Edge
DEV04122,1f8f3fb963fdc588,Android,Edge
DEV04123,366b2c7cae56996e,macOS,Firefox
DEV04124,dfe82986d0602822,Linux,Chrome
DEV04125,62960ed14cd6e524,macOS,Safari
DEV04126,07180fda622e7adf,Linux,Chrome
DEV04127,558889a031e54d2c,macOS,Safari
DEV04128,325ed973aa76366e,macOS,Firefox
DEV04129,23780e6caee7cade,macOS,App-WebView
DEV04130,4a826e784c607670,Android,Firefox
DEV04131,1e75d1997ca7a21b,Windows,Safari
DEV04132,780d696bb1a739c4,Android,Chrome
DEV04133,51785bef5c9fd966,Linux,Safari
DEV04134,74eddbca9c557156,iOS,Edge
DEV04135,36a4c292b914d274,Linux,Safari
DEV04136,ad0d51283d09d5dc,Android,Safari
DEV04137,e862cbfd998aed87,macOS,App-WebView
DEV04138,5c02683e652d3c3e,macOS,App-WebView
DEV04139,dcb7e6f99a40c469,Linux,Safari
DEV04140,fecc871b638e0fae,Android,Edge
DEV04141,69e3614af8d229b5,Windows,Edge
DEV04142,dd713af0879e7dea,Windows,Firefox
DEV04143,4f048502568425df,iOS,Chrome
DEV04144,af3e92af81e0e7e7,Windows,App-WebView
DEV04145,efdf45bb08f88ecb,Linux,Edge
DEV04146,d3dc36b656c53ff5,Android,Firefox
DEV04147,2d49a02b21f05b38,iOS,App-WebView
DEV04148,1f50a99957b00077,macOS,App-WebView
DEV04149,d2fef28c7a68455c,macOS,Firefox
DEV04150,03fb33f289ca986d,iOS,Firefox
DEV04151,70482587f2a9046c,macOS,Edge
DEV04152,15c9a9391a53e99c,Linux,App-WebView
DEV04153,e1485774b2786944,Android,Chrome
DEV04154,9939060f3f5a6867,macOS,Chrome
DEV04155,366c046d315979d6,macOS,Safari
DEV04156,6a811732334a4609,Android,Safari
DEV04157,5e32c73ccdb08973,Linux,Chrome
DEV04158,dc4b7a38e164ea91,iOS,Safari
DEV04159,a44bf683eec5ddd5,macOS,Chrome
DEV04160,6b41df1fc8ba5b17,Android,Edge
DEV04161,11ea4404d19dc3bc,macOS,Safari
DEV04162,c56cd434d94b19d9,Linux,Edge
DEV04163,a1205cb296f37ead,iOS,App-WebView
DEV04164,965dcb4c7d83a05c,macOS,Edge
DEV04165,5c74d616fa3a1b7e,Android,Firefox
DEV04166,533cb87c724f4a38,Android,Edge
DEV04167,41acea83e673ccdd,Windows,Firefox
DEV04168,cf2e7e9b64cd181e,Linux,Firefox
DEV04169,ccaf7ad6b540a002,Linux,Firefox
DEV04170,fc9992f18d896ace,Linux,Safari
DEV04171,81173e5587bf3a90,iOS,Firefox
DEV04172,c6b288f3df7c4e10,Linux,Safari
DEV04173,123987eb03f2a8fa,Linux,Firefox
DEV04174,14f05379dea5bc6b,Linux,App-WebView
DEV04175,37f9fdecba14f150,Windows,Edge
DEV04176,208861f449787797,macOS,Safari
DEV04177,cd4af4ea8e3bfd20,Windows,Safari
DEV04178,1374e697c43ea18d,iOS,App-WebView
DEV04179,5f4396dbe436ad06,macOS,Chrome
DEV04180,0c10829df6a5076e,Windows,Edge
DEV04181,c0129da34affd9d6,iOS,Safari
DEV04182,1adf3e2b6eb699c1,macOS,Chrome
DEV04183,2e8f627944c9eb2e,Android,Firefox
DEV04184,5af09f46b39e2507,iOS,Safari
DEV04185,65a8f709e0b1beda,Android,App-WebView
DEV04186,8eaa96b4f23e879f,macOS,Firefox
DEV04187,179758c9fee248ca,Android,Chrome
DEV04188,caf46dd0775fa3f2,Linux,Edge
DEV04189,24f41144c55d9279,Linux,Safari
DEV04190,2c4f4fa037097587,Android,Firefox
DEV04191,a2af21c3a3d6b191,Linux,Safari
DEV04192,aa255a2b36304b80,Windows,Chrome
DEV04193,820328e5f47b15a5,iOS,Firefox
DEV04194,37a66d8ba0851f22,Windows,Edge
DEV04195,def74d6ffdfc6a3e,Linux,Firefox
DEV04196,492d0c4e3ae81d9c,Windows,App-WebView
DEV04197,7df2de175c4fe39b,macOS,Firefox
DEV04198,61957b592b4dc92a,Linux,App-WebView
DEV04199,73fe039601c710eb,iOS,Chrome
DEV04200,619f66cc84996ea3,Linux,Safari
DEV04201,7a7cb7e70b9e3e04,Android,Safari
DEV04202,4e5f4803d78304ce,Windows,Safari
DEV04203,27c3cbdb23948e8d,Windows,App-WebView
DEV04204,c5cf201f8a7ac8d2,Android,Safari
DEV04205,f475e80223ad7e54,Linux,App-WebView
DEV04206,1910a54bd9c496fd,macOS,Firefox
DEV04207,7217885aea08851d,Linux,App-WebView
DEV04208,e7603151c70380d5,Linux,Firefox
DEV04209,1121f7c47e312d49,Linux,Edge
DEV04210,598e30c43d132ff6,iOS,Safari
DEV04211,36c758c8fa0e668f,Android,Safari
DEV04212,36cf6cf4fb8c39c3,iOS,Chrome
DEV04213,192c7a5e2873f65d,Linux,Safari
DEV04214,ed1891cb0fb739af,iOS,Safari
DEV04215,26988a2fa5505967,macOS,Chrome
DEV04216,860a432e52ab41e2,Windows,Chrome
DEV04217,79c8773e3d3882d6,Android,Safari
DEV04218,91812150d907101c,Linux,Edge
DEV04219,28dfbc4841836e30,macOS,Edge
DEV04220,280ac34ab0d6b04a,Windows,Firefox
DEV04221,9b7c347d13afc91a,Linux,Chrome
DEV04222,7cb5acfc4a134675,iOS,App-WebView
DEV04223,fd860b2d90feaec6,macOS,Edge
DEV04224,42c3aff3d649a4ee,macOS,Edge
DEV04225,8e5bd464d3d6ff23,Windows,Firefox
DEV04226,3e3df3962ff18cbd,Linux,Firefox
DEV04227,0562e42ecd15c7e5,Linux,Chrome
DEV04228,26828fe07b1b95cf,Linux,Safari
DEV04229,d48d806d3f90c0b1,iOS,Firefox
DEV04230,cdb1912c677b57d3,iOS,Edge
DEV04231,d69692c7b3666ec1,Linux,Edge
DEV04232,a071a73b422a0370,macOS,Firefox
DEV04233,73bc63702465fb83,Android,App-WebView
DEV04234,64a30cab42b0ab00,macOS,Firefox
DEV04235,6e711408db60c563,iOS,Chrome
DEV04236,6cc936539ef2c161,Windows,Edge
DEV04237,aeed35e2b2224a6b,Windows,Edge
DEV04238,98af73fe2d621ae0,iOS,App-WebView
DEV04239,3b263ea4bc04d258,Linux,Safari
DEV04240,8b4e11fdfbfc0859,macOS,Firefox
DEV04241,aa44ad8bb2994e53,iOS,Chrome
DEV04242,de1f0f9ec96aed4f,iOS,Edge
DEV04243,c50672946d20c0ae,Windows,App-WebView
DEV04244,8361cbc1ff995b00,iOS,Chrome
DEV04245,87a5166818c138fb,Linux,Firefox
DEV04246,5294a03b1073e280,Windows,Chrome
DEV04247,431e82a329ef1afe,Windows,Firefox
DEV04248,d8ff22de0cc671b0,Linux,Chrome
DEV04249,df8a86a9b9509f94,Linux,Firefox
DEV04250,93cd8dcaca0de775,Android,Firefox
DEV04251,52a1698d7d8b58bb,macOS,Edge
DEV04252,14c98a6bedbf6504,Android,Firefox
DEV04253,ea9d17629c89259c,Windows,Chrome
DEV04254,77a85c02f518dd13,Linux,Chrome
DEV04255,db027ff9093ea4ca,macOS,App-WebView
DEV04256,d5d898707e6b7013,macOS,Edge
DEV04257,d1f3ba10d3196f12,iOS,Edge
DEV04258,a6b26466ddd02294,Linux,Chrome
DEV04259,c552da9bad0abe9f,Android,Firefox
DEV04260,de6edb2943f6d504,Android,App-WebView
DEV04261,4297899822075a8d,iOS,Safari
DEV04262,56e2d09ae9c67cad,iOS,Chrome
DEV04263,e4e00d5198fd6a29,macOS,Chrome
DEV04264,5f3bf92895d432ff,Android,Edge
DEV04265,cdf6298605f6ce36,Android,Firefox
DEV04266,0ca255ab63beb619,Android,App-WebView
DEV04267,415a70cdae8cc9fc,Windows,Safari
DEV04268,b191ecb5ee4ab005,Linux,Chrome
DEV04269,09f7c62419e8ebe8,Windows,Firefox
DEV04270,56e095c371c12c62,iOS,App-WebView
DEV04271,4c12df116f971933,Windows,App-WebView
DEV04272,f4947186a46e4b9d,Android,Edge
DEV04273,5a28f97cce0b45bb,macOS,Chrome
DEV04274,13faa5f3f108424b,Android,Safari
DEV04275,57e740f5c4478614,Linux,Safari
DEV04276,158fcb64a32e7427,Windows,Chrome
DEV04277,77b1d2775b72fac8,iOS,Edge
DEV04278,62887efa1d1220e9,Android,Firefox
DEV04279,bf1d53176273130f,Linux,Safari
DEV04280,9b89ced28994f518,Linux,Edge
DEV04281,80fa4e19c3efb449,iOS,Chrome
DEV04282,0e5e3ecd3ad2feb5,Windows,Firefox
DEV04283,b2ccb2e486180705,Linux,Firefox
DEV04284,d1a823a01a840c9f,Android,Firefox
DEV04285,fba623f941bb6e4b,macOS,App-WebView
DEV04286,c587924b3df229b2,Android,App-WebView
DEV04287,98095d01ba5f29ee,macOS,Chrome
DEV04288,6621257e564e9edd,Android,Chrome
DEV04289,81bfcf4f06b303a3,iOS,Chrome
DEV04290,b206d74a80986af9,iOS,Firefox
DEV04291,7fb7f7d35ef0a057,Linux,Chrome
DEV04292,c6e078f22ac86678,iOS,Chrome
DEV04293,fd4300b90eed7ff8,iOS,Firefox
DEV04294,dce7cd7cff634c21,macOS,Chrome
DEV04295,36780c17b4aba9fd,iOS,Firefox
DEV04296,fd410b327d73681f,iOS,Safari
DEV04297,1c63505bb436a8ab,Windows,Chrome
DEV04298,1869fa4048e3b477,macOS,Firefox
DEV04299,3508983f4136b40c,iOS,Firefox
DEV04300,f1f677ddda6d5304,iOS,App-WebView
DEV04301,0c65694ea9ca26f3,Windows,Edge
DEV04302,10f02702c9dd290d,iOS,Safari
DEV04303,a5891b2062cfe7e1,Windows,Safari
DEV04304,10873fc33a7b9f78,iOS,Firefox
DEV04305,463c6e1a82528866,Windows,Edge
DEV04306,138473ec1551577e,Windows,Chrome
DEV04307,f7b8eebe72d0587b,macOS,Firefox
DEV04308,7d562dbf545f8bb7,Linux,Firefox
DEV04309,030ef50160ada22a,Windows,App-WebView
DEV04310,59ea88b07593546a,macOS,Safari
DEV04311,b6c803ab0f1a8b21,Android,App-WebView
DEV04312,16652fa8bbf53c81,macOS,Safari
DEV04313,2b3e0eafa8ad7373,Linux,App-WebView
DEV04314,f3387cbeb1677873,iOS,Edge
DEV04315,78bc7753751f5554,Windows,Firefox
DEV04316,24a06ee958b1e748,iOS,Firefox
DEV04317,06e3a03ee2f7c419,Linux,App-WebView
DEV04318,4fa6adc87750e317,Windows,Chrome
DEV04319,2711ced87cac10d1,Linux,Safari
DEV04320,7633bbe5ccde2079,Windows,Safari
DEV04321,0b9b183dcf5ac70d,macOS,Firefox
DEV04322,9e336b3f3ad568fb,Android,Chrome
DEV04323,b1ff86bb2828e598,Linux,Safari
DEV04324,5cea45d3bb1fbcd0,macOS,Safari
DEV04325,3535d120b1ac43f0,macOS,App-WebView
DEV04326,21dff02306c73f96,Windows,Firefox
DEV04327,9ec4c045d2ebc19d,Linux,Edge
DEV04328,0d38eae2dee84203,Linux,Chrome
DEV04329,37513f457f5f8f55,Windows,Chrome
DEV04330,5ec5e01b804df6a8,Windows,Chrome
DEV04331,92b2d4d9aa165bbb,iOS,Edge
DEV04332,bd4225df108493af,macOS,Firefox
DEV04333,503df9cde77c3f59,Windows,Chrome
DEV04334,5f62052dbca28211,iOS,Firefox
DEV04335,f924ab2c0e0d78b8,Windows,Safari
DEV04336,354f9293c8784d0c,macOS,App-WebView
DEV04337,96e00fab0c65c961,iOS,Chrome
DEV04338,2abff14af72d0db2,macOS,App-WebView
DEV04339,aba29c82df3a0b2d,macOS,App-WebView
DEV04340,ff825daf58a510fc,Linux,Edge
DEV04341,1997c13a00e39f42,macOS,Edge
DEV04342,b7d93af9bdf80fb9,iOS,Firefox
DEV04343,cc9412905cf44000,Windows,App-WebView
DEV04344,95560c0ad1d090ff,Windows,Edge
DEV04345,a617b918bd703c05,macOS,Firefox
DEV04346,5964b72a9293fa42,Android,Safari
DEV04347,119c5c30c6b155f3,Linux,Chrome
DEV04348,9705dded23d79a49,macOS,Edge
DEV04349,3d0b34a4378513f6,Windows,App-WebView
DEV04350,a1d71a6cdf12bbe7,macOS,App-WebView
DEV04351,526161d8c6a5acf2,Android,Safari
DEV04352,d7abfa2dbbf7ce99,Linux,Safari
DEV04353,2c1d9ab3ca61169e,Windows,App-WebView
DEV04354,11a9b600b5c9baf7,Linux,Safari
DEV04355,7555fb2a61331b89,Linux,Safari
DEV04356,2590543de522fca3,iOS,Firefox
DEV04357,fc428fe98715d5a6,Android,Chrome
DEV04358,5da8681b81dda0c7,Windows,Safari
DEV04359,e238a82c64e98f9f,Windows,Edge
DEV04360,2daa0c8823a41182,macOS,Safari
DEV04361,45d1ee1facdea233,macOS,Chrome
DEV04362,2496c0f2317d2821,iOS,Safari
DEV04363,e714eb2b6daf7292,iOS,Firefox
DEV04364,27a96e95e4279977,Windows,Chrome
DEV04365,aa049dfc418690d6,iOS,Safari
DEV04366,89beae3327bd0783,iOS,Edge
DEV04367,8ccbd2d8143b6d6a,Android,Safari
DEV04368,745df2df5d85b9d9,iOS,App-WebView
DEV04369,41db74ce112fd6db,Windows,Chrome
DEV04370,f44e65a24e6bf03b,macOS,Safari
DEV04371,b1e1140a9b6fe436,Windows,Chrome
DEV04372,4f738a40701eaf72,macOS,App-WebView
DEV04373,3f001c8965de306c,macOS,Safari
DEV04374,a58719c5dbd13625,macOS,Edge
DEV04375,f142deed9142f955,macOS,Safari
DEV04376,c5f28eba52bce479,Android,Edge
DEV04377,4041ab64bb190618,iOS,Firefox
DEV04378,3e330b0455bde35a,iOS,Edge
DEV04379,222309f466cf1164,Windows,Firefox
DEV04380,7e0eb1116a4f75f6,macOS,App-WebView
DEV04381,22726f0e66224447,macOS,App-WebView
DEV04382,59853605a6728b4d,Android,Firefox
DEV04383,aacff6d37551a4da,macOS,App-WebView
DEV04384,912f8db60d0ca808,Android,Safari
DEV04385,ebcc989e8fce671b,Linux,Safari
DEV04386,c1fa8e4ad7981c86,iOS,Firefox
DEV04387,3d6ba97dcc552096,Windows,Firefox
DEV04388,79f9e2013200cf62,Linux,Chrome
DEV04389,586b6fd76d8cfb50,Linux,App-WebView
DEV04390,a7701575d9668a93,macOS,Chrome
DEV04391,e6796fa28779fa9a,iOS,Safari
DEV04392,703d6bca065e2a1a,macOS,Safari
DEV04393,aed3ef7e9a99e197,Android,Safari
DEV04394,48e49bf7bf1f9cea,Windows,Edge
DEV04395,39a3116c16bc28ea,Android,Firefox
DEV04396,ba9e92c15151acaf,macOS,Safari
DEV04397,da58152f942ef1e9,macOS,Safari
DEV04398,f28ad080563be53a,Windows,Firefox
DEV04399,3f8d3952d5505b8b,macOS,Edge
DEV04400,27a91505bec5822e,Android,Firefox
DEV04401,4797aa453c1109d7,macOS,Safari
DEV04402,6d5c3c1ca09703e2,iOS,Edge
DEV04403,e14150fac85d3f39,Linux,Chrome
DEV04404,dfd8e776984b41ea,macOS,Chrome
DEV04405,23ae37fcf52f6f68,Windows,Chrome
DEV04406,0f269cce2f1a7c36,macOS,Chrome
DEV04407,de8b877a9c80129a,iOS,Firefox
DEV04408,b7dee9cf66597e97,iOS,App-WebView
DEV04409,3054c6d6f589da46,Linux,Edge
DEV04410,455b93afbf916e08,macOS,Chrome
DEV04411,2f2567ee4e79bc40,macOS,Edge
DEV04412,172849d982d7fe1e,macOS,Chrome
DEV04413,990e15f1199c38c8,Windows,Edge
DEV04414,16fdf8f0be50b765,Windows,Chrome
DEV04415,fb31d88ccc2fe34c,Linux,Edge
DEV04416,9fa3d6571c7d2549,Linux,Firefox
DEV04417,dc5953bba8e57360,macOS,Firefox
DEV04418,7676c0fbeb2f16c2,Linux,Firefox
DEV04419,82738447bd497b33,Android,Safari
DEV04420,0b990d0a4abf838c,macOS,App-WebView
DEV04421,7a09beecf8e02e61,macOS,Chrome
DEV04422,22ef018ed744e867,iOS,Chrome
DEV04423,9f12cd1861d647d2,Windows,App-WebView
DEV04424,8f7050f80691d014,Windows,Safari
DEV04425,3c9bce0bb78114fa,Linux,App-WebView
DEV04426,df5e2cde324f4fb7,macOS,Edge
DEV04427,6b13bf304b61711d,Android,Edge
DEV04428,b45a05765a681dec,Windows,Chrome
DEV04429,d75b084064100f65,Android,Edge
DEV04430,e3d5f5e843d510ae,macOS,Firefox
DEV04431,253ad664f33bc5e2,Android,App-WebView
DEV04432,852214bb02eb237c,Windows,Firefox
DEV04433,eb530b5ce8bc61ca,macOS,Firefox
DEV04434,8829784c95c0c06f,Windows,Chrome
DEV04435,9e08a5ed62e52848,Linux,Firefox
DEV04436,ea8e70e7d2fc78c4,iOS,Firefox
DEV04437,9768ee90634c2662,Windows,Edge
DEV04438,a59ee4aabfd2cb6c,Android,Edge
DEV04439,e4c43a1453f95b32,Windows,Firefox
DEV04440,07aca5a46cd9e94e,Android,App-WebView
DEV04441,81bc19e70a26caa2,Android,Firefox
DEV04442,e9f37cf8bb1e803f,Android,App-WebView
DEV04443,9b58ccecfcd5ff16,macOS,Safari
DEV04444,0ee8f129fb86035c,iOS,Chrome
DEV04445,8f3fb1a69ac98f1b,Linux,Chrome
DEV04446,4088a9a2f8323486,iOS,Safari
DEV04447,9d80b30ce740190c,macOS,Edge
DEV04448,77809e37dea03e6a,Windows,Firefox
DEV04449,a4b136398e3f5ef6,macOS,App-WebView
DEV04450,34358dd9e92fa1dc,iOS,App-WebView
DEV04451,81ff292823df99f2,Linux,Edge
DEV04452,f14b7431edb46b00,Android,Chrome
DEV04453,27881306d4ed6a0a,Windows,Firefox
DEV04454,1acdaaea8e0a5b38,Android,Safari
DEV04455,fc527c6b99026c2d,Linux,Chrome
DEV04456,bc68348fd51f32f6,macOS,App-WebView
DEV04457,9cd32b34b05ad4b3,Android,Firefox
DEV04458,d070f325126f5639,Windows,Edge
DEV04459,998708567a0ffd80,macOS,Chrome
DEV04460,12209ac25aac1eb9,iOS,Firefox
DEV04461,9ba020b0ccd2bc38,Android,Edge
DEV04462,7a12e3346a99e76a,Android,Safari
DEV04463,bfcdfee4574d0b8f,Linux,Firefox
DEV04464,f2da620584d81f33,Windows,App-WebView
DEV04465,c077876c00084ec6,Linux,App-WebView
DEV04466,66dd71541dcbfc57,iOS,Chrome
DEV04467,37ec8e904cc8e85e,Windows,App-WebView
DEV04468,819d066a0272295f,macOS,Safari
DEV04469,5172b6cd2a7c7057,macOS,Firefox
DEV04470,f964e53c3b3622d3,iOS,Firefox
DEV04471,45278ed90a7e4f00,Linux,Chrome
DEV04472,7a3e93078d3c9fda,Linux,Edge
DEV04473,fecad61a34c19aa6,iOS,Firefox
DEV04474,6c7f06b4ff36464f,Windows,Chrome
DEV04475,0d83465af048cf1d,macOS,Safari
DEV04476,cd182e12be8dc02b,Android,Edge
DEV04477,b4280791ba3dd413,iOS,Firefox
DEV04478,11852c2f8a96271a,Windows,Edge
DEV04479,645a626bb293b250,Linux,Firefox
DEV04480,0a1634e11f948c08,Android,Safari
DEV04481,45f15c4a42f7bfca,iOS,Chrome
DEV04482,4a70e51134d9a3a0,Windows,Safari
DEV04483,1bd8048f844b3218,Android,App-WebView
DEV04484,9fa41374adc10379,Windows,App-WebView
DEV04485,99ae65cc84728b28,macOS,App-WebView
DEV04486,3ceec577a337390f,macOS,App-WebView
DEV04487,367f2c074073ceee,Windows,App-WebView
DEV04488,8d68ae53e128e2d9,macOS,Edge
DEV04489,9b6930e9ab9fc909,Linux,Chrome
DEV04490,0c422d9b7b7cf104,Windows,Firefox
DEV04491,d3ebeec1e8ef6d65,Windows,Firefox
DEV04492,87dd67205d54eaea,macOS,Safari
DEV04493,f0854d20a796acb9,macOS,Edge
DEV04494,c69d5aa6d8179cb0,iOS,App-WebView
DEV04495,85047e88cd906cc5,iOS,Edge
DEV04496,f757533bef1756f1,Windows,Edge
DEV04497,92f6d42b3f391507,Android,App-WebView
DEV04498,10fa950013e6340c,Android,Edge
DEV04499,90a1e61daccd6b3b,Linux,Firefox
DEV04500,8dceff78bfa16f04,Android,Safari
DEV04501,add1679eb01f2180,Linux,Firefox
DEV04502,4aae8f70ceeff95b,Windows,Firefox
DEV04503,b3cf8ba4df1b4819,Windows,Edge
DEV04504,0c6038497ee08580,macOS,Chrome
DEV04505,f29e13541b6bfda8,iOS,App-WebView
DEV04506,304585030df99bf1,Linux,Safari
DEV04507,4984e76ba6c797e6,Linux,Firefox
DEV04508,814662932a5f5bec,Linux,Edge
DEV04509,b81845cc4ebc436e,macOS,Chrome
DEV04510,94739717c5caa7a4,Windows,App-WebView
DEV04511,b050c17cff9d5a6f,macOS,Safari
DEV04512,6ebe1eb049fcc9f5,macOS,App-WebView
DEV04513,49b0cd65bf4e5156,iOS,Edge
DEV04514,76d62121b6d988bb,Linux,Chrome
DEV04515,2927b7bc5f5bf916,Android,Edge
DEV04516,c7a9c34f902563f8,iOS,Safari
DEV04517,fff88834d79bb696,Android,App-WebView
DEV04518,5bdedabe9254ff37,Windows,Safari
DEV04519,5bddad9787c96d42,iOS,Edge
DEV04520,97fd35477ab651f0,Linux,Edge
DEV04521,a30b380438a962ea,Windows,Safari
DEV04522,c5fc83010ec796dd,macOS,App-WebView
DEV04523,0a7b8f86978356f6,Windows,Firefox
DEV04524,f9707b3a8f3117c9,Windows,Chrome
DEV04525,6fb2db622ad58f26,Windows,App-WebView
DEV04526,c9146244b305df64,Linux,App-WebView
DEV04527,e7f3a75c0711bf62,macOS,Safari
DEV04528,a1b5aa9f9a32a1cd,macOS,Edge
DEV04529,9e5911de2a9c1423,macOS,Firefox
DEV04530,72e3d391ac3de399,macOS,Safari
DEV04531,3f681910eddc41d6,iOS,Edge
DEV04532,2be33d40af168c5a,Windows,Chrome
DEV04533,47f684c860c69d07,Linux,Firefox
DEV04534,a4a6b95e0ccafed6,macOS,Safari
DEV04535,6f5c41b461755b96,Android,Edge
DEV04536,66bbb9753c11dc29,Linux,Edge
DEV04537,01b4eb07467505a7,macOS,Edge
DEV04538,c4be4a5b17c3e39e,iOS,Chrome
DEV04539,d6cc11f77d6bc295,Linux,Safari
DEV04540,cd162e2c10204cb0,iOS,App-WebView
DEV04541,62f19a9cf8fdd620,Linux,App-WebView
DEV04542,abc105822f7e0604,Android,App-WebView
DEV04543,422c296ff1e9d68c,Linux,Edge
DEV04544,87af41a73d1e89b1,Android,Firefox
DEV04545,545dadcf098b1873,Linux,Safari
DEV04546,e32790888febc734,iOS,App-WebView
DEV04547,37a0838cf9604f1f,macOS,Chrome
DEV04548,e195f57f1aab11c8,Windows,Chrome
DEV04549,d399eb807b0644a5,Linux,Edge
DEV04550,eca48f679c3f6a41,Linux,App-WebView
DEV04551,54a133549074518b,iOS,Safari
DEV04552,705762f5badcb4bc,macOS,Firefox
DEV04553,9164fb900c6b5f47,iOS,Safari
DEV04554,b70aac93e113888a,macOS,Safari
DEV04555,947e8e731470c19e,Windows,Safari
DEV04556,e9f3d427402f6f79,Windows,Chrome
DEV04557,2ab5eecbef900741,Android,Safari
DEV04558,7ad66db0bc423d24,Linux,Edge
DEV04559,3cf6d3f467d749bb,macOS,Safari
DEV04560,932ec00546d700f0,Linux,Edge
DEV04561,4ebe9af81c077bfb,iOS,Safari
DEV04562,44dc6d812afefc48,macOS,App-WebView
DEV04563,f8e88ede461894a1,Android,App-WebView
DEV04564,f541f7feb297072e,Windows,Safari
DEV04565,8bff685330899458,iOS,Edge
DEV04566,96764fb73a2322bd,Android,Chrome
DEV04567,c75cc0dfbd084ef8,Android,Edge
DEV04568,d31eb363ff6cb967,Linux,Edge
DEV04569,49844b180e2b9e65,macOS,Chrome
DEV04570,0372eee31cc20a3d,macOS,Firefox
DEV04571,8a5f37ff5cb07580,Linux,Chrome
DEV04572,e70a6ca39ed8ee7f,Linux,App-WebView
DEV04573,858f9727cda2e142,Android,Edge
DEV04574,c99e87435da3f169,macOS,Chrome
DEV04575,bcac781c69660763,Windows,Edge
DEV04576,8e42ce2ea0ec036b,Android,Firefox
DEV04577,cb76ed74414d4ecb,macOS,App-WebView
DEV04578,faa1d73894752a30,macOS,Edge
DEV04579,d392dfca9139966c,Android,Chrome
DEV04580,a8534210f59eb883,iOS,Firefox
DEV04581,cd5f9e7af8296e6a,Linux,Chrome
DEV04582,20ece1ce194d33ab,iOS,Firefox
DEV04583,3cb0f7bc44b8bcb9,macOS,Firefox
DEV04584,8558e484477bf5aa,iOS,Safari
DEV04585,47359ba6d054fa8a,macOS,Safari
DEV04586,12fffa091a62597e,Windows,Chrome
DEV04587,3e0c15f74f395d00,Windows,Chrome
DEV04588,24109edd336a15be,macOS,Edge
DEV04589,d4d096e596518bc3,iOS,Firefox
DEV04590,5e3dc2c70e11ee3e,Windows,Firefox
DEV04591,8f3aa5debe336c69,macOS,Firefox
DEV04592,6f2e4e8359727462,macOS,Firefox
DEV04593,02556cb7dd01a402,Linux,Firefox
DEV04594,14a5305323757617,Linux,Chrome
DEV04595,276b9258b64d6bd6,iOS,Safari
DEV04596,a632d8e367133de8,Linux,Firefox
DEV04597,ee7b63740c9a62c4,Android,Safari
DEV04598,93cb43e93069f17d,Windows,App-WebView
DEV04599,e75a3761d0969dee,Windows,Firefox
DEV04600,1ab3d5a44d2bbd05,Windows,Safari
DEV04601,d2c1d0a03444d960,Linux,Firefox
DEV04602,938834d9789439dd,macOS,Edge
DEV04603,e263cce6360bb175,Windows,Safari
DEV04604,866ab83a97263a09,iOS,Safari
DEV04605,625eb63ea9d6c4bf,Linux,Firefox
DEV04606,fc6b1ff0335db1e4,macOS,Firefox
DEV04607,abcf1145cd989831,iOS,Chrome
DEV04608,0980d037e0303d47,iOS,App-WebView
DEV04609,b1eee742f7f25463,Windows,Safari
DEV04610,37ff4b07918ae6aa,Linux,Chrome
DEV04611,a6352a9c7ee56853,Windows,Firefox
DEV04612,3bd316cb01b3c1eb,Linux,App-WebView
DEV04613,40d6ad90ccbffd4a,macOS,Edge
DEV04614,4324f38ceadad210,Linux,Safari
DEV04615,c2df1968d2a53477,Windows,Safari
DEV04616,1fb21ed8bb189fdf,Linux,App-WebView
DEV04617,aed7079b375dd4a9,Windows,App-WebView
DEV04618,f49eafb4c549e24c,Windows,Edge
DEV04619,42b0361e1ff2178a,macOS,Safari
DEV04620,c55a6f2e48b36a74,Linux,Edge
DEV04621,9539c3f993b3e743,iOS,Edge
DEV04622,f6dd0769c1f93b49,macOS,Chrome
DEV04623,fb017cf7f43cc3f8,Android,Firefox
DEV04624,285b9f7b54e865d0,iOS,Firefox
DEV04625,538c99fcf77d18a0,iOS,Safari
DEV04626,968a2292f4caf2ad,iOS,Firefox
DEV04627,a5bb689621251d19,Linux,Chrome
DEV04628,766ac5c2ef0ec900,iOS,Firefox
DEV04629,718789b88c0e3b80,macOS,Edge
DEV04630,941184a9ef278c37,Linux,Chrome
DEV04631,a3112da130d45f72,Linux,Safari
DEV04632,3079c149957bb7ce,iOS,Firefox
DEV04633,3f2b0cfc33369741,Android,Edge
DEV04634,868cf4da9c4cab60,Android,Firefox
DEV04635,b22df4f2f518c817,Linux,Chrome
DEV04636,5dffd3c37c92d6b4,Windows,App-WebView
DEV04637,8a5ba4b8dd96572b,Linux,App-WebView
DEV04638,a9979573cf824e05,Android,Chrome
DEV04639,976374c2920838e2,macOS,App-WebView
DEV04640,6af6955b742c8508,Linux,Safari
DEV04641,dd86486edf540964,iOS,Firefox
DEV04642,11afa7987167b53b,iOS,Safari
DEV04643,81b9626faf547c6d,iOS,Edge
DEV04644,5a285ea045dc1425,iOS,Chrome
DEV04645,669dd7e92581870c,Linux,Firefox
DEV04646,81af15fd54433f89,Linux,Firefox
DEV04647,360e31318415e30e,Android,Safari
DEV04648,68e1709d8292effd,Android,Safari
DEV04649,4edc265c62dbf3db,Linux,Firefox
DEV04650,4146c00c285c01c5,Android,Safari
DEV04651,5ade4e4840824d2d,iOS,Safari
DEV04652,88ebb670f832e6d6,Linux,App-WebView
DEV04653,baa8ff57a4786f6b,macOS,Edge
DEV04654,5ae4e8420f462464,Android,App-WebView
DEV04655,5a3a6210c5cf441a,Android,Firefox
DEV04656,c2f455de8ba0a4ce,Android,Safari
DEV04657,86d4d56c78d84688,macOS,Chrome
DEV04658,172918677a6d6a6c,macOS,Chrome
DEV04659,b763a01909bd2735,macOS,Safari
DEV04660,7c6086141a6097ba,Android,App-WebView
DEV04661,d42cacb2b15c0e05,Linux,Safari
DEV04662,7d269917f28945e1,Linux,Edge
DEV04663,721eb8b9a93920ca,Windows,App-WebView
DEV04664,12d9efe11c65912c,Android,App-WebView
DEV04665,22264496bb1c4abf,macOS,Chrome
DEV04666,d80f61f9ddf59a42,macOS,Safari
DEV04667,9062c30405e6af98,Linux,App-WebView
DEV04668,c9974bd5c45fb804,macOS,Chrome
DEV04669,8eed3e1cdf425513,Windows,Edge
DEV04670,a20bd808f1a68140,Linux,Firefox
DEV04671,77093429b75e673f,macOS,Safari
DEV04672,a2a964df8c110534,Windows,App-WebView
DEV04673,814fe13344e76908,macOS,App-WebView
DEV04674,d26759a80d4746f2,Windows,Firefox
DEV04675,9e9f9fdc47ea8f9c,Windows,App-WebView
DEV04676,fa933766ed927819,iOS,Firefox
DEV04677,14d4913775b31869,Windows,App-WebView
DEV04678,b274d6f489b264b4,Linux,Firefox
DEV04679,12bec85c37f312fa,macOS,Chrome
DEV04680,403b4b1a3c6b79d8,iOS,Edge
DEV04681,9841b6f10df4e4a9,Android,Firefox
DEV04682,2637fa7eedf660fc,Linux,Edge
DEV04683,d123ffe722addc03,macOS,Safari
DEV04684,28818f7cd1681fb6,iOS,Chrome
DEV04685,0acb3fabb5b8457d,macOS,Firefox
DEV04686,d4ed5dbb69c4a5fa,Android,Edge
DEV04687,bf0ab8cc9755f68b,Windows,App-WebView
DEV04688,2488ff2c8bb54cad,iOS,Safari
DEV04689,1a0ec36b518528bd,Android,Safari
DEV04690,31ba5e4f04bb8b60,iOS,Firefox
DEV04691,fdc4c58132b96827,Linux,Firefox
DEV04692,3f3383d5224ccf58,Windows,App-WebView
DEV04693,ff6c05365e7fc67e,macOS,Chrome
DEV04694,a6c6491d15dd3b73,Windows,App-WebView
DEV04695,8c2eda5dfceb399d,iOS,App-WebView
DEV04696,201e08a16e5145c3,iOS,Firefox
DEV04697,2480cce9324c7092,iOS,Safari
DEV04698,4cb80f9da90a9507,macOS,Safari
DEV04699,11f44bd4bf543467,iOS,App-WebView
DEV04700,bcbd5e06e89d7cfd,iOS,Firefox
DEV04701,9631529e385570a3,Linux,Edge
DEV04702,355daf869851bc14,Linux,Edge
DEV04703,a1d4e80cfdfd9ec2,Windows,Safari
DEV04704,d8c1000ce62208fe,Windows,Edge
DEV04705,1067bbb2f007f2c3,Windows,Firefox
DEV04706,78fd2e94e2008eaa,iOS,Firefox
DEV04707,3b95d1d1adadd617,Windows,Firefox
DEV04708,8490b2b3ad6b35bb,Windows,Edge
DEV04709,6005967c33a3df2a,Windows,Edge
DEV04710,2682841035949284,Linux,Edge
DEV04711,3500c06d904e9211,macOS,Chrome
DEV04712,a4e063732b2cf6a0,macOS,Chrome
DEV04713,50f06110133f396d,macOS,Firefox
DEV04714,411b153f774a448d,iOS,Edge
DEV04715,ed5a6e23844c0d57,Windows,Chrome
DEV04716,19dd9013275599c5,iOS,Safari
DEV04717,61e2b1f93f50f9e1,Windows,Firefox
DEV04718,2c24a1c605247ab9,Windows,Chrome
DEV04719,459e58acaf90ece9,Windows,Edge
DEV04720,035106e17378ec48,macOS,Firefox
DEV04721,02b30114f8c91a98,Linux,App-WebView
DEV04722,21ac3a82021737d9,iOS,Safari
DEV04723,8d16487cc722a049,Linux,App-WebView
DEV04724,e14a77588b4cd387,macOS,Firefox
DEV04725,e0a128e86b715e82,Android,Chrome
DEV04726,d595df44f4a4b535,iOS,Safari
DEV04727,9dedf2ae3ec41216,Windows,Edge
DEV04728,7f51d425ef002068,Linux,Edge
DEV04729,0e435df694b3be0b,Android,Edge
DEV04730,51936c25008210bb,macOS,Safari
DEV04731,0a86fc8ab95bb6d5,Windows,App-WebView
DEV04732,21f78a7a7fc37864,Linux,Edge
DEV04733,cd6e4ec850034a62,Android,Chrome
DEV04734,36a3a84eac69c621,Android,Firefox
DEV04735,9f085f52a6701646,Windows,App-WebView
DEV04736,df94e54084b72f62,Windows,Edge
DEV04737,0394ec969aa46b19,Windows,Chrome
DEV04738,df9078a9aac3f185,macOS,Safari
DEV04739,de1f26d73f42bf55,Android,Firefox
DEV04740,2b4e0be429c041e6,macOS,Safari
DEV04741,9f513b6c96dd00c0,iOS,App-WebView
DEV04742,d752ca050b884526,Windows,App-WebView
DEV04743,cce50df06fd8c6cf,iOS,App-WebView
DEV04744,bafb5255feb31645,Android,Edge
DEV04745,d860dd1208f853ea,iOS,Firefox
DEV04746,a10a9cbb3006fdff,Linux,App-WebView
DEV04747,b7451809d56a775a,Windows,App-WebView
DEV04748,c8947de13ac01f1d,Linux,Firefox
DEV04749,d6df62841d05356d,Android,Safari
DEV04750,b679b8ff86b26907,Android,Firefox
DEV04751,c1e7e2fbd6d16562,Windows,Edge
DEV04752,8cb5950363813602,iOS,Safari
DEV04753,ed1949d4f8a36d09,Windows,Edge
DEV04754,ce4b84b92d4be69b,iOS,Edge
DEV04755,c4699f4ef7adc161,Windows,Firefox
DEV04756,8937b8b623c4315a,iOS,Firefox
DEV04757,174a73f19fb0a160,Windows,App-WebView
DEV04758,00f0881f0c78c3a3,Android,Safari
DEV04759,8ec40b5553dd448b,Android,Edge
DEV04760,1e91f77421242349,macOS,Edge
DEV04761,6e5a3176cdab0d04,macOS,Chrome
DEV04762,5bdf93ffe2fa88e7,Linux,Chrome
DEV04763,33875766c4f5a5f4,Linux,Firefox
DEV04764,527552cc68b9811a,Android,App-WebView
DEV04765,15ff414478022017,macOS,Chrome
DEV04766,74fbd8881ab723e4,Linux,Firefox
DEV04767,512be17e524bcf4b,Linux,Edge
DEV04768,e5e318c5bb7ae6bf,Windows,App-WebView
DEV04769,b7558eed78e27803,Windows,Chrome
DEV04770,183513283173b1fa,Android,App-WebView
DEV04771,63fe4af1cfaad10f,Android,App-WebView
DEV04772,7a6b3a18682471b9,Android,App-WebView
DEV04773,0aef8c47f1dac362,iOS,App-WebView
DEV04774,84ae109d69f15ca4,Android,App-WebView
DEV04775,b7917e66793bf671,macOS,App-WebView
DEV04776,55ecb180267140d5,iOS,Chrome
DEV04777,9d3d3748c3f22f12,macOS,Firefox
DEV04778,8bf224d4f63b0aee,macOS,Edge
DEV04779,38bc260785d850d5,iOS,Firefox
DEV04780,6c48168056e22735,Android,Safari
DEV04781,76a7ed79e3f3877b,Linux,Firefox
DEV04782,bc6b8e832ff61833,macOS,App-WebView
DEV04783,59dcba1bd2a37fa9,macOS,Chrome
DEV04784,8f6db654d0050ecc,macOS,App-WebView
DEV04785,cb9b7a5a3e67d4fd,Windows,Chrome
DEV04786,ab3d845d5117b367,Linux,Edge
DEV04787,94f66d552d9fe4ae,Android,Chrome
DEV04788,9e68692fc35ff9fa,iOS,Firefox
DEV04789,bd0014474ab47743,macOS,Safari
DEV04790,88b5a89c684e40af,Windows,Safari
DEV04791,1b220c0bf5f34ccd,Linux,Firefox
DEV04792,6cad4eff6a1700d8,Linux,Edge
DEV04793,2312ca2673d2cf05,iOS,App-WebView
DEV04794,2076dc2c4b83c3c9,Windows,App-WebView
DEV04795,2f792f614782d8f1,iOS,Safari
DEV04796,fccf15c7280e840d,iOS,Safari
DEV04797,ab7611cc9ee60ec0,Windows,Safari
DEV04798,5782808b2bc27422,Android,Chrome
DEV04799,ca2635eabcf26980,Linux,App-WebView
DEV04800,17b22a1bc3b1c2dc,Android,Safari
DEV04801,898ab4ae8b4cfe7f,Linux,Firefox
DEV04802,6203a11c246f887f,Android,Firefox
DEV04803,ead552a75081c11c,Windows,Safari
DEV04804,33f83501487b7353,iOS,Safari
DEV04805,8ded328990b6ebea,Windows,Safari
DEV04806,4a8a881af349d6a2,macOS,Firefox
DEV04807,01f4c25ed018d6f0,iOS,Safari
DEV04808,8bcdc762dcc5db3d,Windows,Chrome
DEV04809,b24c32eeb76dfd47,iOS,Edge
DEV04810,465b83b9876e3726,Android,Edge
DEV04811,700d77c20e928a69,Android,Edge
DEV04812,06c1346219f3e24e,iOS,Edge
DEV04813,c3713ec10d60d4af,Android,Edge
DEV04814,c207b68345aed6f9,macOS,Edge
DEV04815,23be7c74ca24e2a0,iOS,Safari
DEV04816,38b2370d8be42940,macOS,App-WebView
DEV04817,573f10a4a8b84927,Android,Chrome
DEV04818,6b02b211834fa7b8,iOS,App-WebView
DEV04819,aa23ed246d8ff920,Linux,App-WebView
DEV04820,ce3bea9fc5452a7b,Android,Safari
DEV04821,01865dd34df3f402,iOS,Chrome
DEV04822,2a59ccadc5c83ff2,macOS,App-WebView
DEV04823,2fbb889979cd70aa,Windows,Firefox
DEV04824,93454c8a3a2dfe03,macOS,Safari
DEV04825,b4ef00736cb6fbad,iOS,Chrome
DEV04826,c813800281363e7d,Linux,Firefox
DEV04827,d431f10e733ce1d4,macOS,Firefox
DEV04828,62104dd473ffb3fd,Linux,Chrome
DEV04829,96f74301a7fe5121,macOS,Chrome
DEV04830,fa8d5788566c4af2,Android,Edge
DEV04831,37e3874076cd8a70,macOS,Edge
DEV04832,b4dc9fb05761c8ae,Android,Firefox
DEV04833,2cf9ead1340ec2b9,Windows,Firefox
DEV04834,03db67ca2df27bdf,Android,Edge
DEV04835,f7a6881b65e714c2,Windows,Safari
DEV04836,29f0755ce4d1ecee,Android,Edge
DEV04837,0c9b2df60268b104,macOS,Chrome
DEV04838,290004be9725ffbf,Windows,Firefox
DEV04839,c906571038f1b976,Android,Safari
DEV04840,8c11a027acddca47,iOS,Safari
DEV04841,fd28d9ccb493a2b2,Linux,Chrome
DEV04842,989c35656e5d7458,iOS,App-WebView
DEV04843,2026f2e344e8851b,iOS,Safari
DEV04844,a7ce477b1a3ac150,macOS,Chrome
DEV04845,9d010606d1993f37,Android,App-WebView
DEV04846,c5b258d0ba34a77f,iOS,Firefox
DEV04847,e1806730a5bb5058,Windows,App-WebView
DEV04848,09a2d1f7479fa81a,macOS,Safari
DEV04849,d428f67f5dd4c854,macOS,Safari
DEV04850,8b9675334c4d36c4,iOS,App-WebView
DEV04851,d21fb54eaa7ed225,iOS,Safari
DEV04852,fcf8b684abecf08b,Windows,Chrome
DEV04853,5c28fd73cf8b9753,iOS,Chrome
DEV04854,ceb3c7ff6448f3da,macOS,Safari
DEV04855,159d4a13646d39ba,Windows,Edge
DEV04856,1ccd75bf8713ffde,Windows,Firefox
DEV04857,315cb36c9cffe6f0,Linux,Firefox
DEV04858,9b7d4ea183c960c4,Android,Chrome
DEV04859,4a5034243c25e0d3,Windows,Chrome
DEV04860,29e2d9bf19c3fcb1,macOS,Chrome
DEV04861,8fab429e8d4d3a45,iOS,Edge
DEV04862,ae7f723c8bffc843,Android,App-WebView
DEV04863,28c3d7d51889caf8,macOS,App-WebView
DEV04864,4c092ba9682ded29,Linux,Safari
DEV04865,14f22c8290635a3f,iOS,Chrome
DEV04866,36c37454e47b67e2,Android,Firefox
DEV04867,6c495a069be371da,iOS,Chrome
DEV04868,375652b9bc26a386,macOS,Chrome
DEV04869,d045702b85707e72,Android,Edge
DEV04870,6bf1b7a16b7ddf46,macOS,Edge
DEV04871,5899a709dd6ea987,Linux,Edge
DEV04872,8dfcc70abfa303ec,iOS,App-WebView
DEV04873,b432419fffca2d8c,Android,Firefox
DEV04874,0f700d98236ad623,macOS,Edge
DEV04875,be1c6f470ec404b0,Windows,Safari
DEV04876,d9f77f63a8269917,Windows,App-WebView
DEV04877,551a6dc7eca781f7,Windows,App-WebView
DEV04878,39e86e6191bc929c,Android,Edge
DEV04879,e6a8a778f80211c3,macOS,App-WebView
DEV04880,72266ac1d94bc4b1,iOS,Safari
DEV04881,5ab07d4e340f3624,iOS,App-WebView
DEV04882,146100a9a03e56e7,iOS,Safari
DEV04883,8c77728de57e36e6,iOS,Chrome
DEV04884,b4492d3126a108e0,Android,Edge
DEV04885,d506a29052f97c4d,Windows,App-WebView
DEV04886,9a8d1732639e1b3d,Android,Safari
DEV04887,45e5734df680e6b8,iOS,Firefox
DEV04888,bc59edad37ad5eb9,iOS,Firefox
DEV04889,a1e2cb16af600b27,Windows,Edge
DEV04890,056cba1cfbee9ccd,Linux,App-WebView
DEV04891,37f14f0045b5401c,Linux,App-WebView
DEV04892,3da52d5170e6a62f,Windows,Safari
DEV04893,0d71e1005c025aa1,Windows,Edge
DEV04894,1a8e00afa70bd42f,Windows,Safari
DEV04895,1114929a0e1f5da3,Linux,Chrome
DEV04896,b80de54f3a3f8952,macOS,Chrome
DEV04897,3c55f867cf997485,iOS,Safari
DEV04898,d0d2a34f0d721664,Android,Safari
DEV04899,88f18476e6d90b0d,Android,Safari
DEV04900,00632d479bbcfee5,iOS,Edge
DEV04901,84c8b6dc967e5dae,Windows,Chrome
DEV04902,bc93cc9a386a3ca1,Linux,Edge
DEV04903,4d82e355de80dcae,macOS,Firefox
DEV04904,1e43cb678ed69e54,iOS,App-WebView
DEV04905,9cd2bbd85d5edcf3,macOS,Edge
DEV04906,8aa4f380ded37c72,iOS,Edge
DEV04907,0c5a2cf24ea3c5a6,Linux,Firefox
DEV04908,2cfd5972bf5da17b,Linux,Edge
DEV04909,a5af0adee0cb7929,Android,Firefox
DEV04910,50e62acb32a9bca5,Linux,Firefox
DEV04911,7aa1a66d215ef181,Windows,Safari
DEV04912,e5b6d9e2d3ba4ce5,Windows,Firefox
DEV04913,20ef01de09b17b60,macOS,App-WebView
DEV04914,1ce46bad80e7efd9,macOS,Chrome
DEV04915,6161d629eb8bb65a,Windows,App-WebView
DEV04916,4f8cc32d38edd414,Windows,Chrome
DEV04917,0feb7976fe224527,Windows,Edge
DEV04918,f2f17fda2d50fafb,Android,App-WebView
DEV04919,a3994fd0f72a63f3,iOS,Chrome
DEV04920,875ffc8992677800,iOS,Edge
DEV04921,86cbe86949c8a4a9,Android,Chrome
DEV04922,20e02a2b261bae1c,Linux,Firefox
DEV04923,f51cb5cee7b5a126,iOS,Firefox
DEV04924,ff4c656544ab8519,Windows,Edge
DEV04925,0755f17678d24814,macOS,App-WebView
DEV04926,9af1ad4f3e20904e,Android,App-WebView
DEV04927,5d421c79ffe66c4c,iOS,Edge
DEV04928,e3a70f81bb623210,Linux,Safari
DEV04929,50c1b68aa05236d7,iOS,Safari
DEV04930,e5a8aaabfd42e787,Android,Safari
DEV04931,582485899e74ec22,Windows,App-WebView
DEV04932,aa87d02a2ae3dc7a,Linux,Safari
DEV04933,9ea174be8d7becd3,Linux,App-WebView
DEV04934,e3a6629933ef0703,Linux,Chrome
DEV04935,66e433cd0af02caa,Linux,Firefox
DEV04936,d2b20c6518b1f855,Linux,Safari
DEV04937,4ab949ad1940e833,Linux,Safari
DEV04938,a30f070dbfbeb866,Windows,Safari
DEV04939,65f2dc1a9b65fc67,Android,Safari
DEV04940,07d7224b60d0f0c7,Linux,Safari
DEV04941,0b9c5ae55a9b72e8,iOS,App-WebView
DEV04942,602a8739c7294bbb,Linux,Edge
DEV04943,91039fb4fa2775dd,iOS,Firefox
DEV04944,64c9e3158b4bd90b,Android,Edge
DEV04945,b6492bb2ca5ff509,Windows,Edge
DEV04946,fdd50fb448118139,Linux,Edge
DEV04947,a775de52aa78a7b5,macOS,Edge
DEV04948,0cb732769729a1f6,Windows,Safari
DEV04949,45aea083c0b7fd7f,Windows,Chrome
DEV04950,4e229e7e68d9a674,Android,Firefox
DEV04951,ca2351149a2b0763,Linux,Firefox
DEV04952,1839c3985f8cde6c,iOS,App-WebView
DEV04953,39eac8196e1a3b9b,Linux,Chrome
DEV04954,88340c213a59f44f,Android,Edge
DEV04955,a3f7614e936dfdeb,iOS,Safari
DEV04956,260935e8fdeed225,macOS,Safari
DEV04957,d9a4076d882fd4af,iOS,Edge
DEV04958,ad5d963acd8c789b,iOS,Edge
DEV04959,42839207a7866000,macOS,App-WebView
DEV04960,2e44bbb46e135a29,iOS,Safari
DEV04961,16b45bdfa4c99938,Windows,Chrome
DEV04962,a92da83a5bab628f,iOS,Firefox
DEV04963,c94854e2dfa5c412,iOS,Edge
DEV04964,47c12eb2b6155342,Android,App-WebView
DEV04965,43e5067350cd3bfe,iOS,Safari
DEV04966,0cb13567fea438a8,macOS,Safari
DEV04967,f2fc29b7f2c9f70f,Windows,Firefox
DEV04968,11da3c51ee00b5e2,Android,Chrome
DEV04969,25aa1e061022f5b9,Linux,Firefox
DEV04970,804e7736e719bbfe,Linux,Chrome
DEV04971,69fb525fb80ca40e,Linux,Edge
DEV04972,8adbb877c32d715f,iOS,Edge
DEV04973,fa25b328602f0785,Windows,Chrome
DEV04974,f6e147ce6fec723c,Linux,App-WebView
DEV04975,c6bd1102e9ca8942,macOS,Safari
DEV04976,23fda376fdc4fd70,Android,Firefox
DEV04977,c644149b2874f861,Windows,Chrome
DEV04978,8c58148973a34c79,macOS,Firefox
DEV04979,7c614ca263f05378,Android,Edge
DEV04980,8f18e1a1a8c5f426,macOS,App-WebView
DEV04981,1248a545cd7079bc,iOS,Edge
DEV04982,2db60634f49c7805,Windows,Safari
DEV04983,a830e34e16344606,Linux,Chrome
DEV04984,17d5bf600abbaf47,Android,App-WebView
DEV04985,0f727c432b624e3d,Linux,Firefox
DEV04986,8413ac84d6a3395a,iOS,Edge
DEV04987,88ebe44d52426d96,macOS,Edge
DEV04988,6f34c767e73ad752,Android,Chrome
DEV04989,1568ddcb3baa6b91,Windows,Firefox
DEV04990,89f149b38ac9525b,Windows,App-WebView
DEV04991,68daf21c86f76da3,Windows,Edge
DEV04992,baf6cba5a99fbfc8,Windows,Firefox
DEV04993,93ef848668ecdb89,Android,Chrome
DEV04994,9a974daf6da8d7c6,Android,Edge
DEV04995,603b5dbe5d279606,iOS,App-WebView
DEV04996,e6cd3379d26dca67,macOS,Safari
DEV04997,b3f8cb85b341b45c,Linux,Edge
DEV04998,87cc0f9ff12fdcde,Windows,Chrome
DEV04999,a15bf53c87529c24,macOS,App-WebView
DEV05000,cc3fb93d54048126,Linux,App-WebView
DEV05001,bd2442395174f988,macOS,App-WebView
DEV05002,fe8146bd25da5903,Linux,Edge
DEV05003,b83173e5c692f6c0,Android,App-WebView
DEV05004,ca0f0a5a35bf3f08,Android,App-WebView
DEV05005,b3f0ed722187f3cd,Android,App-WebView
DEV05006,3f014f5b18dc814d,Android,Chrome
DEV05007,74c3a5654ea4c4c4,iOS,Firefox
DEV05008,c2b95ab100781729,Linux,App-WebView
DEV05009,a99ff5b84965da58,macOS,Edge
DEV05010,c342e1044adf6539,Android,Firefox
DEV05011,410882382cb489df,macOS,Edge
DEV05012,de038c3bac8c9056,Linux,App-WebView
DEV05013,4c38aee3e98555eb,Android,Edge
DEV05014,07d73b655ae01741,macOS,Chrome
DEV05015,f7795ae8f2130ed3,iOS,App-WebView
DEV05016,44aaab0abdbdab0d,iOS,Chrome
DEV05017,ead1bc039fb15d7d,Windows,Chrome
DEV05018,5f8ea3b6396e204c,Windows,Edge
DEV05019,5dd93fe37a5636a5,Android,Edge
DEV05020,2e1aa036b0f927b2,Windows,Firefox
DEV05021,ab9ca4a8bb92825b,Windows,Firefox
DEV05022,ad55c6f874185e16,iOS,Firefox
DEV05023,5eb57a5a45fc17f5,macOS,Chrome
DEV05024,b0730402586cd5b9,Windows,Edge
DEV05025,2409a27a07d2d7dd,Windows,Safari
DEV05026,52822e5ef6cd5bd1,iOS,App-WebView
DEV05027,6c8f4d177f20cdec,Linux,Firefox
DEV05028,ecb61b2ebe73f493,macOS,Firefox
DEV05029,8ef0b0fa6cb7cb5d,iOS,Edge
DEV05030,d820f38f48dafbc0,Android,Firefox
DEV05031,9bd9e5601ff2d432,Windows,App-WebView
DEV05032,4caf2865e6948f89,Linux,Safari
DEV05033,5c42f2952e9a5b88,Windows,Firefox
DEV05034,c00f770cd9a65555,Android,Chrome
DEV05035,9ef6e1b362d559de,macOS,Firefox
DEV05036,4e2f187d8ad40ae6,Linux,Edge
DEV05037,9a716cac0e05c86f,iOS,Edge
DEV05038,bedfc3aea98fe784,iOS,Firefox
DEV05039,41c37f82426024a3,macOS,Firefox
DEV05040,93d9e8d3aa06cdfe,Windows,Edge
DEV05041,913f3e7459ecd9ae,Windows,Safari
DEV05042,24d8fd991af03e10,iOS,Firefox
DEV05043,19bed5e989cf43ef,Android,Chrome
DEV05044,7833acc2e6af5e18,iOS,App-WebView
DEV05045,db62ac2d74211452,Windows,App-WebView
DEV05046,d0e7d0ea78ed0b72,Linux,Firefox
DEV05047,c7dcbb73ec5148a6,Linux,App-WebView
DEV05048,bcb8ab35c5457517,iOS,Edge
DEV05049,b71ff9bd15f36584,Linux,Chrome
DEV05050,901576107fc1cbe9,iOS,Chrome
DEV05051,db3f88c78dbdedcc,Android,App-WebView
DEV05052,aeb15ff6bb540195,macOS,Firefox
DEV05053,0012fbfba5a1ad15,iOS,Firefox
DEV05054,5b6b94d38b5ae8de,Linux,Firefox
DEV05055,2f5edd2121253c88,macOS,Safari
DEV05056,3eff66d114b0d0fd,macOS,Chrome
DEV05057,97dd14d03689ee38,Windows,App-WebView
DEV05058,ed7e87a285d14d4e,Linux,Chrome
DEV05059,a8f315ab179f1645,Windows,Safari
DEV05060,ca4623c56bee937c,macOS,Chrome
DEV05061,87d8147d3c5ae9b6,iOS,App-WebView
DEV05062,836784011eb46fa7,iOS,Firefox
DEV05063,d50d1b0420ecb88c,Android,Edge
DEV05064,48283f26d3186084,iOS,Safari
DEV05065,acd9af8d3ba57727,iOS,Safari
DEV05066,c51074008ba30ca2,macOS,Safari
DEV05067,7c6d4b52b503665e,iOS,Chrome
DEV05068,a2bf3b91829ab729,Windows,Safari
DEV05069,085573165d4b8f0b,Android,App-WebView
DEV05070,6259c1dce8d0e794,macOS,Edge
DEV05071,0c920aaec304d5b0,macOS,App-WebView
DEV05072,a2a4172230becac7,Linux,App-WebView
DEV05073,e585ea8f9ed276a3,iOS,Edge
DEV05074,887dd26653a7002c,iOS,App-WebView
DEV05075,e7356b459c7c3362,Linux,Edge
DEV05076,b8564c5ee1dcd687,Linux,Edge
DEV05077,42bf7bf723ca6ad9,Windows,Firefox
DEV05078,d4854764fd91e28c,Windows,Edge
DEV05079,2b933eae44c8ccad,Windows,Firefox
DEV05080,8e6ae2734f43981b,iOS,Firefox
DEV05081,30abefb090112b56,Linux,Firefox
DEV05082,c381b400107a234e,Android,Safari
DEV05083,c30d0fa35ee1a3a1,Windows,Safari
DEV05084,7466d1eb950e0a75,Linux,App-WebView
DEV05085,0057eb99fbd9ece9,iOS,Chrome
DEV05086,f690ff485f235c2f,Linux,Edge
DEV05087,089a775378076120,Linux,Firefox
DEV05088,206a0072230f96da,Android,App-WebView
DEV05089,df007faea8a2d3bb,iOS,Firefox
DEV05090,79b08cfd44dcc03f,Linux,Safari
DEV05091,c9ba02183d5f1b6f,macOS,Firefox
DEV05092,3f703d2934713017,Linux,Chrome
DEV05093,0612293e1ba48afe,macOS,App-WebView
DEV05094,6582a43e9d53c267,macOS,Edge
DEV05095,e93ae003d1ce74d0,Linux,Edge
DEV05096,182637c259cd51ce,Android,Safari
DEV05097,50c25b84e356eff6,Android,App-WebView
DEV05098,d6564322d1ef6654,macOS,App-WebView
DEV05099,90dff79cd24259b5,Android,Firefox
DEV05100,809c9796c4186ce9,macOS,Safari
DEV05101,1c6e6a493d9a6e12,Android,Firefox
DEV05102,f51ebfbf403c9f4c,Android,Firefox
DEV05103,529a8e2164d33650,Linux,Firefox
DEV05104,bb5ba38b6d417fdf,Android,App-WebView
DEV05105,68742eb894cb63fb,macOS,Edge
DEV05106,cb8fb1728fdb35ab,iOS,Edge
DEV05107,2412aa023792af65,iOS,Edge
DEV05108,63fd1a05271cf5c1,Windows,App-WebView
DEV05109,761e30a77969f282,Windows,Firefox
DEV05110,5750beb7a0ad658c,iOS,App-WebView
DEV05111,a993b58307f02cd1,Linux,Edge
DEV05112,33fa2cd302407121,iOS,App-WebView
DEV05113,2d3068fbe19ba201,Linux,Firefox
DEV05114,d87144c043e88749,Android,App-WebView
DEV05115,b2bc39b13028229a,Android,Firefox
DEV05116,6c3b474a566d1368,Linux,Chrome
DEV05117,1c690edc70a18e3d,Android,App-WebView
DEV05118,7d6b8763ef2d2fec,Android,App-WebView
DEV05119,f34881c5e9ccba27,macOS,Safari
DEV05120,f100498bef9fafda,iOS,Safari
DEV05121,8136555bb7707593,Linux,Safari
DEV05122,03eb56fe79940ee1,iOS,Chrome
DEV05123,2bb0623bbaef2d71,macOS,Chrome
DEV05124,7b41c0b3e2d26cc0,Windows,Chrome
DEV05125,ed8ac922e1ea598b,Android,Edge
DEV05126,008a61097d0f52f2,Linux,Edge
DEV05127,8dde4dc193d8e439,macOS,Edge
DEV05128,8996bab6fcb61b66,macOS,Safari
DEV05129,661ae6b168c8df02,Windows,Safari
DEV05130,34fdb5006c169e3e,Android,Firefox
DEV05131,d85e000794886b9d,Windows,Safari
DEV05132,72c160937c86fb25,macOS,Firefox
DEV05133,de569b133b49cf13,macOS,Chrome
DEV05134,af9a8bd1e5d3d775,iOS,Firefox
DEV05135,39ac4007570bf311,macOS,Safari
DEV05136,808a5fb736e688e6,iOS,Firefox
DEV05137,a52666613ec5a970,Android,Firefox
DEV05138,e094451c5e2d2489,macOS,Chrome
DEV05139,cf5e7f6d3d4802d3,Linux,Firefox
DEV05140,9c9837a54d4a623d,Android,App-WebView
DEV05141,8c243c7b966da3a9,Android,App-WebView
DEV05142,a56cb0b32cafc348,Android,Firefox
DEV05143,9b66cae1d0098b09,Android,Safari
DEV05144,24e44389f6335b53,Android,App-WebView
DEV05145,f2945b95ec29d093,Android,Chrome
DEV05146,e76bd96c0b8727e6,Windows,Edge
DEV05147,e2d6f6094e583428,Windows,Chrome
DEV05148,bd37c9bfe4317ce9,Linux,App-WebView
DEV05149,229270d9e3bdb121,Windows,Chrome
DEV05150,b6525900ab47ea7f,iOS,Safari
DEV05151,6a01d6318ccfd307,Linux,Edge
DEV05152,830e4f0bf827c83d,iOS,App-WebView
DEV05153,87c6e0c4190b425d,iOS,Firefox
DEV05154,0d40fd65db9d17d8,Android,Safari
DEV05155,32b362c5b3d50a96,Linux,Firefox
DEV05156,a3d79e1599f8de92,Linux,Safari
DEV05157,c0d94f9815ad1ebf,macOS,Safari
DEV05158,96a34e7e62c3f04b,Linux,Safari
DEV05159,29bced60cee56ce3,macOS,Chrome
DEV05160,0263487ba00f1f60,Linux,Chrome
DEV05161,0ddd69c1637b473f,Linux,Chrome
DEV05162,4a9dc08a40bf1bff,Windows,Firefox
DEV05163,d0bf410b2c951584,Android,Firefox
DEV05164,14c6bc3a84cbdf0f,iOS,App-WebView
DEV05165,6f5af3f4c071c45a,Linux,Safari
DEV05166,6d6dbd8f1f0ba230,Android,Edge
DEV05167,489b8151748dadba,iOS,App-WebView
DEV05168,2268f49f0a49b243,iOS,App-WebView
DEV05169,421f2fb791c095a5,Windows,Edge
DEV05170,92ebe1d95a9edbe2,Linux,Edge
DEV05171,ea4ad205ad9ce4fc,macOS,Chrome
DEV05172,5ceafddfdd98c115,Linux,Chrome
DEV05173,6d08c9a6e83208b0,Windows,Safari
DEV05174,8c31a6db0841e1e2,Windows,Safari
DEV05175,d29d128705fe0f76,iOS,Edge
DEV05176,873cce79751603cc,iOS,Edge
DEV05177,9adbb318fe777715,Android,Firefox
DEV05178,574e4b88bbf8689a,Android,Edge
DEV05179,c5a8102ca3774334,Linux,Chrome
DEV05180,7d7fa60768e59243,Linux,Chrome
DEV05181,395a788311093b35,Windows,App-WebView
DEV05182,95672ceb87597d50,Linux,App-WebView
DEV05183,3beeeb9ff7b3d4a2,Linux,App-WebView
DEV05184,b77bdbb053faed33,macOS,App-WebView
DEV05185,9bfb2f9f63414a30,iOS,Firefox
DEV05186,14c2ad23c46939b8,Windows,Safari
DEV05187,0c1a93c9802dc6cd,macOS,Safari
DEV05188,c12d42a11c7bef60,Windows,Edge
DEV05189,626b991cb5878e3e,macOS,Edge
DEV05190,1b19b59b83efaa0d,macOS,Chrome
DEV05191,c71423f2f180babb,macOS,Chrome
DEV05192,ca0e2ceeeb119447,macOS,Chrome
DEV05193,63d4bdadb2acd8f9,Windows,App-WebView
DEV05194,cb725209d60a984c,macOS,App-WebView
DEV05195,b33d205528e30fce,macOS,Firefox
DEV05196,15a55dc1f6207600,macOS,Firefox
DEV05197,e535a9797ffa7663,Android,App-WebView
DEV05198,ac85b5818c76e495,Android,Safari
DEV05199,056526540bb8544a,Android,Firefox
DEV05200,b44b20c1a53b9c33,Linux,App-WebView
DEV05201,303075a492ccd33d,Linux,Safari
DEV05202,1c3ff02b675408eb,Windows,Chrome
DEV05203,6bd07f26038b9ba4,Linux,Chrome
DEV05204,5302bcd45461e0d5,Android,Firefox
DEV05205,cb17399fa2949c88,macOS,Safari
DEV05206,78333d5b107d5e2c,Windows,App-WebView
DEV05207,dfb084cdbe638a07,Android,Edge
DEV05208,09d26a55d9225d43,Linux,App-WebView
DEV05209,7b3636319dcc6782,iOS,App-WebView
DEV05210,d9473b08a1b3f84a,Windows,Chrome
DEV05211,893ba8607fedaa88,iOS,Chrome
DEV05212,2f41cf8ed39c6527,macOS,Safari
DEV05213,231519cab4aca8b9,iOS,Firefox
DEV05214,36a3f294a7d73dca,Android,Safari
DEV05215,198b96a400c3d36f,macOS,Safari
DEV05216,7c79fb8aa71c5d18,Linux,App-WebView
DEV05217,72b0c5b8025bc1f3,Android,Chrome
DEV05218,d6cea59d41f9cffa,macOS,Safari
DEV05219,0e9293a340c406e9,Android,Firefox
DEV05220,87bb589da5c9ea07,Android,Safari
DEV05221,f9f33a780d7199cf,Windows,Safari
DEV05222,fcae8ec168583476,macOS,Safari
DEV05223,e057c3ab3c0a3163,Windows,Edge
DEV05224,1c35c650e185bb4c,Android,Safari
DEV05225,ab1986e456669868,iOS,App-WebView
DEV05226,359549d3de689d33,iOS,App-WebView
DEV05227,0fb26179b6ff4f1c,Windows,Edge
DEV05228,4c5dd0b33d8d8e1c,Linux,Firefox
DEV05229,351eceebe190f4ba,iOS,Firefox
DEV05230,926589d875aa21d1,macOS,Chrome
DEV05231,46d3a1b56bceed64,macOS,Edge
DEV05232,b47ebcc184ec02d9,macOS,Firefox
DEV05233,7a4eeb1efc303f6d,iOS,Edge
DEV05234,913983e600198629,Windows,App-WebView
DEV05235,efd3b3ff87f3a211,Android,Edge
DEV05236,c6178240069fabc1,Android,Edge
DEV05237,7f77cc42ce61da8e,iOS,Safari
DEV05238,941634fd7860538c,Android,Chrome
DEV05239,7fdf412a64bc6ba4,Android,Safari
DEV05240,547fa0ee5804f846,macOS,Chrome
DEV05241,a620b46ca0c31e5e,iOS,App-WebView
DEV05242,9ad820be68cf76b0,Windows,Safari
DEV05243,d0c5aa5fe0047f0d,Windows,Edge
DEV05244,95aa27cbd8c114f4,Windows,App-WebView
DEV05245,21376183b9b894e7,Windows,Firefox
DEV05246,b8f7cbb514131486,Linux,Firefox
DEV05247,91f0dc7d824f8009,Android,Chrome
DEV05248,bd2b2b8561db4a40,macOS,Safari
DEV05249,eb4d6ed3db9cc874,Android,App-WebView
DEV05250,c4169072c3df2cec,macOS,Safari
DEV05251,0a9c5afe0ddf972b,iOS,App-WebView
DEV05252,ea2ccc6bbb6216b3,Android,Edge
DEV05253,d6798c5c031682a9,macOS,Chrome
DEV05254,b493c9d208944b3b,Android,Safari
DEV05255,f26e122995327a6f,Android,Edge
DEV05256,02397923ba04a8b3,iOS,Chrome
DEV05257,c188b0ccc0a44b79,Android,Safari
DEV05258,c6b374b6224d1617,macOS,App-WebView
DEV05259,fdf744645d7257bc,Windows,Edge
DEV05260,d011e763087a3d07,iOS,Edge
DEV05261,3e94344ad94fc768,Linux,Chrome
DEV05262,6709b90a9e5d3a3e,Linux,Safari
DEV05263,70e77436c52a1dde,iOS,Firefox
DEV05264,706ea3016c2d4529,Android,App-WebView
DEV05265,fef393801b6f750b,Android,Safari
DEV05266,4e272ffb245ea8ee,Windows,Firefox
DEV05267,11eb3fc2ef493177,iOS,Firefox
DEV05268,0296195f0a9a1cf9,macOS,Safari
DEV05269,4326f37d7f55baf0,Android,Edge
DEV05270,32b6309dde8f44ca,macOS,Safari
DEV05271,89d1c81b924b5b1a,Windows,App-WebView
DEV05272,0ff62d5fd182a715,Android,Safari
DEV05273,b06d09643f2cd485,iOS,Safari
DEV05274,2ac858003f057ae7,Windows,Edge
DEV05275,61de0b753c11a62c,Android,Edge
DEV05276,7c517b117892d116,Android,Safari
DEV05277,2fa93433007f1919,Linux,App-WebView
DEV05278,ec443eeb6f073285,Windows,App-WebView
DEV05279,f224d99d5e6aedbf,iOS,Safari
DEV05280,132be7ecc0860721,Linux,Firefox
DEV05281,786c7a7f0732f1c7,Android,Chrome
DEV05282,5d7ab86f2caa3a86,Android,Edge
DEV05283,df3d062dbdad01f2,Linux,App-WebView
DEV05284,a02da8cf39029469,Android,App-WebView
DEV05285,9049fe3c22505fe4,iOS,Firefox
DEV05286,cae89730382039a9,Windows,Chrome
DEV05287,8ccf02a02bea4b61,iOS,Chrome
DEV05288,52702fca69630f3b,iOS,Chrome
DEV05289,3f43462e0e0055d9,macOS,Chrome
DEV05290,17d32cfdc330b48e,Linux,Chrome
DEV05291,6a5611bb267271db,macOS,App-WebView
DEV05292,28011240e2c41c74,Android,Safari
DEV05293,3825759bb58e416b,Android,App-WebView
DEV05294,7ad73281f92ba85e,Linux,Chrome
DEV05295,0be3bf9392b41826,Android,Edge
DEV05296,8dfa1180a6dfc59c,Linux,Edge
DEV05297,4367d92b9944b4e5,Windows,App-WebView
DEV05298,cbe580dd28ae6d9f,macOS,Edge
DEV05299,f22b6e04cc8f79e0,iOS,Edge
DEV05300,42698c1520e7bce6,Linux,Firefox
DEV05301,9baa454c6a25096f,Windows,Edge
DEV05302,eed09d6e49e43e66,macOS,Safari
DEV05303,a44c39a5f61dd8ad,macOS,App-WebView
DEV05304,5309b347de3bdf56,Windows,Safari
DEV05305,8224dbc7b0c274df,iOS,Firefox
DEV05306,53794616b7cf0ad7,iOS,Edge
DEV05307,5e6a507d40e3f6bf,Windows,Safari
DEV05308,28d2fb97339c957b,Windows,Chrome
DEV05309,702129fb7adbcb09,macOS,Firefox
DEV05310,4522053df445835c,iOS,Chrome
DEV05311,83ab36ce2ff97cb4,macOS,Edge
DEV05312,33fdac059c6d7744,Linux,Safari
DEV05313,240eae3e74528e68,macOS,Safari
DEV05314,054e729f4aa7b696,Windows,Safari
DEV05315,313492164b4b7d4d,macOS,Edge
DEV05316,d8ec6c2b5370adbc,macOS,Edge
DEV05317,81ae6b20cb074a7a,macOS,Edge
DEV05318,abffd454634442e9,macOS,Edge
DEV05319,652b4fbcf0947d68,Windows,Firefox
DEV05320,69335c31573af262,Windows,Edge
DEV05321,18ecca6fd03bfe00,iOS,App-WebView
DEV05322,6a95a2fad0cd81eb,iOS,Safari
DEV05323,7bb8929863800289,iOS,Safari
DEV05324,e60a573f301deb71,Linux,Safari
DEV05325,b1fa4c61efb92b7f,Linux,Firefox
DEV05326,c38a7f818c1d5a13,macOS,App-WebView
DEV05327,97bae5c127c3dfd8,macOS,Firefox
DEV05328,0b687cef72330c6e,Windows,Safari
DEV05329,216d11151c6c91ba,macOS,Safari
DEV05330,c130ad7cfb52d819,macOS,Chrome
DEV05331,be851e49272a60cc,Linux,Edge
DEV05332,3b68de9570d460fa,Windows,App-WebView
DEV05333,cd1c50fdda2a5e6f,macOS,Chrome
DEV05334,021fc5c91c50645c,iOS,Safari
DEV05335,f916201cf0a30535,Windows,App-WebView
DEV05336,b0c0ac10f09089aa,iOS,Edge
DEV05337,28ce03128fc4106b,Linux,Edge
DEV05338,7a1901c13961b73e,iOS,Edge
DEV05339,561c2d321a567b27,Android,Safari
DEV05340,50960cc45e1fa655,macOS,App-WebView
DEV05341,e30dda4317331ce8,iOS,Firefox
DEV05342,14398fe7269bcead,Linux,Safari
DEV05343,cd30b5da1692fe9a,macOS,App-WebView
DEV05344,6b621fa151f8c7a1,iOS,Safari
DEV05345,8d6d3efd75e348e2,macOS,Firefox
DEV05346,4d78773ac0d8b240,macOS,Safari
DEV05347,7c83c54761ec5f06,iOS,Edge
DEV05348,c7b94c1c65b35893,Windows,App-WebView
DEV05349,ecb721f5b4c618af,Linux,App-WebView
DEV05350,57c6b92b035c8017,Android,Chrome
DEV05351,7b5de2a25868c893,Android,Chrome
DEV05352,be9c78b09124bcef,Android,Chrome
DEV05353,c7646ced380f1ba9,Android,Firefox
DEV05354,acf9ea1322e6ee1d,Android,Firefox
DEV05355,0a54c513d4124409,Windows,Safari
DEV05356,959229b2bb3cae74,iOS,Safari
DEV05357,e3fa6adc3c919dc0,Windows,Chrome
DEV05358,c4972930c97127eb,Windows,App-WebView
DEV05359,59d73ef44031bfa0,Windows,App-WebView
DEV05360,20436df4aaf22cb2,macOS,Edge
DEV05361,8a34cba89f7fec69,Windows,Safari
DEV05362,e2fd7acac5b3b58c,Windows,Firefox
DEV05363,17db1b53beaba5b4,Android,App-WebView
DEV05364,0b6e7089ffec948b,iOS,Safari
DEV05365,dfc55815295aaf50,iOS,Edge
DEV05366,9c47aa53f1dbbc9c,Android,App-WebView
DEV05367,f75f709e7e04dbf3,Linux,Edge
DEV05368,3a6f26ed28e709fa,iOS,App-WebView
DEV05369,a5b67e5f02d42306,Linux,Edge
DEV05370,c9d80604a6bb69e5,Windows,Safari
DEV05371,c9e7b62cddb2b835,Android,Safari
DEV05372,67cd64452fad5560,macOS,Chrome
DEV05373,063f70fd9288017e,Android,Safari
DEV05374,3c17c12d683ce563,macOS,Edge
DEV05375,2c92b208314a4aca,macOS,Edge
DEV05376,d13bbd138d7f51db,iOS,Chrome
DEV05377,abeaa8ee22ce1840,Linux,Firefox
DEV05378,e139280d24fb5ced,macOS,App-WebView
DEV05379,745e6f7908079797,Linux,Safari
DEV05380,d95f6f2ca9a166db,macOS,Chrome
DEV05381,0e0b8a1c7e5e9640,macOS,App-WebView
DEV05382,bb27e23d3d7d1953,Windows,Firefox
DEV05383,482ffb0d9d94678d,Android,Firefox
DEV05384,dc858f98f212f9a9,Android,Safari
DEV05385,1d3b5818f0214abf,iOS,App-WebView
DEV05386,f476948efa3b7fc6,Windows,Edge
DEV05387,3351dc425bb5c61a,iOS,Chrome
DEV05388,9effc3f95095140d,iOS,Firefox
DEV05389,08af04b6e191900a,Windows,Chrome
DEV05390,91dbbde3973aef77,Windows,App-WebView
DEV05391,bf5896f83760cff3,macOS,Chrome
DEV05392,934c32d2c267b3fa,Linux,App-WebView
DEV05393,1109a4a20b1ca57d,macOS,Safari
DEV05394,6cde28e7398eea57,Windows,Firefox
DEV05395,1c173b7c42e54511,iOS,App-WebView
DEV05396,dd8f89e554756cb7,Windows,App-WebView
DEV05397,5c452f56ca639e79,Android,Edge
DEV05398,3e9be0b27caf8220,Windows,Safari
DEV05399,b7c82ff658b6fe63,Android,Safari
DEV05400,f321be512f7ef15c,Windows,Firefox
DEV05401,e3b9d56c65ae7ff9,macOS,Edge
DEV05402,f92980adac43e322,Windows,Chrome
DEV05403,75aa677ab801ee28,Windows,Edge
DEV05404,0f26e822b7562e14,Android,Firefox
DEV05405,07a6a55286e0dad6,Linux,Chrome
DEV05406,ccef6ec6622f9f05,iOS,App-WebView
DEV05407,6df099525e22cb87,Android,App-WebView
DEV05408,e67347d59ce8407b,Android,Firefox
DEV05409,d939b0aaedb9989b,macOS,Safari
DEV05410,6c8d4805c1ac8765,macOS,Edge
DEV05411,79b40ae5747d3c0e,macOS,Chrome
DEV05412,c7e34cc4a3ff7b25,Windows,Edge
DEV05413,6c59514149c938b2,Windows,Firefox
DEV05414,653e20c7089e342c,Linux,Edge
DEV05415,57e318b66eeed94f,macOS,Firefox
DEV05416,01920ca2760646e8,iOS,Firefox
DEV05417,fcfceb2891a7c3b3,Windows,App-WebView
DEV05418,4a9fcb2f9381c467,iOS,Edge
DEV05419,7ba9d3f543ca7c12,Windows,Firefox
DEV05420,c1b1037b30744ed6,Android,Edge
DEV05421,9c3f48eb99e6eb6b,Android,Firefox
DEV05422,9dc8ac58443402f4,Linux,Chrome
DEV05423,3bbbd8dd21d0e52f,Android,Safari
DEV05424,390d1267058364fd,Android,Safari
DEV05425,c44413fa3372a295,Android,Safari
DEV05426,e6e7742cebf93156,Windows,Chrome
DEV05427,261219ccb0018ff4,iOS,App-WebView
DEV05428,81e2a2c7ddc1fec9,iOS,Chrome
DEV05429,508768235e4808e2,Android,Chrome
DEV05430,eb2d78d0f0c8dac8,Android,Firefox
DEV05431,f2dce05c5cd7bcea,Linux,Chrome
DEV05432,876d3b46cf43b8de,iOS,App-WebView
DEV05433,fe88b2ecfaac94ab,macOS,Firefox
DEV05434,045ae8500025f7a9,Android,App-WebView
DEV05435,dca4df5a3a12dd8a,Android,Chrome
DEV05436,836585cb10035591,iOS,Safari
DEV05437,f08036c3033792ee,Android,Safari
DEV05438,c28271484bcf7cfe,Android,Chrome
DEV05439,a41acc4970a26830,Android,Edge
DEV05440,5dec28215c06a9c6,iOS,Safari
DEV05441,1e1d8e0cd0324c92,Android,Chrome
DEV05442,f5c2f5ede5c7552d,macOS,Firefox
DEV05443,576070fd72325065,Linux,Safari
DEV05444,a5ef0ec90f755740,macOS,Safari
DEV05445,5d2d2d0625cc7579,macOS,App-WebView
DEV05446,8611a829082bfe1f,iOS,Edge
DEV05447,3f8a4f75ca57b2cc,Windows,App-WebView
DEV05448,35e66ea22ff102f0,Android,Edge
DEV05449,b97854eb605fb7aa,iOS,App-WebView
DEV05450,b1ced636db6cc097,Android,Chrome
DEV05451,179e2adcc753fd63,iOS,Safari
DEV05452,180fa8ca0f13d1d0,Windows,Safari
DEV05453,48562aa199479eab,Linux,App-WebView
DEV05454,4c31fa2a33e06e5a,iOS,Chrome
DEV05455,d228f0bcb7313445,Android,Safari
DEV05456,96b3ed2075bebbad,iOS,Firefox
DEV05457,86cd9755e73d982c,iOS,Safari
DEV05458,a0b1667951104c46,macOS,App-WebView
DEV05459,81d488c9e06cbcd2,Windows,App-WebView
DEV05460,fc09e40acef2a55a,macOS,App-WebView
DEV05461,d4c4df0a2f4afea3,Windows,Safari
DEV05462,2eb78cdc2fab1bf7,macOS,Firefox
DEV05463,f540b1f98ab09ba4,Windows,Safari
DEV05464,e45d59b462439de1,Linux,Chrome
DEV05465,18c3463bd4070429,Windows,Firefox
DEV05466,1fe511e6be10f947,iOS,Chrome
DEV05467,2b796996fc1a88e5,Android,Chrome
DEV05468,08f3d3dc138ca5b1,macOS,Firefox
DEV05469,bbb9f2130f8081f2,Android,App-WebView
DEV05470,c40167b3d5c0c487,macOS,Chrome
DEV05471,13014d19bdcc2322,macOS,Chrome
DEV05472,dad93aa73f879c48,Android,Firefox
DEV05473,028815075f8117f7,Linux,Firefox
DEV05474,050fb373f02928b3,Linux,Chrome
DEV05475,6ec4fb1e57445d03,Linux,Firefox
DEV05476,044076e3fd34ac51,Windows,Edge
DEV05477,e8cba1b27d74502f,Windows,Edge
DEV05478,ed525d04f2cd110e,Windows,Edge
DEV05479,d84db58cfa65495a,Windows,Edge
DEV05480,1992b8df1cc99486,Windows,App-WebView
DEV05481,09cb2a1b17be4710,iOS,Safari
DEV05482,a74862f5955441a3,Linux,Safari
DEV05483,c3809fd44f858d23,Android,Firefox
DEV05484,3848dcf1e5e5b6de,macOS,Edge
DEV05485,9eff99e5a2fd5967,macOS,Firefox
DEV05486,d2b5f337d73a3dac,macOS,Edge
DEV05487,3f6e56d20207f0da,macOS,Edge
DEV05488,015e7412f6f69776,iOS,Safari
DEV05489,2922c8cdb7797729,macOS,Edge
DEV05490,0124ce1257a6fb5f,Android,Safari
DEV05491,ba625b58e07df0df,Windows,Edge
DEV05492,dedc57c8fdb077de,iOS,Edge
DEV05493,736a33f19a4194cb,Windows,Chrome
DEV05494,d7805a5f11536c83,macOS,Safari
DEV05495,8dcec1e9458b691c,iOS,App-WebView
DEV05496,2c3e8ef7315ad89b,iOS,Safari
DEV05497,1a41be9c60132e2b,Android,Chrome
DEV05498,bffad06cbb15a188,macOS,Edge
DEV05499,c88f76253b8f84f8,iOS,Firefox
DEV05500,07afce6cb854977f,Windows,Safari
DEV05501,5b2ed379152049a9,Android,Edge
DEV05502,60239bf6a62c53b0,macOS,Safari
DEV05503,1feff8f5ea745454,Windows,App-WebView
DEV05504,34a8da105e93b973,Windows,Safari
DEV05505,31a9197cff275ea7,iOS,Edge
DEV05506,d47df4fcdbedcc62,Linux,Edge
DEV05507,fb33bd0d6ffae8ae,macOS,Edge
DEV05508,0f91624721a80286,iOS,Edge
DEV05509,f40d76824f2f95b9,Android,Firefox
DEV05510,1d4e139a4b82edcb,Android,Chrome
DEV05511,6720b2c2ed2a60fa,Windows,Edge
DEV05512,151f416bfb4202d1,Linux,Firefox
DEV05513,32fc7a35a4c83142,iOS,Safari
DEV05514,5e3f690eb3809e2a,Linux,Edge
DEV05515,b561eae4b2f1dc40,iOS,Edge
DEV05516,cdb1a2b1eb186db7,macOS,Chrome
DEV05517,feb2cbec4fafecb2,Windows,Safari
DEV05518,7c3e84c46c504404,Windows,Firefox
DEV05519,aa9340ebf9be556b,Linux,Edge
DEV05520,fcd3b9da479642e0,Linux,Chrome
DEV05521,c6bd94732a8dca3f,Linux,Safari
DEV05522,30583265e5b1080a,Linux,Firefox
DEV05523,3e8569b67f606c74,Windows,Firefox
DEV05524,85994bdb8356559e,iOS,Firefox
DEV05525,8c6f16bb4ed14632,Linux,Edge
DEV05526,0201b5b0815985b8,Android,Chrome
DEV05527,77d48011dd5708ac,macOS,Firefox
DEV05528,5c80ecaf70e848cd,macOS,Safari
DEV05529,72f02107a13aa925,iOS,Firefox
DEV05530,501cfe53b2b1bcdd,iOS,Firefox
DEV05531,917b921f182c98c2,macOS,Firefox
DEV05532,d2dcea0765eacbc6,Linux,Firefox
DEV05533,23f2a6aac2b467e5,Linux,Firefox
DEV05534,88aeb428da288d40,iOS,Safari
DEV05535,b74b834311436572,Windows,App-WebView
DEV05536,eef6bafb11d38402,iOS,App-WebView
DEV05537,2836899b3e59154a,Linux,Safari
DEV05538,5a8cc95bf873ea5d,iOS,Edge
DEV05539,6c298d6b052e367f,Linux,Edge
DEV05540,be337b09a806bdf5,Android,Firefox
DEV05541,afe35e071ab42884,Linux,Chrome
DEV05542,c96f909fabb637f4,macOS,Safari
DEV05543,057ebfae6a501874,Linux,Firefox
DEV05544,9edd3c01c020540b,Android,App-WebView
DEV05545,387e6a1fbe8b08f2,macOS,Edge
DEV05546,2f1aaf12e904c3ab,Linux,Firefox
DEV05547,585df9f1669e9371,Android,Edge
DEV05548,83670d350b62a0db,macOS,Safari
DEV05549,c44989e4500673ba,Windows,Safari
DEV05550,6768e301e6da71c1,Windows,Chrome
DEV05551,23dec193f829f615,macOS,Safari
DEV05552,394f9242b738fe23,iOS,Chrome
DEV05553,7034fb4191224429,Windows,Firefox
DEV05554,721a5df4b30e3c8b,Linux,Edge
DEV05555,293d6b03511b99a5,Linux,Safari
DEV05556,ec21bea28a04bc84,Windows,Firefox
DEV05557,fe9ffe10db69246b,macOS,Firefox
DEV05558,987a636f77d6634a,Linux,App-WebView
DEV05559,95e4e79a7d2f5afa,iOS,Safari
DEV05560,3c323a51d1e30fc4,Linux,App-WebView
DEV05561,1c224376c5b6e8b1,Android,Firefox
DEV05562,d08072d4b4b81ebb,Android,Safari
DEV05563,4a4ef1396db9cc6c,Linux,App-WebView
DEV05564,02adc1c986f71c41,Windows,Safari
DEV05565,0e0d1e078cea75ad,macOS,Edge
DEV05566,8974c617f2dfc2ab,Android,Firefox
DEV05567,905451dc7297f875,Windows,Safari
DEV05568,f1854eb98f86375f,iOS,Firefox
DEV05569,97d1fc79dbe6a694,Android,Chrome
DEV05570,8b617ce4360f74f4,macOS,Chrome
DEV05571,04511f86ed68042d,Windows,Edge
DEV05572,63ec47f094f05ad7,iOS,Edge
DEV05573,b7679606b7ac362d,macOS,App-WebView
DEV05574,edd954d0ad802bf4,iOS,App-WebView
DEV05575,f808c770f9cad85e,macOS,Firefox
DEV05576,4ed94f527cccc41e,Android,Firefox
DEV05577,c9b912838abce0f6,macOS,Firefox
DEV05578,bc868a0dc21d152b,iOS,App-WebView
DEV05579,b47804aa7caf2756,macOS,Firefox
DEV05580,31e3a149e011af8d,iOS,App-WebView
DEV05581,9087c6c5cd16f290,iOS,Firefox
DEV05582,fac1145515974c80,Android,Chrome
DEV05583,54bb05afaa98f1a4,Android,Firefox
DEV05584,7bcbc994928f3657,Linux,Edge
DEV05585,e72fbf08a7d58dac,Windows,Safari
DEV05586,bbfaca9db2033d75,Windows,Edge
DEV05587,f1ea8fca6b254840,Linux,Chrome
DEV05588,771bc1e43a5700f8,macOS,Firefox
DEV05589,ca01a52e6a4ba3a5,macOS,Safari
DEV05590,6b7bd7bf3e8d298b,Windows,App-WebView
DEV05591,a7f8b5a741be86be,Android,Firefox
DEV05592,216409f322989377,Windows,App-WebView
DEV05593,7ab2eb2154a91ab8,Linux,Chrome
DEV05594,f07b06f8151bf3a2,Linux,Chrome
DEV05595,430828c005ad2cba,iOS,Edge
DEV05596,67291cb284b04d98,Android,Chrome
DEV05597,8694d588821e8d14,iOS,Safari
DEV05598,1de7b333bf94f998,Android,App-WebView
DEV05599,ce4b3876b2218eff,iOS,Safari
DEV05600,98ebfb4a967dc1fb,Android,Firefox
DEV05601,dfa374807d7ce320,Windows,Firefox
DEV05602,389ba94074af7342,Android,Edge
DEV05603,8e8a033d8c77b95b,Windows,Chrome
DEV05604,83ccc687c75752c2,macOS,Edge
DEV05605,bb18591054e5f014,Linux,Chrome
DEV05606,def74d4163f675c3,Linux,Edge
DEV05607,f885898f116833bd,macOS,Safari
DEV05608,d9471e889a22c020,Linux,Chrome
DEV05609,dfebe0c0f761175c,iOS,Edge
DEV05610,5cc1388f2aff5ff4,iOS,Chrome
DEV05611,5ef1064839abcdef,Windows,Safari
DEV05612,92562b6a6ac275ee,iOS,Chrome
DEV05613,1acdef8df20a5930,Linux,Chrome
DEV05614,9b43e2137376b703,Android,Safari
DEV05615,d29c601a610c8f34,macOS,Chrome
DEV05616,5531476f51cd7a92,Android,Safari
DEV05617,e3dccab7894cffbd,iOS,Safari
DEV05618,09b6e88843fdcc91,iOS,App-WebView
DEV05619,c8dd6bdc5664f4a7,Windows,Firefox
DEV05620,3dcca7e23b24e160,macOS,Edge
DEV05621,80842b2c37214fa9,Android,App-WebView
DEV05622,0e808de6c26db575,Windows,Edge
DEV05623,f5dadb833b24fb59,Android,Edge
DEV05624,80f78d060562e261,Linux,Chrome
DEV05625,337e6f4338d034a6,Android,Safari
DEV05626,f3c0fdb3983c31bc,Linux,Chrome
DEV05627,60da40d57cd72b49,iOS,Safari
DEV05628,47658d6908a1b144,Linux,Edge
DEV05629,bf12a3c93dd78af8,Android,Firefox
DEV05630,dec0648076a1b06f,Android,App-WebView
DEV05631,b4626403e02b67e1,Windows,App-WebView
DEV05632,1a46f1d1e8bcb5b0,iOS,Edge
DEV05633,d85e718d6360416c,iOS,Safari
DEV05634,39a6954bd77144fc,Linux,Chrome
DEV05635,a0aecfa6c54cfce4,Linux,Firefox
DEV05636,2af7fa7d00428d08,Windows,App-WebView
DEV05637,7f08a54e694c9611,Windows,App-WebView
DEV05638,6ffb3431f5ba94f1,macOS,Safari
DEV05639,b1cd35a0fcf21f5a,iOS,App-WebView
DEV05640,2aadd62d71942692,Windows,Firefox
DEV05641,2d32af1d98fa77f7,iOS,Firefox
DEV05642,d020310ae9952937,Windows,Edge
DEV05643,407a731683053b47,Android,Firefox
DEV05644,4783a320b11f4dbf,macOS,Chrome
DEV05645,30cc6396f89d8785,macOS,App-WebView
DEV05646,bfe75422a292b2d2,Linux,Edge
DEV05647,ef6c678656ab6641,iOS,Safari
DEV05648,dcf001c8d6969b0e,Android,Chrome
DEV05649,a63379a3a8f58b5d,macOS,Chrome
DEV05650,09ae10ed3d0e93dd,iOS,Safari
DEV05651,c64a2bd213b5a4bc,Linux,Firefox
DEV05652,963ceadf9caae67a,iOS,App-WebView
DEV05653,3254495cb5abd9ac,Windows,Firefox
DEV05654,b5ef9b2e7a796cf4,macOS,Chrome
DEV05655,bd44dccacecfa908,iOS,App-WebView
DEV05656,3b3ae7717827e417,Windows,Safari
DEV05657,bf719f37e4e189a9,Linux,Chrome
DEV05658,d89455b96c038142,Windows,Chrome
DEV05659,eddc2d901c6c79a5,iOS,Safari
DEV05660,64aa835da40e23fa,Windows,Safari
DEV05661,b4a60d27e36216c7,macOS,Edge
DEV05662,27d5f01fd1b2acf0,Windows,Edge
DEV05663,5adcf35e5cbbe15f,macOS,App-WebView
DEV05664,dc329c70fa1d18de,iOS,Edge
DEV05665,efc3e4ccc41a7de4,macOS,App-WebView
DEV05666,99265b938d8b7d84,Linux,Firefox
DEV05667,e476becbd527768d,iOS,Chrome
DEV05668,0bedc26c34ce9924,Linux,Chrome
DEV05669,40f39204cee3e619,Android,Chrome
DEV05670,39a0e88798dc628a,Linux,Chrome
DEV05671,8aa00fde5f8dbc94,Android,Firefox
DEV05672,e3ba0382eecb8f5e,Android,Firefox
DEV05673,0392b44fc8a2f9ec,macOS,Edge
DEV05674,49f057b1241ea9c0,Linux,Safari
DEV05675,e5ef8002221a924e,Android,Chrome
DEV05676,49d8019b6ca6ee95,Windows,Safari
DEV05677,930940d34f65edbf,iOS,Edge
DEV05678,04b59468b64735dd,Windows,Chrome
DEV05679,7dd90ab6b2cdc5b7,Windows,Edge
DEV05680,a11ed017e29719d8,Android,Firefox
DEV05681,bd9ac6f153750ec4,Android,Chrome
DEV05682,463447d3d1da783d,Windows,Safari
DEV05683,c84a88d72a260a23,Windows,Edge
DEV05684,2dba944b31fb5d3e,iOS,Chrome
DEV05685,0c55f5a85499eb5a,Android,Edge
DEV05686,beb711de807c8abc,iOS,Chrome
DEV05687,ca302e26e8e5cb16,Android,Chrome
DEV05688,616428ce0f0a5bd7,iOS,Edge
DEV05689,5cb4db6d11763932,Linux,App-WebView
DEV05690,acbd16aa00ad7b7a,Windows,Firefox
DEV05691,78a550ccac19ff3e,Android,App-WebView
DEV05692,b0d98dcf6bdcebcc,macOS,Chrome
DEV05693,92a4b1db6862660d,iOS,Safari
DEV05694,dda96ab41cd49ce5,Android,Edge
DEV05695,4cb46084c37f9310,macOS,Chrome
DEV05696,4972198f082dc8a5,Android,Edge
DEV05697,b36598ae3d2dd534,macOS,Edge
DEV05698,e86cb73107b1c03f,macOS,Safari
DEV05699,8a1b120793e7b953,Android,App-WebView
DEV05700,f8a69929c445c5fe,Android,Chrome
DEV05701,131c959a865f804e,Windows,Firefox
DEV05702,b1a7e4e54786f0ea,macOS,Safari
DEV05703,804820371ea63658,Windows,Chrome
DEV05704,6694caa4a7b91fd6,Windows,Safari
DEV05705,b129ca00c1534b1a,iOS,Edge
DEV05706,e5b159cd7bdd997c,Android,Chrome
DEV05707,b2268156a0c8e26d,Linux,Edge
DEV05708,64a853e79004c98f,Linux,Edge
DEV05709,d2b66a582874d40f,iOS,Chrome
DEV05710,29d023360c4c66d0,Windows,Firefox
DEV05711,77a1c3e5dbf9a0e0,Android,App-WebView
DEV05712,ff8de0add5c2c93f,Windows,Edge
DEV05713,4483e0b8a79c84d2,macOS,App-WebView
DEV05714,11a438f85dc71683,iOS,Firefox
DEV05715,9ab640307a37ba33,Windows,App-WebView
DEV05716,b59c5767762f2b20,Linux,Safari
DEV05717,3af043105cda806e,Windows,Firefox
DEV05718,a3bf7ee3c62c97a6,macOS,Safari
DEV05719,3f2ea670b57ad575,Linux,Edge
DEV05720,a6c5b60407c76848,Windows,Edge
DEV05721,2c4a2be616473472,Windows,Firefox
DEV05722,7f207c0421b1aaab,iOS,Edge
DEV05723,8376861a092b88a9,Linux,Edge
DEV05724,cbb5e262a6852940,Windows,Edge
DEV05725,861651e9fe48c001,Android,App-WebView
DEV05726,30b6ba95189c5c57,Windows,Safari
DEV05727,7857090a60b60fd9,Windows,Firefox
DEV05728,4c8cece3fa6d3de4,macOS,Edge
DEV05729,fd7edec2737e4881,Linux,Safari
DEV05730,fb796a5b12ff7f7c,Android,Firefox
DEV05731,9c36d73cab6d5697,Linux,Safari
DEV05732,7644ea26ec90d72e,Linux,Firefox
DEV05733,999de3b762fb709b,Linux,Safari
DEV05734,1e9d880ea759c05c,Linux,Safari
DEV05735,569e0122d136bdd7,iOS,Edge
DEV05736,be431ecef7b507b6,Android,Edge
DEV05737,8f83d3e81fe36da9,Android,App-WebView
DEV05738,5bc601d13ef73779,Linux,Chrome
DEV05739,910761e766f3dce0,Linux,Chrome
DEV05740,4ca5db66302a8516,Linux,Chrome
DEV05741,a4e6bbda125f28e6,Windows,App-WebView
DEV05742,11be33cf5cfab3e1,iOS,Safari
DEV05743,2e9f79d053910ea6,Windows,Edge
DEV05744,c210868e5d4610b3,Android,Firefox
DEV05745,ae781057e1b7a1ae,Windows,App-WebView
DEV05746,ba7426a40bcce1f4,macOS,App-WebView
DEV05747,a3a63353a53fd751,macOS,Safari
DEV05748,47039ef94859b4ed,Linux,Firefox
DEV05749,74bec091bcf2d810,macOS,Chrome
DEV05750,1d1bfd0a95b01d6a,iOS,Edge
DEV05751,5012310ab3bebcb6,iOS,Safari
DEV05752,60cc34e9f7dfad24,Android,App-WebView
DEV05753,af8abd687928beea,Android,Edge
DEV05754,3fed9e96e4ef0dab,iOS,Chrome
DEV05755,23e54e4d44461cc0,Windows,Safari
DEV05756,0a3a3970036a0179,macOS,Firefox
DEV05757,3329046de8bdc1cd,iOS,App-WebView
DEV05758,a81bf00406d2f608,Android,Safari
DEV05759,71566771dce0fc0a,Android,Chrome
DEV05760,98c30cd30540534c,Android,Firefox
DEV05761,fad7e6877e6777ff,Android,Safari
DEV05762,dee600502bbf34d0,iOS,Chrome
DEV05763,d5c67bf2892f7049,Android,Firefox
DEV05764,556230db81841acc,macOS,Chrome
DEV05765,e9801d0fedd63294,macOS,Firefox
DEV05766,6bc58f8860abff0b,macOS,Chrome
DEV05767,279c6063cba276fb,Linux,Firefox
DEV05768,2772e173b54f4bfb,Windows,Edge
DEV05769,dc441588ad6fa3ac,Windows,Safari
DEV05770,35849b1594224204,Windows,Edge
DEV05771,0545e1c2b9819627,Linux,App-WebView
DEV05772,cba84be4d5390c1c,macOS,App-WebView
DEV05773,62e53e90f3566a1a,Linux,Chrome
DEV05774,05d9cacb6eae215a,macOS,Chrome
DEV05775,75a2c68ec77c88bc,macOS,Firefox
DEV05776,5870e80bd70e2257,Windows,Chrome
DEV05777,d28aef422ebd94f5,Windows,Edge
DEV05778,504c400a063be61f,macOS,App-WebView
DEV05779,a6b580c7cf334deb,Android,Edge
DEV05780,72b3450c365c0560,Linux,App-WebView
DEV05781,449c273e9b131afe,Windows,Edge
DEV05782,52217649e101df94,Android,Edge
DEV05783,955c1bf13f09c0b0,Android,Edge
DEV05784,8d1e83e7c04a92dd,Android,Edge
DEV05785,a4a3c6e52fa2719b,Windows,App-WebView
DEV05786,32eee50af43b561b,Android,Chrome
DEV05787,1ff6a972b65fb346,iOS,Chrome
DEV05788,393a6f7534bf7bec,macOS,Edge
DEV05789,703063a81f24487f,Windows,Safari
DEV05790,c53c50ed41db9b0b,Linux,Edge
DEV05791,f973d6f604cd73c6,Android,Firefox
DEV05792,b0e0360a48ec52dd,Windows,App-WebView
DEV05793,5d5e0fc7c4eedb6a,macOS,Safari
DEV05794,4bcc237b4d2d0348,Linux,Edge
DEV05795,177d6440d0db00f9,Android,Chrome
DEV05796,ceebdf7270336c3a,iOS,App-WebView
DEV05797,8048975af367cd55,Android,App-WebView
DEV05798,014feb7d62532124,macOS,Chrome
DEV05799,314a48c4fa78d9b8,Linux,Safari
DEV05800,1a68cad80a9116de,macOS,Firefox
DEV05801,35918274a12517c8,Linux,Edge
DEV05802,f9ccf02f9380e10a,Linux,Chrome
DEV05803,1e215d2b0b9238b5,Windows,App-WebView
DEV05804,ecbcab1457aa5fd8,Android,App-WebView
DEV05805,eb00823e1b62c271,macOS,Safari
DEV05806,491c41029cfcfffe,macOS,Firefox
DEV05807,720668c8d5235bec,iOS,Chrome
DEV05808,861456dc7f613b3f,Windows,App-WebView
DEV05809,3e9c0584cc168952,Windows,Edge
DEV05810,b753d73b42fde628,Android,Safari
DEV05811,8d4f00dd100e47b7,Android,Safari
DEV05812,cd2352b2dde49a1a,macOS,Edge
DEV05813,284602b81cc349ed,iOS,Chrome
DEV05814,5c466f2f30c8ad9c,macOS,Safari
DEV05815,5fc404ecff2de989,macOS,Chrome
DEV05816,5584afc686abaaff,Windows,Safari
DEV05817,d63b3699268d1088,iOS,Firefox
DEV05818,703a694acbcde2ac,Linux,Edge
DEV05819,611725e24d804e8b,iOS,Edge
DEV05820,e81d5b3ec3fe33cb,Android,Chrome
DEV05821,59b4f3b912df7ba7,iOS,Safari
DEV05822,d242f12aa85275bb,iOS,App-WebView
DEV05823,8048236d66132d98,Linux,Chrome
DEV05824,15d100d10ed2dae2,macOS,Edge
DEV05825,35d8c543c69b1549,Windows,Edge
DEV05826,5c2db82d1fe9ab03,Android,App-WebView
DEV05827,b53ee09447a8d694,Windows,App-WebView
DEV05828,a67e28a22c662a5b,Android,Edge
DEV05829,3a00fec5912e1d8e,macOS,Chrome
DEV05830,5c686e0fc4352fb7,Windows,Edge
DEV05831,82fdf7beb337e2ed,Linux,Edge
DEV05832,e395dc3d220d2254,Android,Chrome
DEV05833,d83713e49d8df67a,Android,Firefox
DEV05834,0a0bb8a213561e48,Windows,Edge
DEV05835,b2e538ea330d7296,macOS,App-WebView
DEV05836,9f7fbaceb0381c8b,iOS,Safari
DEV05837,e6e1e5716f3fcec6,Android,Chrome
DEV05838,4c51304ccd5be1c3,iOS,Chrome
DEV05839,25e1df85460147d7,Linux,Safari
DEV05840,732e2c9afb51fc9a,iOS,Edge
DEV05841,809946fd94cdfa10,Linux,Firefox
DEV05842,0c1421196bc0dbff,Linux,Firefox
DEV05843,1ff70719218d6e22,macOS,Chrome
DEV05844,0c1982ab7dce10c8,iOS,App-WebView
DEV05845,0c2a857e55480404,macOS,Chrome
DEV05846,ac52097c0dd4d44f,Linux,Chrome
DEV05847,39be00e934ec84ea,iOS,Safari
DEV05848,81b01f0c06441171,iOS,Firefox
DEV05849,cea692e4302565a0,iOS,Edge
DEV05850,e48d08a028865a6f,Android,Firefox
DEV05851,5ba7f67275cb1062,Android,App-WebView
DEV05852,e296e6b4c6400eff,Android,Chrome
DEV05853,41d59baaa985fc9a,Linux,Firefox
DEV05854,2df749dcd436789a,Linux,App-WebView
DEV05855,8ba17fba766240a9,Android,Firefox
DEV05856,657d136c16e02246,iOS,Firefox
DEV05857,c6c8e353500d8180,iOS,Edge
DEV05858,097600c34c242f00,iOS,Safari
DEV05859,264219c6e03b3c67,macOS,Edge
DEV05860,5f4f044be9bad83a,macOS,Safari
DEV05861,d1a59b6af5e2bb23,Android,Safari
DEV05862,3ddd2fd426cbbfbf,macOS,App-WebView
DEV05863,a2e26aab537ddb74,Linux,Chrome
DEV05864,34edbcea649b7188,iOS,Safari
DEV05865,985d0e262f75aed1,Linux,Safari
DEV05866,c99237708478dfbb,Android,Edge
DEV05867,0a8e52172e242a2b,Linux,Chrome
DEV05868,a9d9f82f7cbec21a,Linux,Safari
DEV05869,98c60737ae013f40,iOS,Edge
DEV05870,9827cd83c5b0f748,Windows,Safari
DEV05871,f34a357cceae05c2,Windows,Edge
DEV05872,9510e57c20133815,Android,Edge
DEV05873,1ae21f1a301f0629,Android,Firefox
DEV05874,d7006d5621d7518d,macOS,Chrome
DEV05875,f93d375f413eabf8,iOS,Firefox
DEV05876,4c00a9413b9a48db,macOS,Edge
DEV05877,7d64079d111a90d5,Linux,Safari
DEV05878,8009ef8198644439,iOS,Edge
DEV05879,4cb3fe6fec73b4c1,Linux,App-WebView
DEV05880,fefd2706c0cba3d9,macOS,Safari
DEV05881,94cc94d460ebcb9f,iOS,App-WebView
DEV05882,6fc90d323ed97a4a,Linux,Firefox
DEV05883,3e88942d194f188a,macOS,Chrome
DEV05884,d22472f10cdf63cb,macOS,App-WebView
DEV05885,9fecde832e42bb03,Android,Edge
DEV05886,5cf3b628c9b2ad6f,Android,App-WebView
DEV05887,76947aa05b330f5f,Android,Safari
DEV05888,4cd650870320bdf0,Android,Firefox
DEV05889,13a378ddf7584e1d,Windows,Edge
DEV05890,ecdf008a348cd557,Windows,Edge
DEV05891,9f25aeadad3d9c03,Windows,Firefox
DEV05892,82abdae58b33b103,Linux,App-WebView
DEV05893,9e4f66957f433e29,Windows,Firefox
DEV05894,4d4ede244adf3862,macOS,App-WebView
DEV05895,064701d9b9f7862d,macOS,Edge
DEV05896,214a69a7dd466ff5,Linux,App-WebView
DEV05897,020d59d6e3e53fec,Linux,App-WebView
DEV05898,abd0c07cc36db231,Linux,Safari
DEV05899,95b6a9aaf531dceb,macOS,Firefox
DEV05900,ac8c23d404c7fcb6,Android,Edge
DEV05901,dc9317a3efdd25f3,Windows,App-WebView
DEV05902,a1d519835f2b7492,Linux,App-WebView
DEV05903,c48d38fac7af3062,Android,Firefox
DEV05904,180a4305ace66f92,Windows,Firefox
DEV05905,3adc327cefff4076,Windows,App-WebView
DEV05906,c4dc2b3fbd914b59,Linux,Safari
DEV05907,544dc16c51f43eb8,Windows,Firefox
DEV05908,b5c9520617f3b2f5,iOS,App-WebView
DEV05909,5064fbd34c2385e1,iOS,Firefox
DEV05910,43da47318ff0ca9b,Windows,Safari
DEV05911,b8f5b8dccd1008f3,Windows,App-WebView
DEV05912,63b9025328ed0dc8,macOS,Firefox
DEV05913,a82bfcbb61fc07e2,Windows,App-WebView
DEV05914,44a7dbb2412b01c1,macOS,Safari
DEV05915,7e4bae2ee0a5fb42,Linux,Safari
DEV05916,d577f73b9eabd42f,Windows,Safari
DEV05917,d634fdc261c9b243,Windows,App-WebView
DEV05918,a211b54a9abbb233,Linux,Firefox
DEV05919,51b6773332861bc5,iOS,Edge
DEV05920,cbc2c729e288e036,Linux,App-WebView
DEV05921,b98abbf3df2344d7,iOS,Chrome
DEV05922,083240dcd5c46e9c,Windows,Safari
DEV05923,6aac589fcb87ef9c,iOS,App-WebView
DEV05924,fb017f743e9adcbf,Windows,Safari
DEV05925,c2d4bf4adbab1f35,macOS,Firefox
DEV05926,1ed5ccd79afb588a,iOS,Edge
DEV05927,5001d84e0f6f5417,macOS,Firefox
DEV05928,919ffbad712f2824,Linux,Edge
DEV05929,7626e0b500e89e64,Linux,Firefox
DEV05930,361f6472ab5dcad3,iOS,Firefox
DEV05931,575fd36cbf98e6be,Linux,Chrome
DEV05932,bdd9d456c46e62ee,Windows,Chrome
DEV05933,83039f0193b5a1b9,macOS,App-WebView
DEV05934,cb3eed79365d3db7,macOS,Chrome
DEV05935,545a2bc6d2e623dc,Android,Safari
DEV05936,74b3d115fe13146f,Windows,Edge
DEV05937,b66efa0c53d7eaa9,macOS,App-WebView
DEV05938,2b4967a082a50245,Linux,Firefox
DEV05939,63c7ed70e7c32d9e,Linux,App-WebView
DEV05940,9e781a1e59cb2fe7,macOS,Safari
DEV05941,5eba715c5f523f2f,Windows,Chrome
DEV05942,f88edb5df00966dd,macOS,Edge
DEV05943,61e79279ab9f4318,Linux,Chrome
DEV05944,6f8177071a16ac9a,macOS,Edge
DEV05945,68904d3545d1e7a4,macOS,Firefox
DEV05946,6aec8bff740a7aea,Android,Safari
DEV05947,676ae779f64ef6a2,iOS,Chrome
DEV05948,ea3de08e4f9d1acb,Windows,Chrome
DEV05949,08d081b631b85faf,Android,Chrome
DEV05950,9cd6626b0d11ec60,Windows,Chrome
DEV05951,5c3f279dd818aab6,Linux,App-WebView
DEV05952,6fce91b9291da6c7,Windows,Safari
DEV05953,6f429900a7c0105e,Android,Edge
DEV05954,bb644c63e68c7907,iOS,Chrome
DEV05955,9661d8769fe234c5,Linux,Chrome
DEV05956,ec3c31c34e41acd3,Android,Chrome
DEV05957,af15f3cb9b27e648,Windows,App-WebView
DEV05958,535fdf57c667e931,Windows,Firefox
DEV05959,d5a61c29920e58cc,macOS,Safari
DEV05960,e1c330e6793ed8d9,iOS,Safari
DEV05961,fa77f410abd731e5,Linux,App-WebView
DEV05962,8803df4c2afe1fc1,Linux,Firefox
DEV05963,be1cc37373d34183,Linux,Firefox
DEV05964,5d9ed865a776ea0f,iOS,Safari
DEV05965,1608b8f5bcffc910,Android,App-WebView
DEV05966,c5a11e9101c9da74,Linux,Firefox
DEV05967,2e5f45fe1a86dafc,iOS,Safari
DEV05968,9de755aac3b5f5d5,macOS,Safari
DEV05969,25251e28df9982ea,Linux,App-WebView
DEV05970,9c753f59b3a7d083,Android,Safari
DEV05971,7f8b984a2d6ffa22,Android,App-WebView
DEV05972,d972b836faf7ad8b,Linux,Firefox
DEV05973,5a8f28feb91a1d63,macOS,Chrome
DEV05974,d74a83c7fb6f0bc3,Android,Safari
DEV05975,9b17a51e9d5035dd,macOS,Safari
DEV05976,17762a929a0b2af3,iOS,Edge
DEV05977,5d11193669166a6e,Linux,Safari
DEV05978,2c7e53360259c416,iOS,Safari
DEV05979,9dbdfc9821d09bac,Windows,Chrome
DEV05980,5ea0311db2039175,Android,Safari
DEV05981,d3f81eacd4149cf8,Windows,Edge
DEV05982,7af508f20fe7762b,Linux,App-WebView
DEV05983,b10deb0160db51e7,macOS,Edge
DEV05984,6bba324c28ef611e,iOS,Safari
DEV05985,3c778677ca4bc790,Android,Chrome
DEV05986,89068916f9a86392,macOS,Edge
DEV05987,d43dcae6d0a2158f,macOS,Safari
DEV05988,d7e76e72f8ff6760,macOS,App-WebView
DEV05989,d6bd2d99b27e6736,macOS,Chrome
DEV05990,baecf46bd7c91333,Linux,Firefox
DEV05991,68e0e2eacd290474,iOS,Edge
DEV05992,094a77874aa76fd0,macOS,App-WebView
DEV05993,ae99bd412b0ee8d2,Windows,Firefox
DEV05994,117938cd287be35f,Android,Edge
DEV05995,42877a272a7849ba,Linux,App-WebView
DEV05996,f4111a821a06729b,macOS,Edge
DEV05997,563da984738a5b09,Linux,Safari
DEV05998,284cc4c29d2a0ed8,Windows,Safari
DEV05999,954c9ec0866e562c,Android,App-WebView
DEV06000,d832d6b0a19f823c,macOS,Safari
