instrument_id,customer_id,type,masked_number,issuer_bank,added_date
PI00001,CUST00001,card,**** 4125,Axis,2026-03-16
PI00002,CUST00002,upi,**** 2246,SBI,2026-08-13
PI00003,CUST00002,upi,**** 1366,SBI,2024-11-07
PI00004,CUST00003,card,**** 5948,ICICI,2025-09-07
PI00005,CUST00004,upi,**** 4353,HDFC,2026-02-23
PI00006,CUST00005,wallet,**** 1497,Axis,2025-08-21
PI00007,CUST00005,card,**** 1235,HDFC,2026-07-30
PI00008,CUST00006,wallet,**** 4847,Axis,2024-09-23
PI00009,CUST00007,wallet,**** 5475,SBI,2025-06-07
PI00010,CUST00007,card,**** 8859,HDFC,2025-01-04
PI00011,CUST00008,wallet,**** 3511,ICICI,2025-12-26
PI00012,CUST00008,card,**** 7513,Yes Bank,2026-06-23
PI00013,CUST00009,card,**** 1608,Axis,2025-04-21
PI00014,CUST00010,upi,**** 7757,ICICI,2025-02-03
PI00015,CUST00011,wallet,**** 1721,Yes Bank,2025-03-07
PI00016,CUST00012,upi,**** 5613,Yes Bank,2026-02-25
PI00017,CUST00013,card,**** 5379,HDFC,2025-10-04
PI00018,CUST00014,upi,**** 4081,ICICI,2026-02-24
PI00019,CUST00014,wallet,**** 8339,IDFC First,2025-02-27
PI00020,CUST00015,wallet,**** 1722,IDFC First,2025-08-06
PI00021,CUST00016,upi,**** 9004,IDFC First,2025-02-02
PI00022,CUST00016,card,**** 1774,SBI,2024-09-07
PI00023,CUST00017,card,**** 7017,Axis,2024-11-20
PI00024,CUST00018,wallet,**** 3685,SBI,2024-12-11
PI00025,CUST00019,upi,**** 9859,ICICI,2025-01-22
PI00026,CUST00019,upi,**** 6681,Axis,2024-12-26
PI00027,CUST00020,wallet,**** 7582,SBI,2025-11-21
PI00028,CUST00021,upi,**** 5791,ICICI,2026-02-17
PI00029,CUST00022,upi,**** 9884,Axis,2024-11-23
PI00030,CUST00022,upi,**** 8073,HDFC,2026-06-04
PI00031,CUST00023,upi,**** 3255,SBI,2024-11-15
PI00032,CUST00023,upi,**** 8644,Axis,2026-07-30
PI00033,CUST00024,wallet,**** 3691,HDFC,2026-02-12
PI00034,CUST00024,upi,**** 9296,IDFC First,2025-01-17
PI00035,CUST00025,card,**** 6597,Kotak,2024-09-30
PI00036,CUST00025,wallet,**** 3612,IDFC First,2025-11-11
PI00037,CUST00026,card,**** 4372,IDFC First,2026-01-25
PI00038,CUST00026,wallet,**** 7493,HDFC,2025-08-30
PI00039,CUST00027,card,**** 9214,Kotak,2024-11-05
PI00040,CUST00028,wallet,**** 2700,Kotak,2025-10-30
PI00041,CUST00029,upi,**** 3698,Yes Bank,2025-09-11
PI00042,CUST00030,wallet,**** 6486,Axis,2026-04-30
PI00043,CUST00031,upi,**** 7116,Kotak,2025-11-23
PI00044,CUST00032,wallet,**** 7435,ICICI,2024-09-02
PI00045,CUST00033,upi,**** 7684,Yes Bank,2026-05-23
PI00046,CUST00033,card,**** 4699,Yes Bank,2025-03-30
PI00047,CUST00034,upi,**** 3551,IDFC First,2026-04-27
PI00048,CUST00034,wallet,**** 4085,Yes Bank,2026-01-16
PI00049,CUST00035,wallet,**** 2766,Axis,2025-05-17
PI00050,CUST00036,card,**** 6022,ICICI,2024-09-20
PI00051,CUST00037,upi,**** 4428,Kotak,2026-08-05
PI00052,CUST00038,card,**** 4129,HDFC,2025-03-27
PI00053,CUST00038,card,**** 1509,SBI,2025-05-28
PI00054,CUST00039,card,**** 4042,IDFC First,2025-01-01
PI00055,CUST00040,card,**** 2098,SBI,2026-01-01
PI00056,CUST00040,upi,**** 2948,Axis,2025-09-03
PI00057,CUST00041,wallet,**** 7602,HDFC,2026-03-18
PI00058,CUST00042,wallet,**** 5918,SBI,2026-07-21
PI00059,CUST00042,upi,**** 7142,ICICI,2025-02-26
PI00060,CUST00043,upi,**** 8838,Yes Bank,2025-12-17
PI00061,CUST00044,wallet,**** 1686,Yes Bank,2026-07-12
PI00062,CUST00044,upi,**** 1516,Axis,2025-07-04
PI00063,CUST00045,upi,**** 1508,SBI,2025-06-15
PI00064,CUST00046,upi,**** 7287,IDFC First,2025-07-23
PI00065,CUST00046,wallet,**** 2605,Axis,2024-12-10
PI00066,CUST00047,wallet,**** 6751,Yes Bank,2025-10-10
PI00067,CUST00047,upi,**** 1447,Axis,2025-01-19
PI00068,CUST00048,upi,**** 2422,Axis,2024-10-12
PI00069,CUST00049,wallet,**** 2508,HDFC,2026-08-22
PI00070,CUST00050,wallet,**** 2540,Axis,2026-03-29
PI00071,CUST00051,wallet,**** 6527,ICICI,2025-05-22
PI00072,CUST00052,upi,**** 1562,SBI,2025-01-21
PI00073,CUST00052,upi,**** 8392,ICICI,2025-02-21
PI00074,CUST00053,upi,**** 2555,HDFC,2026-01-17
PI00075,CUST00053,wallet,**** 3103,Kotak,2024-09-17
PI00076,CUST00054,card,**** 9295,Axis,2026-04-24
PI00077,CUST00054,card,**** 9225,ICICI,2026-06-05
PI00078,CUST00055,upi,**** 7359,IDFC First,2024-12-31
PI00079,CUST00056,wallet,**** 1798,SBI,2025-04-18
PI00080,CUST00056,wallet,**** 2927,Yes Bank,2024-09-13
PI00081,CUST00057,upi,**** 3849,Axis,2025-07-10
PI00082,CUST00057,upi,**** 3666,HDFC,2024-12-23
PI00083,CUST00058,wallet,**** 6429,Axis,2026-03-14
PI00084,CUST00059,wallet,**** 3536,IDFC First,2026-05-04
PI00085,CUST00060,card,**** 8899,Axis,2026-03-02
PI00086,CUST00061,card,**** 7345,IDFC First,2025-02-21
PI00087,CUST00062,wallet,**** 3893,IDFC First,2025-11-24
PI00088,CUST00062,upi,**** 1718,SBI,2026-06-08
PI00089,CUST00063,card,**** 6571,IDFC First,2025-05-08
PI00090,CUST00064,wallet,**** 9083,ICICI,2025-07-29
PI00091,CUST00064,wallet,**** 8285,IDFC First,2025-02-23
PI00092,CUST00065,card,**** 2663,ICICI,2026-07-15
PI00093,CUST00065,card,**** 3162,Yes Bank,2025-10-30
PI00094,CUST00066,wallet,**** 1387,Axis,2025-07-10
PI00095,CUST00066,upi,**** 7007,IDFC First,2025-12-26
PI00096,CUST00067,upi,**** 1336,Yes Bank,2025-08-06
PI00097,CUST00067,wallet,**** 7034,Yes Bank,2026-03-18
PI00098,CUST00068,card,**** 7858,Axis,2025-01-18
PI00099,CUST00068,card,**** 5569,Axis,2026-02-03
PI00100,CUST00069,wallet,**** 7918,HDFC,2025-11-07
PI00101,CUST00069,card,**** 2429,SBI,2025-10-28
PI00102,CUST00070,upi,**** 8776,Axis,2026-04-06
PI00103,CUST00070,wallet,**** 4985,ICICI,2026-08-04
PI00104,CUST00071,card,**** 3654,HDFC,2025-02-08
PI00105,CUST00072,card,**** 4219,Axis,2025-09-12
PI00106,CUST00072,wallet,**** 9944,SBI,2026-08-18
PI00107,CUST00073,upi,**** 8829,HDFC,2025-04-07
PI00108,CUST00073,wallet,**** 4039,Kotak,2024-10-16
PI00109,CUST00074,card,**** 1651,ICICI,2026-02-22
PI00110,CUST00075,card,**** 5920,ICICI,2026-01-25
PI00111,CUST00076,wallet,**** 7401,HDFC,2025-09-11
PI00112,CUST00076,upi,**** 1982,Kotak,2025-04-22
PI00113,CUST00077,card,**** 9594,Yes Bank,2026-06-07
PI00114,CUST00078,wallet,**** 9692,HDFC,2025-01-02
PI00115,CUST00079,card,**** 6235,ICICI,2025-06-27
PI00116,CUST00080,card,**** 4091,Yes Bank,2025-09-05
PI00117,CUST00081,upi,**** 8843,ICICI,2025-02-15
PI00118,CUST00082,card,**** 7354,Kotak,2025-03-12
PI00119,CUST00083,wallet,**** 9870,IDFC First,2024-09-21
PI00120,CUST00083,card,**** 3393,Yes Bank,2025-04-21
PI00121,CUST00084,wallet,**** 3382,IDFC First,2025-02-14
PI00122,CUST00085,upi,**** 9411,HDFC,2025-09-09
PI00123,CUST00086,card,**** 5047,Yes Bank,2025-12-10
PI00124,CUST00086,upi,**** 6926,ICICI,2025-07-05
PI00125,CUST00087,upi,**** 1977,IDFC First,2025-09-22
PI00126,CUST00088,card,**** 6250,IDFC First,2024-10-31
PI00127,CUST00089,card,**** 4155,Yes Bank,2025-02-05
PI00128,CUST00090,upi,**** 7402,Axis,2024-10-11
PI00129,CUST00090,wallet,**** 4681,Yes Bank,2025-06-27
PI00130,CUST00091,upi,**** 9348,Axis,2025-04-18
PI00131,CUST00092,wallet,**** 3576,ICICI,2026-01-01
PI00132,CUST00092,wallet,**** 9540,SBI,2026-05-02
PI00133,CUST00093,card,**** 8090,Kotak,2026-06-15
PI00134,CUST00094,upi,**** 2086,Kotak,2026-05-19
PI00135,CUST00095,wallet,**** 3384,IDFC First,2026-06-11
PI00136,CUST00096,card,**** 7054,SBI,2025-11-30
PI00137,CUST00096,upi,**** 5601,Axis,2025-05-05
PI00138,CUST00097,upi,**** 5972,IDFC First,2024-08-28
PI00139,CUST00097,wallet,**** 6359,SBI,2024-11-30
PI00140,CUST00098,wallet,**** 8991,Axis,2025-07-02
PI00141,CUST00099,wallet,**** 3248,Axis,2025-11-18
PI00142,CUST00099,upi,**** 2490,Yes Bank,2024-10-06
PI00143,CUST00100,upi,**** 9728,Kotak,2026-03-12
PI00144,CUST00101,wallet,**** 2031,SBI,2026-01-28
PI00145,CUST00101,wallet,**** 5394,SBI,2026-05-30
PI00146,CUST00102,wallet,**** 9413,ICICI,2025-06-23
PI00147,CUST00103,upi,**** 4922,Kotak,2025-05-01
PI00148,CUST00104,upi,**** 6019,ICICI,2026-02-17
PI00149,CUST00105,wallet,**** 7742,SBI,2025-11-02
PI00150,CUST00106,wallet,**** 7944,Yes Bank,2025-02-18
PI00151,CUST00107,card,**** 3281,IDFC First,2026-01-30
PI00152,CUST00107,wallet,**** 5833,ICICI,2025-11-28
PI00153,CUST00108,wallet,**** 6922,Yes Bank,2025-10-30
PI00154,CUST00108,wallet,**** 6261,ICICI,2026-05-29
PI00155,CUST00109,wallet,**** 9521,ICICI,2025-08-25
PI00156,CUST00110,wallet,**** 5775,Yes Bank,2024-12-13
PI00157,CUST00111,card,**** 6527,ICICI,2025-12-23
PI00158,CUST00112,upi,**** 7143,ICICI,2025-03-22
PI00159,CUST00112,upi,**** 8935,Yes Bank,2025-03-09
PI00160,CUST00113,wallet,**** 8521,Kotak,2025-03-16
PI00161,CUST00114,card,**** 5173,Kotak,2026-03-13
PI00162,CUST00115,upi,**** 3038,Axis,2026-03-14
PI00163,CUST00116,upi,**** 1053,HDFC,2025-08-21
PI00164,CUST00116,card,**** 5174,Axis,2025-08-25
PI00165,CUST00117,wallet,**** 5539,Kotak,2025-12-15
PI00166,CUST00118,upi,**** 4263,SBI,2025-10-05
PI00167,CUST00118,card,**** 8007,Yes Bank,2024-09-06
PI00168,CUST00119,wallet,**** 2770,Axis,2024-11-23
PI00169,CUST00120,upi,**** 6130,HDFC,2025-01-25
PI00170,CUST00121,card,**** 3013,SBI,2026-02-06
PI00171,CUST00122,card,**** 2151,SBI,2025-04-18
PI00172,CUST00123,wallet,**** 9769,SBI,2026-02-01
PI00173,CUST00124,card,**** 7934,ICICI,2025-02-03
PI00174,CUST00125,wallet,**** 1981,HDFC,2025-12-24
PI00175,CUST00126,upi,**** 5541,SBI,2026-05-27
PI00176,CUST00127,card,**** 4776,ICICI,2025-01-26
PI00177,CUST00128,wallet,**** 5370,Kotak,2025-02-03
PI00178,CUST00128,upi,**** 4872,ICICI,2025-09-26
PI00179,CUST00129,wallet,**** 6189,IDFC First,2024-10-31
PI00180,CUST00130,card,**** 7279,ICICI,2025-12-30
PI00181,CUST00131,wallet,**** 1285,ICICI,2025-02-12
PI00182,CUST00131,card,**** 5419,IDFC First,2025-06-18
PI00183,CUST00132,card,**** 2567,ICICI,2024-09-23
PI00184,CUST00133,card,**** 4965,Axis,2025-02-24
PI00185,CUST00134,card,**** 3843,ICICI,2025-03-12
PI00186,CUST00134,upi,**** 2759,HDFC,2025-04-11
PI00187,CUST00135,wallet,**** 6054,Axis,2026-06-17
PI00188,CUST00136,wallet,**** 7335,Axis,2025-12-22
PI00189,CUST00136,card,**** 4804,HDFC,2025-08-24
PI00190,CUST00137,upi,**** 8276,Axis,2026-01-23
PI00191,CUST00138,wallet,**** 7299,IDFC First,2025-01-09
PI00192,CUST00139,upi,**** 1377,Kotak,2026-03-19
PI00193,CUST00139,upi,**** 4360,Yes Bank,2025-09-13
PI00194,CUST00140,upi,**** 9584,SBI,2026-05-22
PI00195,CUST00141,card,**** 9176,Kotak,2026-06-12
PI00196,CUST00142,upi,**** 8244,Kotak,2026-07-22
PI00197,CUST00142,card,**** 7110,ICICI,2026-05-29
PI00198,CUST00143,card,**** 7187,ICICI,2025-02-17
PI00199,CUST00143,upi,**** 4393,ICICI,2025-11-08
PI00200,CUST00144,upi,**** 7637,SBI,2026-06-29
PI00201,CUST00145,wallet,**** 5762,ICICI,2025-06-14
PI00202,CUST00146,wallet,**** 8695,HDFC,2026-01-22
PI00203,CUST00147,wallet,**** 4998,Yes Bank,2025-12-11
PI00204,CUST00147,wallet,**** 2059,Axis,2024-12-14
PI00205,CUST00148,card,**** 7371,Kotak,2024-09-18
PI00206,CUST00148,upi,**** 6890,Axis,2025-03-31
PI00207,CUST00149,upi,**** 8148,Yes Bank,2025-03-26
PI00208,CUST00150,upi,**** 2465,Axis,2025-02-20
PI00209,CUST00151,upi,**** 4744,SBI,2026-04-07
PI00210,CUST00152,upi,**** 8840,ICICI,2024-09-27
PI00211,CUST00153,card,**** 9473,Kotak,2025-12-10
PI00212,CUST00154,card,**** 1594,Axis,2025-11-12
PI00213,CUST00154,upi,**** 1786,IDFC First,2024-11-09
PI00214,CUST00155,card,**** 3601,HDFC,2025-07-04
PI00215,CUST00156,wallet,**** 1820,SBI,2026-04-25
PI00216,CUST00156,card,**** 9605,SBI,2024-10-02
PI00217,CUST00157,card,**** 5803,ICICI,2025-09-01
PI00218,CUST00158,upi,**** 4047,ICICI,2026-04-09
PI00219,CUST00159,upi,**** 3730,Kotak,2026-06-08
PI00220,CUST00160,card,**** 2511,Kotak,2025-07-27
PI00221,CUST00161,wallet,**** 3882,SBI,2025-11-12
PI00222,CUST00162,upi,**** 7934,ICICI,2026-05-08
PI00223,CUST00162,card,**** 1281,IDFC First,2025-09-08
PI00224,CUST00163,wallet,**** 2262,HDFC,2025-06-11
PI00225,CUST00164,upi,**** 3928,Kotak,2026-07-03
PI00226,CUST00165,upi,**** 7044,Yes Bank,2025-11-23
PI00227,CUST00166,card,**** 9743,ICICI,2026-01-17
PI00228,CUST00167,card,**** 6332,IDFC First,2025-11-21
PI00229,CUST00168,upi,**** 9409,IDFC First,2025-08-09
PI00230,CUST00169,wallet,**** 9265,HDFC,2024-08-27
PI00231,CUST00170,card,**** 3736,HDFC,2025-03-22
PI00232,CUST00171,card,**** 3167,ICICI,2025-08-13
PI00233,CUST00172,upi,**** 5575,Axis,2024-09-07
PI00234,CUST00172,card,**** 8453,ICICI,2025-08-15
PI00235,CUST00173,card,**** 5066,ICICI,2025-09-21
PI00236,CUST00173,wallet,**** 1692,HDFC,2026-02-20
PI00237,CUST00174,card,**** 1009,SBI,2025-04-07
PI00238,CUST00175,wallet,**** 9027,Yes Bank,2024-11-26
PI00239,CUST00176,wallet,**** 9871,Yes Bank,2025-01-09
PI00240,CUST00177,wallet,**** 8645,Yes Bank,2025-11-20
PI00241,CUST00178,upi,**** 7638,IDFC First,2025-12-05
PI00242,CUST00178,upi,**** 9576,Axis,2024-08-27
PI00243,CUST00179,wallet,**** 9187,ICICI,2025-07-22
PI00244,CUST00180,card,**** 2202,Kotak,2024-11-27
PI00245,CUST00181,upi,**** 2892,Kotak,2025-09-24
PI00246,CUST00182,upi,**** 7159,SBI,2025-03-24
PI00247,CUST00183,card,**** 6153,Axis,2026-05-30
PI00248,CUST00184,card,**** 4531,Axis,2026-04-12
PI00249,CUST00185,card,**** 8371,IDFC First,2026-07-23
PI00250,CUST00185,wallet,**** 3291,Yes Bank,2025-08-06
PI00251,CUST00186,upi,**** 5005,ICICI,2024-09-08
PI00252,CUST00187,card,**** 8193,SBI,2024-12-03
PI00253,CUST00188,upi,**** 8640,Yes Bank,2026-01-17
PI00254,CUST00189,upi,**** 4353,Axis,2026-03-12
PI00255,CUST00190,upi,**** 1841,ICICI,2024-09-24
PI00256,CUST00191,wallet,**** 2659,SBI,2025-09-06
PI00257,CUST00192,card,**** 6743,Axis,2025-01-04
PI00258,CUST00193,wallet,**** 8100,HDFC,2025-04-30
PI00259,CUST00194,upi,**** 6812,IDFC First,2025-02-12
PI00260,CUST00194,wallet,**** 8816,HDFC,2025-04-07
PI00261,CUST00195,card,**** 6775,SBI,2025-01-08
PI00262,CUST00196,upi,**** 9302,ICICI,2025-11-17
PI00263,CUST00197,card,**** 3391,Yes Bank,2025-01-06
PI00264,CUST00198,wallet,**** 5417,HDFC,2026-01-23
PI00265,CUST00198,card,**** 9347,ICICI,2025-06-09
PI00266,CUST00199,wallet,**** 7082,HDFC,2025-12-06
PI00267,CUST00199,upi,**** 7609,SBI,2024-11-10
PI00268,CUST00200,upi,**** 6684,Kotak,2025-07-09
PI00269,CUST00200,upi,**** 5668,SBI,2025-09-06
PI00270,CUST00201,wallet,**** 3020,Axis,2025-03-07
PI00271,CUST00202,upi,**** 9420,HDFC,2025-04-21
PI00272,CUST00203,wallet,**** 9289,HDFC,2025-07-30
PI00273,CUST00203,card,**** 7191,SBI,2025-12-09
PI00274,CUST00204,wallet,**** 8206,Yes Bank,2026-01-19
PI00275,CUST00204,wallet,**** 5376,ICICI,2025-07-15
PI00276,CUST00205,card,**** 2526,Kotak,2024-11-30
PI00277,CUST00206,upi,**** 7461,ICICI,2026-02-04
PI00278,CUST00207,card,**** 5962,HDFC,2026-01-16
PI00279,CUST00208,card,**** 7854,Kotak,2025-11-01
PI00280,CUST00209,upi,**** 3484,Axis,2025-07-21
PI00281,CUST00210,wallet,**** 5180,ICICI,2025-06-10
PI00282,CUST00210,card,**** 2085,ICICI,2026-02-28
PI00283,CUST00211,upi,**** 8907,IDFC First,2026-07-20
PI00284,CUST00212,card,**** 8672,ICICI,2025-12-16
PI00285,CUST00213,upi,**** 2871,HDFC,2024-11-14
PI00286,CUST00213,wallet,**** 8530,IDFC First,2025-06-11
PI00287,CUST00214,wallet,**** 7096,IDFC First,2025-07-29
PI00288,CUST00215,upi,**** 9977,IDFC First,2025-07-03
PI00289,CUST00216,upi,**** 6349,Kotak,2025-01-26
PI00290,CUST00216,card,**** 9520,Yes Bank,2025-11-27
PI00291,CUST00217,wallet,**** 5018,ICICI,2026-08-03
PI00292,CUST00218,upi,**** 8919,SBI,2025-01-24
PI00293,CUST00219,wallet,**** 5924,Axis,2025-11-15
PI00294,CUST00220,upi,**** 1840,Kotak,2025-04-17
PI00295,CUST00220,upi,**** 5221,HDFC,2026-05-15
PI00296,CUST00221,wallet,**** 4663,IDFC First,2025-11-15
PI00297,CUST00222,card,**** 8607,ICICI,2024-11-16
PI00298,CUST00223,wallet,**** 9883,Kotak,2025-10-22
PI00299,CUST00224,upi,**** 7551,Axis,2026-05-07
PI00300,CUST00225,upi,**** 5900,HDFC,2025-02-24
PI00301,CUST00225,card,**** 3661,Kotak,2025-06-20
PI00302,CUST00226,wallet,**** 2086,IDFC First,2025-08-11
PI00303,CUST00227,card,**** 8137,Axis,2024-09-01
PI00304,CUST00228,card,**** 7786,Axis,2025-02-18
PI00305,CUST00229,upi,**** 7068,HDFC,2026-05-11
PI00306,CUST00230,card,**** 8971,Axis,2025-05-24
PI00307,CUST00231,wallet,**** 4506,Axis,2026-05-07
PI00308,CUST00232,card,**** 5693,ICICI,2025-09-30
PI00309,CUST00233,card,**** 6506,ICICI,2025-10-24
PI00310,CUST00233,wallet,**** 6359,Kotak,2026-05-31
PI00311,CUST00234,card,**** 2649,HDFC,2026-08-19
PI00312,CUST00235,wallet,**** 1139,ICICI,2026-05-26
PI00313,CUST00236,upi,**** 9071,HDFC,2024-11-26
PI00314,CUST00236,wallet,**** 3488,HDFC,2025-09-06
PI00315,CUST00237,upi,**** 3909,HDFC,2025-06-20
PI00316,CUST00238,upi,**** 7009,Yes Bank,2025-11-30
PI00317,CUST00239,wallet,**** 6853,Yes Bank,2025-10-02
PI00318,CUST00239,wallet,**** 2433,HDFC,2026-08-09
PI00319,CUST00240,upi,**** 6409,HDFC,2026-08-13
PI00320,CUST00241,wallet,**** 2349,HDFC,2026-02-27
PI00321,CUST00242,card,**** 4149,IDFC First,2025-04-13
PI00322,CUST00242,card,**** 7403,IDFC First,2025-06-13
PI00323,CUST00243,card,**** 5379,Kotak,2025-10-16
PI00324,CUST00244,wallet,**** 9619,HDFC,2024-12-02
PI00325,CUST00245,upi,**** 3271,HDFC,2025-05-15
PI00326,CUST00245,upi,**** 5259,ICICI,2025-01-29
PI00327,CUST00246,wallet,**** 9435,HDFC,2025-04-27
PI00328,CUST00246,upi,**** 4666,Yes Bank,2026-01-17
PI00329,CUST00247,card,**** 7445,IDFC First,2025-08-09
PI00330,CUST00248,wallet,**** 3667,Yes Bank,2025-11-29
PI00331,CUST00249,upi,**** 6877,Kotak,2025-02-13
PI00332,CUST00250,upi,**** 7571,Axis,2025-12-06
PI00333,CUST00251,upi,**** 6351,ICICI,2025-08-10
PI00334,CUST00252,upi,**** 3436,Yes Bank,2025-10-21
PI00335,CUST00253,card,**** 2301,HDFC,2026-04-25
PI00336,CUST00254,card,**** 3419,HDFC,2025-07-26
PI00337,CUST00254,upi,**** 3066,ICICI,2025-12-23
PI00338,CUST00255,card,**** 5628,IDFC First,2026-04-14
PI00339,CUST00255,upi,**** 6242,Kotak,2025-04-17
PI00340,CUST00256,wallet,**** 8890,Axis,2024-08-24
PI00341,CUST00257,card,**** 5956,Yes Bank,2025-12-02
PI00342,CUST00258,upi,**** 1554,SBI,2024-09-29
PI00343,CUST00259,upi,**** 4137,SBI,2025-06-03
PI00344,CUST00260,card,**** 1514,IDFC First,2025-03-25
PI00345,CUST00261,upi,**** 4056,IDFC First,2025-10-09
PI00346,CUST00262,upi,**** 7512,IDFC First,2025-03-02
PI00347,CUST00263,upi,**** 8366,ICICI,2025-09-20
PI00348,CUST00263,upi,**** 7919,Yes Bank,2025-06-19
PI00349,CUST00264,wallet,**** 4014,HDFC,2026-04-15
PI00350,CUST00265,upi,**** 7812,HDFC,2025-01-15
PI00351,CUST00266,upi,**** 3427,HDFC,2025-11-22
PI00352,CUST00267,card,**** 9401,Kotak,2024-08-27
PI00353,CUST00268,upi,**** 4313,Yes Bank,2026-06-16
PI00354,CUST00269,upi,**** 1629,IDFC First,2025-11-15
PI00355,CUST00270,wallet,**** 6910,Yes Bank,2024-12-04
PI00356,CUST00271,wallet,**** 7111,SBI,2026-04-08
PI00357,CUST00272,card,**** 8910,IDFC First,2025-11-23
PI00358,CUST00273,card,**** 4458,ICICI,2025-09-15
PI00359,CUST00273,upi,**** 9273,SBI,2025-06-11
PI00360,CUST00274,upi,**** 9662,Kotak,2026-06-28
PI00361,CUST00274,wallet,**** 4222,Axis,2026-01-12
PI00362,CUST00275,card,**** 8453,Yes Bank,2025-11-11
PI00363,CUST00275,wallet,**** 9964,SBI,2026-03-21
PI00364,CUST00276,upi,**** 1729,SBI,2025-08-27
PI00365,CUST00276,upi,**** 1293,Axis,2025-06-02
PI00366,CUST00277,wallet,**** 2028,Axis,2024-10-21
PI00367,CUST00277,upi,**** 8594,Kotak,2025-03-16
PI00368,CUST00278,card,**** 6163,IDFC First,2026-03-30
PI00369,CUST00278,wallet,**** 4651,Axis,2025-03-07
PI00370,CUST00279,upi,**** 1634,IDFC First,2024-09-28
PI00371,CUST00280,wallet,**** 5163,Axis,2024-09-05
PI00372,CUST00281,card,**** 9695,ICICI,2026-07-22
PI00373,CUST00282,card,**** 8360,ICICI,2026-06-28
PI00374,CUST00283,card,**** 8045,HDFC,2025-07-13
PI00375,CUST00284,upi,**** 9769,IDFC First,2025-09-30
PI00376,CUST00285,upi,**** 1267,Kotak,2024-08-29
PI00377,CUST00285,wallet,**** 6016,IDFC First,2025-05-19
PI00378,CUST00286,wallet,**** 1838,Axis,2024-09-14
PI00379,CUST00286,wallet,**** 4496,Kotak,2026-06-16
PI00380,CUST00287,wallet,**** 5711,IDFC First,2026-06-26
PI00381,CUST00287,card,**** 4847,Axis,2024-12-25
PI00382,CUST00288,wallet,**** 6383,ICICI,2026-03-25
PI00383,CUST00288,wallet,**** 4281,HDFC,2024-10-05
PI00384,CUST00289,upi,**** 2305,SBI,2026-05-06
PI00385,CUST00289,wallet,**** 5023,Axis,2025-09-21
PI00386,CUST00290,card,**** 3127,Yes Bank,2025-09-07
PI00387,CUST00291,upi,**** 3769,Yes Bank,2024-11-25
PI00388,CUST00291,upi,**** 5212,Axis,2025-08-30
PI00389,CUST00292,upi,**** 4343,Yes Bank,2024-10-21
PI00390,CUST00293,upi,**** 2599,IDFC First,2025-03-22
PI00391,CUST00294,upi,**** 9885,Yes Bank,2025-06-14
PI00392,CUST00295,wallet,**** 2123,HDFC,2025-05-15
PI00393,CUST00295,card,**** 2989,IDFC First,2026-01-12
PI00394,CUST00296,card,**** 2081,IDFC First,2025-12-04
PI00395,CUST00297,card,**** 2857,IDFC First,2025-05-08
PI00396,CUST00298,upi,**** 2989,Kotak,2025-03-04
PI00397,CUST00299,upi,**** 9368,HDFC,2026-03-21
PI00398,CUST00299,upi,**** 5559,IDFC First,2026-03-04
PI00399,CUST00300,upi,**** 2507,SBI,2025-01-24
PI00400,CUST00301,upi,**** 4101,Kotak,2025-08-26
PI00401,CUST00302,wallet,**** 1298,Kotak,2026-07-19
PI00402,CUST00303,card,**** 3658,ICICI,2025-05-17
PI00403,CUST00304,card,**** 9553,IDFC First,2025-05-16
PI00404,CUST00305,wallet,**** 4181,Axis,2025-10-29
PI00405,CUST00305,wallet,**** 6757,HDFC,2026-05-18
PI00406,CUST00306,upi,**** 8084,HDFC,2025-12-01
PI00407,CUST00307,upi,**** 4479,ICICI,2025-03-31
PI00408,CUST00307,card,**** 8920,IDFC First,2026-01-07
PI00409,CUST00308,wallet,**** 2096,Yes Bank,2025-07-08
PI00410,CUST00308,card,**** 9099,Kotak,2025-03-27
PI00411,CUST00309,upi,**** 6279,Yes Bank,2025-09-30
PI00412,CUST00310,card,**** 1687,HDFC,2025-10-01
PI00413,CUST00311,card,**** 1060,Kotak,2025-05-31
PI00414,CUST00312,card,**** 7103,Yes Bank,2025-09-16
PI00415,CUST00313,upi,**** 1121,SBI,2026-08-14
PI00416,CUST00314,card,**** 3196,IDFC First,2025-11-12
PI00417,CUST00315,wallet,**** 9528,Kotak,2024-12-19
PI00418,CUST00316,wallet,**** 3224,Axis,2026-08-21
PI00419,CUST00317,wallet,**** 6582,HDFC,2026-03-20
PI00420,CUST00318,card,**** 6194,ICICI,2025-11-17
PI00421,CUST00318,upi,**** 9799,IDFC First,2025-12-31
PI00422,CUST00319,upi,**** 1637,IDFC First,2026-04-03
PI00423,CUST00320,card,**** 5918,Yes Bank,2025-11-06
PI00424,CUST00321,wallet,**** 5231,IDFC First,2026-02-22
PI00425,CUST00322,card,**** 5598,SBI,2025-10-08
PI00426,CUST00323,card,**** 9699,SBI,2024-11-26
PI00427,CUST00324,upi,**** 6052,Yes Bank,2025-11-26
PI00428,CUST00325,upi,**** 1372,HDFC,2026-01-01
PI00429,CUST00326,upi,**** 4027,Yes Bank,2026-07-27
PI00430,CUST00327,card,**** 9600,Kotak,2026-01-12
PI00431,CUST00328,card,**** 6939,HDFC,2025-04-27
PI00432,CUST00328,card,**** 5328,IDFC First,2024-10-01
PI00433,CUST00329,upi,**** 3027,ICICI,2026-03-24
PI00434,CUST00330,card,**** 2291,ICICI,2024-11-20
PI00435,CUST00330,card,**** 5530,SBI,2026-04-09
PI00436,CUST00331,wallet,**** 2305,IDFC First,2025-05-26
PI00437,CUST00331,wallet,**** 9993,Kotak,2025-06-28
PI00438,CUST00332,wallet,**** 5869,Kotak,2024-10-05
PI00439,CUST00332,wallet,**** 5874,HDFC,2026-07-14
PI00440,CUST00333,card,**** 6110,Axis,2025-02-04
PI00441,CUST00334,wallet,**** 6460,SBI,2025-08-10
PI00442,CUST00335,card,**** 3242,HDFC,2026-08-16
PI00443,CUST00335,card,**** 1065,HDFC,2025-12-11
PI00444,CUST00336,card,**** 8687,IDFC First,2024-12-30
PI00445,CUST00337,upi,**** 9879,HDFC,2025-10-05
PI00446,CUST00338,card,**** 5056,HDFC,2024-08-24
PI00447,CUST00339,card,**** 4033,Yes Bank,2024-12-21
PI00448,CUST00340,wallet,**** 2701,Yes Bank,2025-12-05
PI00449,CUST00340,card,**** 8705,ICICI,2025-02-22
PI00450,CUST00341,wallet,**** 3075,ICICI,2026-06-18
PI00451,CUST00341,wallet,**** 9350,ICICI,2025-01-21
PI00452,CUST00342,card,**** 9568,SBI,2025-09-26
PI00453,CUST00343,wallet,**** 4072,Axis,2024-12-13
PI00454,CUST00343,wallet,**** 4897,HDFC,2025-08-20
PI00455,CUST00344,card,**** 7364,ICICI,2026-06-11
PI00456,CUST00345,upi,**** 6640,ICICI,2026-02-07
PI00457,CUST00345,upi,**** 7742,Kotak,2025-11-01
PI00458,CUST00346,upi,**** 5080,Kotak,2025-01-17
PI00459,CUST00347,wallet,**** 7884,SBI,2026-06-28
PI00460,CUST00348,wallet,**** 9153,HDFC,2025-09-29
PI00461,CUST00348,card,**** 7644,Kotak,2026-05-31
PI00462,CUST00349,wallet,**** 5144,Yes Bank,2025-01-10
PI00463,CUST00350,wallet,**** 4020,IDFC First,2025-11-30
PI00464,CUST00351,wallet,**** 2965,Yes Bank,2024-10-02
PI00465,CUST00351,card,**** 3170,Yes Bank,2025-02-18
PI00466,CUST00352,card,**** 5095,Yes Bank,2026-02-24
PI00467,CUST00353,wallet,**** 2182,Yes Bank,2025-03-22
PI00468,CUST00354,card,**** 4573,SBI,2026-08-16
PI00469,CUST00355,wallet,**** 1046,Yes Bank,2024-09-21
PI00470,CUST00356,wallet,**** 2814,IDFC First,2026-07-16
PI00471,CUST00357,card,**** 7772,HDFC,2025-05-18
PI00472,CUST00357,upi,**** 4380,Axis,2026-05-14
PI00473,CUST00358,card,**** 3019,IDFC First,2025-08-01
PI00474,CUST00359,upi,**** 7735,Axis,2025-04-23
PI00475,CUST00360,wallet,**** 5506,Axis,2025-09-18
PI00476,CUST00360,wallet,**** 4302,IDFC First,2024-09-14
PI00477,CUST00361,card,**** 4387,Axis,2025-03-26
PI00478,CUST00361,upi,**** 4080,IDFC First,2025-08-04
PI00479,CUST00362,wallet,**** 4977,Axis,2025-09-11
PI00480,CUST00362,upi,**** 5487,Axis,2025-08-13
PI00481,CUST00363,upi,**** 1050,Axis,2025-09-23
PI00482,CUST00364,card,**** 2006,IDFC First,2026-06-22
PI00483,CUST00365,wallet,**** 8516,Kotak,2025-03-25
PI00484,CUST00366,card,**** 7773,HDFC,2026-04-24
PI00485,CUST00367,card,**** 5643,SBI,2026-02-27
PI00486,CUST00368,upi,**** 1225,Axis,2025-10-06
PI00487,CUST00369,card,**** 8445,SBI,2026-06-22
PI00488,CUST00369,upi,**** 4675,Axis,2026-01-09
PI00489,CUST00370,wallet,**** 5515,IDFC First,2025-03-15
PI00490,CUST00371,upi,**** 5417,ICICI,2024-09-07
PI00491,CUST00372,card,**** 8178,ICICI,2024-09-25
PI00492,CUST00373,card,**** 8961,Axis,2025-10-25
PI00493,CUST00374,wallet,**** 9350,Yes Bank,2025-01-12
PI00494,CUST00375,card,**** 5385,Yes Bank,2025-01-05
PI00495,CUST00376,wallet,**** 5174,Yes Bank,2026-06-11
PI00496,CUST00377,upi,**** 9462,IDFC First,2025-11-01
PI00497,CUST00378,wallet,**** 7614,HDFC,2026-04-27
PI00498,CUST00379,wallet,**** 2755,ICICI,2026-04-19
PI00499,CUST00380,upi,**** 5002,IDFC First,2024-11-03
PI00500,CUST00381,wallet,**** 9682,ICICI,2026-05-24
PI00501,CUST00381,wallet,**** 9143,Kotak,2025-12-24
PI00502,CUST00382,card,**** 1320,SBI,2025-06-27
PI00503,CUST00383,wallet,**** 7876,Kotak,2024-11-15
PI00504,CUST00383,upi,**** 1023,Axis,2026-04-22
PI00505,CUST00384,card,**** 2777,Yes Bank,2026-05-04
PI00506,CUST00385,wallet,**** 7960,SBI,2026-05-13
PI00507,CUST00386,upi,**** 4268,Yes Bank,2025-06-21
PI00508,CUST00386,upi,**** 6847,HDFC,2025-07-02
PI00509,CUST00387,upi,**** 4215,ICICI,2025-05-16
PI00510,CUST00388,card,**** 6507,SBI,2026-04-30
PI00511,CUST00389,card,**** 9724,SBI,2024-10-19
PI00512,CUST00390,card,**** 8058,Kotak,2025-11-07
PI00513,CUST00391,wallet,**** 2249,HDFC,2024-12-01
PI00514,CUST00392,card,**** 4789,Axis,2026-07-13
PI00515,CUST00392,card,**** 4358,Axis,2025-01-09
PI00516,CUST00393,wallet,**** 2189,HDFC,2024-09-24
PI00517,CUST00394,wallet,**** 8229,Yes Bank,2026-05-30
PI00518,CUST00394,card,**** 4616,Yes Bank,2026-08-07
PI00519,CUST00395,card,**** 7076,HDFC,2024-08-31
PI00520,CUST00396,upi,**** 1191,Kotak,2025-06-17
PI00521,CUST00397,card,**** 5594,Yes Bank,2026-04-22
PI00522,CUST00398,upi,**** 4425,HDFC,2025-04-03
PI00523,CUST00398,upi,**** 4878,Kotak,2025-10-08
PI00524,CUST00399,card,**** 5101,IDFC First,2025-11-29
PI00525,CUST00400,wallet,**** 4951,HDFC,2024-08-25
PI00526,CUST00400,upi,**** 5539,Kotak,2024-12-14
PI00527,CUST00401,wallet,**** 1104,IDFC First,2026-01-11
PI00528,CUST00402,card,**** 7747,SBI,2025-08-22
PI00529,CUST00403,card,**** 9252,Kotak,2026-05-15
PI00530,CUST00404,wallet,**** 5549,HDFC,2025-01-16
PI00531,CUST00405,wallet,**** 6717,SBI,2026-01-28
PI00532,CUST00406,wallet,**** 3691,HDFC,2025-10-10
PI00533,CUST00407,card,**** 1349,Yes Bank,2025-07-17
PI00534,CUST00407,upi,**** 4154,ICICI,2025-06-08
PI00535,CUST00408,card,**** 1740,Yes Bank,2025-08-24
PI00536,CUST00409,card,**** 4425,ICICI,2026-03-23
PI00537,CUST00410,upi,**** 8550,HDFC,2026-06-11
PI00538,CUST00411,upi,**** 4696,Kotak,2025-10-12
PI00539,CUST00411,card,**** 1515,HDFC,2026-08-04
PI00540,CUST00412,wallet,**** 4345,SBI,2025-04-14
PI00541,CUST00412,wallet,**** 5908,IDFC First,2025-10-06
PI00542,CUST00413,upi,**** 3521,Yes Bank,2024-09-06
PI00543,CUST00413,card,**** 3606,Axis,2026-05-21
PI00544,CUST00414,card,**** 3807,SBI,2025-03-04
PI00545,CUST00415,wallet,**** 3868,Yes Bank,2026-03-25
PI00546,CUST00416,card,**** 2389,IDFC First,2026-06-16
PI00547,CUST00417,card,**** 2199,ICICI,2026-02-24
PI00548,CUST00418,card,**** 8120,ICICI,2025-09-18
PI00549,CUST00419,card,**** 5360,Yes Bank,2025-12-07
PI00550,CUST00419,wallet,**** 9697,Kotak,2024-09-10
PI00551,CUST00420,upi,**** 8422,ICICI,2025-03-11
PI00552,CUST00420,wallet,**** 9730,Yes Bank,2025-05-06
PI00553,CUST00421,card,**** 8357,Axis,2026-07-29
PI00554,CUST00421,card,**** 8292,SBI,2026-07-07
PI00555,CUST00422,upi,**** 4508,Yes Bank,2025-02-14
PI00556,CUST00423,card,**** 7648,SBI,2025-04-04
PI00557,CUST00424,wallet,**** 8616,HDFC,2025-04-26
PI00558,CUST00425,card,**** 3077,HDFC,2025-12-01
PI00559,CUST00425,card,**** 9741,IDFC First,2025-06-26
PI00560,CUST00426,wallet,**** 8853,Axis,2026-04-22
PI00561,CUST00427,wallet,**** 3215,HDFC,2025-01-29
PI00562,CUST00427,wallet,**** 3945,Kotak,2024-08-22
PI00563,CUST00428,card,**** 4940,HDFC,2026-02-21
PI00564,CUST00429,wallet,**** 9907,HDFC,2026-03-12
PI00565,CUST00429,card,**** 9831,Kotak,2025-11-13
PI00566,CUST00430,upi,**** 9602,Kotak,2025-03-10
PI00567,CUST00431,upi,**** 5278,SBI,2025-05-25
PI00568,CUST00432,card,**** 3921,HDFC,2026-07-06
PI00569,CUST00432,upi,**** 9036,IDFC First,2025-03-22
PI00570,CUST00433,card,**** 4612,Yes Bank,2025-01-24
PI00571,CUST00434,card,**** 9486,ICICI,2025-07-19
PI00572,CUST00434,wallet,**** 8247,HDFC,2026-08-17
PI00573,CUST00435,wallet,**** 9957,HDFC,2026-01-17
PI00574,CUST00436,upi,**** 8551,ICICI,2026-04-23
PI00575,CUST00436,wallet,**** 5527,IDFC First,2025-01-19
PI00576,CUST00437,card,**** 1542,IDFC First,2025-07-08
PI00577,CUST00438,card,**** 1396,IDFC First,2025-02-20
PI00578,CUST00439,card,**** 2370,SBI,2025-01-14
PI00579,CUST00439,card,**** 2328,HDFC,2025-08-06
PI00580,CUST00440,card,**** 8877,IDFC First,2026-07-05
PI00581,CUST00440,card,**** 8192,IDFC First,2025-08-24
PI00582,CUST00441,wallet,**** 7087,HDFC,2025-06-22
PI00583,CUST00441,wallet,**** 1423,Yes Bank,2025-07-13
PI00584,CUST00442,upi,**** 6125,Axis,2026-01-27
PI00585,CUST00443,card,**** 9257,Yes Bank,2025-05-08
PI00586,CUST00443,upi,**** 5786,SBI,2024-09-01
PI00587,CUST00444,card,**** 9941,IDFC First,2026-04-13
PI00588,CUST00445,wallet,**** 9847,Axis,2025-10-21
PI00589,CUST00446,upi,**** 9556,IDFC First,2026-07-01
PI00590,CUST00447,card,**** 3879,IDFC First,2025-06-07
PI00591,CUST00448,wallet,**** 1695,SBI,2026-01-29
PI00592,CUST00449,upi,**** 1661,Kotak,2025-08-28
PI00593,CUST00450,upi,**** 1430,HDFC,2024-12-14
PI00594,CUST00451,card,**** 1045,Yes Bank,2025-03-12
PI00595,CUST00451,upi,**** 5024,Axis,2025-10-13
PI00596,CUST00452,wallet,**** 6594,HDFC,2025-05-17
PI00597,CUST00453,wallet,**** 9452,SBI,2025-09-13
PI00598,CUST00454,card,**** 7638,Axis,2026-02-16
PI00599,CUST00454,wallet,**** 3014,ICICI,2025-03-14
PI00600,CUST00455,card,**** 5414,Kotak,2025-03-04
PI00601,CUST00456,upi,**** 7054,Yes Bank,2026-05-18
PI00602,CUST00457,upi,**** 6081,IDFC First,2026-02-09
PI00603,CUST00458,wallet,**** 7149,Yes Bank,2025-02-03
PI00604,CUST00459,wallet,**** 1645,Yes Bank,2024-11-19
PI00605,CUST00460,card,**** 7663,ICICI,2026-03-18
PI00606,CUST00461,upi,**** 8537,Kotak,2026-03-06
PI00607,CUST00462,card,**** 9615,ICICI,2024-09-17
PI00608,CUST00463,card,**** 1994,SBI,2025-08-24
PI00609,CUST00464,card,**** 7417,SBI,2026-04-29
PI00610,CUST00465,card,**** 9671,Yes Bank,2026-02-24
PI00611,CUST00465,card,**** 5286,Yes Bank,2025-01-31
PI00612,CUST00466,upi,**** 3907,Kotak,2025-07-28
PI00613,CUST00466,upi,**** 9166,ICICI,2025-10-25
PI00614,CUST00467,card,**** 7194,Yes Bank,2026-03-27
PI00615,CUST00467,card,**** 9656,Yes Bank,2026-03-21
PI00616,CUST00468,upi,**** 5387,ICICI,2025-06-16
PI00617,CUST00469,wallet,**** 2073,ICICI,2024-10-12
PI00618,CUST00470,upi,**** 5835,Yes Bank,2025-02-01
PI00619,CUST00470,card,**** 9547,Kotak,2026-06-10
PI00620,CUST00471,wallet,**** 6038,Axis,2025-12-17
PI00621,CUST00471,upi,**** 3598,HDFC,2025-12-12
PI00622,CUST00472,upi,**** 3138,SBI,2025-01-21
PI00623,CUST00473,wallet,**** 9656,Axis,2026-07-20
PI00624,CUST00473,card,**** 2705,SBI,2026-06-25
PI00625,CUST00474,card,**** 8568,IDFC First,2026-03-02
PI00626,CUST00475,upi,**** 5777,Yes Bank,2025-10-25
PI00627,CUST00476,card,**** 6811,IDFC First,2024-08-27
PI00628,CUST00477,upi,**** 1693,ICICI,2026-07-17
PI00629,CUST00478,card,**** 7046,SBI,2025-05-30
PI00630,CUST00479,wallet,**** 4063,SBI,2025-12-06
PI00631,CUST00479,card,**** 1381,Yes Bank,2025-09-05
PI00632,CUST00480,upi,**** 7181,SBI,2026-01-25
PI00633,CUST00481,upi,**** 5761,Kotak,2025-12-02
PI00634,CUST00482,wallet,**** 9277,HDFC,2026-06-03
PI00635,CUST00482,card,**** 2785,SBI,2025-05-20
PI00636,CUST00483,wallet,**** 9207,Kotak,2026-01-21
PI00637,CUST00484,upi,**** 6432,Yes Bank,2024-09-28
PI00638,CUST00485,upi,**** 2008,Yes Bank,2026-01-16
PI00639,CUST00486,upi,**** 1615,SBI,2024-10-28
PI00640,CUST00486,wallet,**** 1942,IDFC First,2026-04-01
PI00641,CUST00487,card,**** 4352,ICICI,2026-06-11
PI00642,CUST00488,upi,**** 4183,IDFC First,2026-03-06
PI00643,CUST00489,upi,**** 6162,Yes Bank,2025-10-11
PI00644,CUST00489,card,**** 7467,Yes Bank,2025-06-06
PI00645,CUST00490,card,**** 2674,HDFC,2025-08-04
PI00646,CUST00491,wallet,**** 8450,Kotak,2026-01-17
PI00647,CUST00492,wallet,**** 3027,Kotak,2025-12-19
PI00648,CUST00493,wallet,**** 4254,ICICI,2025-06-17
PI00649,CUST00494,card,**** 4243,Axis,2026-05-13
PI00650,CUST00494,card,**** 3207,Axis,2025-03-27
PI00651,CUST00495,upi,**** 4698,HDFC,2024-12-02
PI00652,CUST00495,upi,**** 1569,Yes Bank,2025-12-10
PI00653,CUST00496,card,**** 9272,Axis,2026-01-25
PI00654,CUST00497,upi,**** 2561,Axis,2024-10-19
PI00655,CUST00498,upi,**** 9592,HDFC,2025-11-08
PI00656,CUST00498,card,**** 4028,ICICI,2025-09-06
PI00657,CUST00499,card,**** 2748,SBI,2025-06-04
PI00658,CUST00500,card,**** 3095,IDFC First,2026-04-22
PI00659,CUST00501,wallet,**** 1214,ICICI,2026-01-19
PI00660,CUST00501,wallet,**** 7181,SBI,2024-09-27
PI00661,CUST00502,wallet,**** 9148,SBI,2026-01-20
PI00662,CUST00503,upi,**** 2961,Yes Bank,2026-07-21
PI00663,CUST00503,upi,**** 1050,Kotak,2024-11-08
PI00664,CUST00504,card,**** 7418,SBI,2024-11-18
PI00665,CUST00504,wallet,**** 6665,ICICI,2025-02-07
PI00666,CUST00505,card,**** 6099,Kotak,2024-09-04
PI00667,CUST00506,card,**** 9617,Yes Bank,2025-06-10
PI00668,CUST00507,upi,**** 2783,Kotak,2025-12-07
PI00669,CUST00507,upi,**** 4700,ICICI,2026-05-08
PI00670,CUST00508,wallet,**** 8820,SBI,2025-07-15
PI00671,CUST00509,wallet,**** 3282,IDFC First,2026-07-09
PI00672,CUST00510,card,**** 3795,IDFC First,2025-11-25
PI00673,CUST00511,card,**** 4532,Kotak,2025-11-19
PI00674,CUST00511,wallet,**** 9287,ICICI,2025-11-14
PI00675,CUST00512,card,**** 8393,SBI,2025-05-15
PI00676,CUST00513,upi,**** 7852,HDFC,2026-07-29
PI00677,CUST00514,upi,**** 1597,Yes Bank,2026-02-11
PI00678,CUST00515,wallet,**** 5816,ICICI,2026-03-15
PI00679,CUST00515,wallet,**** 9783,Axis,2025-04-29
PI00680,CUST00516,card,**** 7010,Yes Bank,2026-05-23
PI00681,CUST00516,card,**** 6529,ICICI,2025-12-30
PI00682,CUST00517,upi,**** 8023,Axis,2026-03-27
PI00683,CUST00518,card,**** 9508,Yes Bank,2024-12-02
PI00684,CUST00518,card,**** 2908,Yes Bank,2025-01-17
PI00685,CUST00519,upi,**** 1294,HDFC,2025-02-05
PI00686,CUST00520,card,**** 9523,ICICI,2026-05-09
PI00687,CUST00521,upi,**** 7518,Kotak,2025-07-25
PI00688,CUST00522,card,**** 7328,ICICI,2025-03-30
PI00689,CUST00523,upi,**** 2190,SBI,2026-04-06
PI00690,CUST00523,wallet,**** 4487,HDFC,2024-11-01
PI00691,CUST00524,card,**** 5161,SBI,2025-01-03
PI00692,CUST00525,card,**** 8041,Kotak,2025-10-18
PI00693,CUST00526,card,**** 8147,Kotak,2025-02-17
PI00694,CUST00526,card,**** 8952,Yes Bank,2025-09-28
PI00695,CUST00527,upi,**** 3336,Kotak,2025-02-28
PI00696,CUST00528,wallet,**** 5321,SBI,2025-01-09
PI00697,CUST00529,card,**** 2897,ICICI,2024-10-08
PI00698,CUST00529,upi,**** 1081,IDFC First,2026-05-29
PI00699,CUST00530,upi,**** 4179,SBI,2025-02-26
PI00700,CUST00530,upi,**** 4889,Axis,2026-04-22
PI00701,CUST00531,wallet,**** 9660,ICICI,2024-09-25
PI00702,CUST00531,upi,**** 1755,ICICI,2025-08-26
PI00703,CUST00532,wallet,**** 7132,Kotak,2026-03-05
PI00704,CUST00533,card,**** 1874,HDFC,2025-12-01
PI00705,CUST00533,wallet,**** 7071,Axis,2026-04-07
PI00706,CUST00534,wallet,**** 1295,Kotak,2025-12-21
PI00707,CUST00534,card,**** 9313,SBI,2026-04-06
PI00708,CUST00535,wallet,**** 2062,IDFC First,2024-12-20
PI00709,CUST00535,upi,**** 5681,Kotak,2024-12-28
PI00710,CUST00536,card,**** 8423,SBI,2026-01-06
PI00711,CUST00537,card,**** 7600,IDFC First,2025-03-07
PI00712,CUST00537,wallet,**** 7893,IDFC First,2025-07-22
PI00713,CUST00538,wallet,**** 7158,IDFC First,2026-03-21
PI00714,CUST00538,wallet,**** 5856,IDFC First,2025-04-18
PI00715,CUST00539,wallet,**** 8474,HDFC,2024-12-28
PI00716,CUST00539,wallet,**** 5842,ICICI,2026-05-30
PI00717,CUST00540,upi,**** 7293,Yes Bank,2026-04-25
PI00718,CUST00540,wallet,**** 5066,ICICI,2024-08-29
PI00719,CUST00541,wallet,**** 2686,SBI,2026-07-14
PI00720,CUST00542,wallet,**** 6072,Kotak,2025-02-20
PI00721,CUST00543,card,**** 3869,ICICI,2025-03-19
PI00722,CUST00543,card,**** 4030,IDFC First,2026-01-13
PI00723,CUST00544,upi,**** 3314,IDFC First,2026-01-28
PI00724,CUST00545,upi,**** 1897,Axis,2026-02-23
PI00725,CUST00546,wallet,**** 1376,Kotak,2026-01-27
PI00726,CUST00546,upi,**** 3539,Axis,2025-03-28
PI00727,CUST00547,card,**** 8490,IDFC First,2024-12-03
PI00728,CUST00547,upi,**** 1500,Yes Bank,2025-10-23
PI00729,CUST00548,card,**** 4537,SBI,2025-07-19
PI00730,CUST00549,wallet,**** 4737,Kotak,2025-11-26
PI00731,CUST00549,wallet,**** 4610,SBI,2025-10-23
PI00732,CUST00550,wallet,**** 6927,Yes Bank,2026-07-16
PI00733,CUST00550,card,**** 9523,ICICI,2024-10-30
PI00734,CUST00551,wallet,**** 1286,IDFC First,2025-08-15
PI00735,CUST00551,upi,**** 1050,SBI,2025-07-02
PI00736,CUST00552,wallet,**** 2930,ICICI,2025-04-25
PI00737,CUST00553,wallet,**** 8113,SBI,2026-05-21
PI00738,CUST00553,card,**** 9998,IDFC First,2025-02-06
PI00739,CUST00554,upi,**** 6877,Kotak,2025-02-11
PI00740,CUST00555,card,**** 8113,Yes Bank,2025-11-28
PI00741,CUST00555,upi,**** 2531,IDFC First,2024-11-19
PI00742,CUST00556,upi,**** 7198,SBI,2026-03-01
PI00743,CUST00556,upi,**** 2192,IDFC First,2024-10-10
PI00744,CUST00557,card,**** 8895,IDFC First,2025-01-01
PI00745,CUST00558,card,**** 3387,IDFC First,2026-07-07
PI00746,CUST00559,wallet,**** 6139,Kotak,2025-03-09
PI00747,CUST00560,card,**** 5127,IDFC First,2025-07-19
PI00748,CUST00561,upi,**** 7531,Kotak,2025-07-09
PI00749,CUST00562,card,**** 6091,IDFC First,2026-01-06
PI00750,CUST00563,upi,**** 1664,IDFC First,2024-08-30
PI00751,CUST00563,card,**** 3690,Axis,2025-06-16
PI00752,CUST00564,card,**** 1106,Yes Bank,2025-06-07
PI00753,CUST00565,upi,**** 7400,Axis,2026-04-30
PI00754,CUST00565,card,**** 1903,HDFC,2026-02-04
PI00755,CUST00566,wallet,**** 4310,HDFC,2025-02-28
PI00756,CUST00567,wallet,**** 4167,IDFC First,2026-04-06
PI00757,CUST00568,upi,**** 1417,HDFC,2025-12-06
PI00758,CUST00568,card,**** 7147,Kotak,2025-08-19
PI00759,CUST00569,wallet,**** 5575,HDFC,2026-08-09
PI00760,CUST00570,wallet,**** 2198,IDFC First,2025-05-13
PI00761,CUST00571,upi,**** 1890,Axis,2025-01-14
PI00762,CUST00571,upi,**** 3903,IDFC First,2024-11-25
PI00763,CUST00572,wallet,**** 4209,IDFC First,2025-12-04
PI00764,CUST00572,wallet,**** 8263,Yes Bank,2024-08-25
PI00765,CUST00573,wallet,**** 3353,HDFC,2024-12-25
PI00766,CUST00574,upi,**** 4612,Yes Bank,2025-04-11
PI00767,CUST00574,upi,**** 5425,HDFC,2025-05-24
PI00768,CUST00575,upi,**** 8253,Kotak,2024-11-17
PI00769,CUST00576,upi,**** 3659,HDFC,2025-04-11
PI00770,CUST00577,upi,**** 3289,Yes Bank,2025-10-28
PI00771,CUST00577,upi,**** 7744,Yes Bank,2025-01-15
PI00772,CUST00578,wallet,**** 3247,SBI,2024-10-24
PI00773,CUST00579,wallet,**** 2508,Yes Bank,2025-03-07
PI00774,CUST00580,wallet,**** 8768,Axis,2025-08-05
PI00775,CUST00581,card,**** 2094,IDFC First,2026-07-28
PI00776,CUST00582,card,**** 7509,Kotak,2024-09-25
PI00777,CUST00583,wallet,**** 5305,HDFC,2025-08-10
PI00778,CUST00583,card,**** 4251,ICICI,2025-06-15
PI00779,CUST00584,card,**** 2461,ICICI,2025-02-02
PI00780,CUST00585,upi,**** 3805,ICICI,2025-05-11
PI00781,CUST00586,upi,**** 2781,Axis,2026-07-22
PI00782,CUST00587,card,**** 8606,HDFC,2025-11-10
PI00783,CUST00587,card,**** 3691,Yes Bank,2025-05-11
PI00784,CUST00588,card,**** 3676,HDFC,2026-01-05
PI00785,CUST00589,card,**** 4585,IDFC First,2026-07-17
PI00786,CUST00590,card,**** 9409,Yes Bank,2026-07-30
PI00787,CUST00591,card,**** 8663,Axis,2025-12-03
PI00788,CUST00592,wallet,**** 6651,Axis,2025-06-02
PI00789,CUST00592,card,**** 4119,ICICI,2025-05-23
PI00790,CUST00593,card,**** 9932,SBI,2025-03-26
PI00791,CUST00594,upi,**** 1805,Yes Bank,2024-09-15
PI00792,CUST00595,wallet,**** 6292,HDFC,2025-04-22
PI00793,CUST00596,upi,**** 5817,Kotak,2025-09-01
PI00794,CUST00597,card,**** 8064,SBI,2026-06-13
PI00795,CUST00598,card,**** 4874,Axis,2026-03-08
PI00796,CUST00599,wallet,**** 5098,IDFC First,2026-06-05
PI00797,CUST00600,upi,**** 8707,Kotak,2024-10-21
PI00798,CUST00601,card,**** 8589,Yes Bank,2025-04-09
PI00799,CUST00602,wallet,**** 9411,ICICI,2025-10-06
PI00800,CUST00603,card,**** 1229,IDFC First,2025-06-27
PI00801,CUST00604,wallet,**** 2511,Axis,2025-01-01
PI00802,CUST00605,wallet,**** 3988,HDFC,2024-10-13
PI00803,CUST00605,wallet,**** 4168,SBI,2025-05-04
PI00804,CUST00606,upi,**** 3811,Kotak,2026-07-31
PI00805,CUST00606,wallet,**** 6572,Yes Bank,2025-12-18
PI00806,CUST00607,wallet,**** 8175,ICICI,2024-09-11
PI00807,CUST00608,card,**** 9836,ICICI,2025-03-15
PI00808,CUST00609,wallet,**** 3903,Kotak,2024-11-23
PI00809,CUST00610,upi,**** 7691,HDFC,2026-07-24
PI00810,CUST00610,upi,**** 4750,Kotak,2025-08-23
PI00811,CUST00611,wallet,**** 1375,Axis,2025-01-20
PI00812,CUST00612,wallet,**** 9922,Yes Bank,2025-06-25
PI00813,CUST00612,wallet,**** 8023,Axis,2026-01-30
PI00814,CUST00613,card,**** 8431,Axis,2025-11-10
PI00815,CUST00613,wallet,**** 2000,Axis,2024-08-29
PI00816,CUST00614,card,**** 7636,Kotak,2025-10-10
PI00817,CUST00615,card,**** 6981,IDFC First,2025-10-03
PI00818,CUST00616,upi,**** 9857,ICICI,2025-09-01
PI00819,CUST00617,wallet,**** 3800,ICICI,2025-05-11
PI00820,CUST00618,wallet,**** 6722,SBI,2026-04-07
PI00821,CUST00619,card,**** 2412,Axis,2025-04-30
PI00822,CUST00619,wallet,**** 6997,HDFC,2026-03-10
PI00823,CUST00620,wallet,**** 8328,HDFC,2025-08-05
PI00824,CUST00621,upi,**** 7634,Kotak,2025-12-01
PI00825,CUST00621,card,**** 2193,Kotak,2025-04-24
PI00826,CUST00622,card,**** 2191,Kotak,2025-12-20
PI00827,CUST00622,card,**** 6363,Kotak,2026-02-17
PI00828,CUST00623,upi,**** 1646,Kotak,2026-05-01
PI00829,CUST00624,wallet,**** 5399,ICICI,2024-10-24
PI00830,CUST00624,upi,**** 9877,SBI,2026-02-16
PI00831,CUST00625,card,**** 3594,ICICI,2025-03-29
PI00832,CUST00625,card,**** 6421,IDFC First,2025-06-13
PI00833,CUST00626,wallet,**** 4765,Yes Bank,2026-03-25
PI00834,CUST00627,upi,**** 5108,Kotak,2026-06-22
PI00835,CUST00627,upi,**** 3129,SBI,2026-02-27
PI00836,CUST00628,upi,**** 9391,Kotak,2024-12-18
PI00837,CUST00628,wallet,**** 2081,Yes Bank,2025-03-25
PI00838,CUST00629,upi,**** 6681,Axis,2025-10-25
PI00839,CUST00630,wallet,**** 9315,Axis,2025-03-29
PI00840,CUST00630,card,**** 8231,HDFC,2025-12-15
PI00841,CUST00631,card,**** 4854,Kotak,2024-11-23
PI00842,CUST00632,upi,**** 7397,Axis,2026-01-19
PI00843,CUST00633,wallet,**** 4059,HDFC,2026-01-31
PI00844,CUST00634,upi,**** 5503,Axis,2024-08-28
PI00845,CUST00634,card,**** 2040,Yes Bank,2024-10-23
PI00846,CUST00635,wallet,**** 8559,Axis,2025-07-05
PI00847,CUST00635,wallet,**** 9719,Axis,2026-01-16
PI00848,CUST00636,wallet,**** 3456,IDFC First,2025-02-19
PI00849,CUST00637,wallet,**** 8151,Kotak,2025-03-03
PI00850,CUST00637,upi,**** 3521,IDFC First,2024-08-22
PI00851,CUST00638,upi,**** 9456,Kotak,2025-07-23
PI00852,CUST00639,upi,**** 1625,IDFC First,2024-11-17
PI00853,CUST00640,wallet,**** 6214,Yes Bank,2025-02-12
PI00854,CUST00640,wallet,**** 1010,Axis,2025-06-08
PI00855,CUST00641,card,**** 4890,SBI,2025-04-20
PI00856,CUST00641,card,**** 5412,HDFC,2025-08-18
PI00857,CUST00642,upi,**** 7392,Axis,2024-10-19
PI00858,CUST00642,wallet,**** 6437,Yes Bank,2026-03-11
PI00859,CUST00643,wallet,**** 1627,HDFC,2025-02-16
PI00860,CUST00644,card,**** 3751,SBI,2025-02-05
PI00861,CUST00644,wallet,**** 3882,IDFC First,2026-07-14
PI00862,CUST00645,upi,**** 7136,SBI,2025-01-26
PI00863,CUST00645,upi,**** 3990,Kotak,2025-07-17
PI00864,CUST00646,upi,**** 7456,ICICI,2026-02-18
PI00865,CUST00647,upi,**** 5819,ICICI,2026-05-17
PI00866,CUST00648,card,**** 3180,Yes Bank,2024-10-19
PI00867,CUST00648,wallet,**** 5411,IDFC First,2026-07-22
PI00868,CUST00649,card,**** 4187,Kotak,2026-08-10
PI00869,CUST00650,card,**** 6573,Axis,2025-10-25
PI00870,CUST00650,card,**** 5271,HDFC,2026-03-29
PI00871,CUST00651,wallet,**** 6371,ICICI,2025-04-22
PI00872,CUST00651,wallet,**** 6535,Yes Bank,2025-09-04
PI00873,CUST00652,card,**** 6625,Axis,2024-10-14
PI00874,CUST00653,wallet,**** 3815,Axis,2025-06-23
PI00875,CUST00654,card,**** 4641,SBI,2026-04-14
PI00876,CUST00654,wallet,**** 7062,HDFC,2026-05-04
PI00877,CUST00655,wallet,**** 2740,Kotak,2025-06-26
PI00878,CUST00656,upi,**** 7049,SBI,2025-06-22
PI00879,CUST00656,card,**** 9022,Kotak,2025-08-01
PI00880,CUST00657,upi,**** 6314,HDFC,2026-06-01
PI00881,CUST00658,upi,**** 8991,IDFC First,2026-03-01
PI00882,CUST00658,wallet,**** 5707,IDFC First,2024-10-07
PI00883,CUST00659,card,**** 1124,ICICI,2024-10-05
PI00884,CUST00660,wallet,**** 2965,Yes Bank,2025-07-09
PI00885,CUST00661,wallet,**** 2220,IDFC First,2024-12-18
PI00886,CUST00661,card,**** 8884,Kotak,2026-04-30
PI00887,CUST00662,card,**** 1768,ICICI,2025-12-16
PI00888,CUST00663,wallet,**** 6465,Kotak,2026-05-04
PI00889,CUST00663,card,**** 5409,IDFC First,2026-03-22
PI00890,CUST00664,card,**** 6967,ICICI,2025-02-06
PI00891,CUST00665,upi,**** 2445,SBI,2026-06-09
PI00892,CUST00666,upi,**** 2761,SBI,2025-01-16
PI00893,CUST00667,card,**** 2756,ICICI,2025-02-28
PI00894,CUST00668,card,**** 6998,Kotak,2024-11-27
PI00895,CUST00668,card,**** 7872,Axis,2025-10-08
PI00896,CUST00669,wallet,**** 2595,ICICI,2025-07-13
PI00897,CUST00669,upi,**** 8329,IDFC First,2026-05-14
PI00898,CUST00670,card,**** 1263,Kotak,2025-02-27
PI00899,CUST00671,card,**** 2787,SBI,2026-05-09
PI00900,CUST00672,card,**** 6797,ICICI,2026-04-22
PI00901,CUST00673,upi,**** 9670,HDFC,2025-05-07
PI00902,CUST00674,wallet,**** 9580,Axis,2026-08-17
PI00903,CUST00674,wallet,**** 1985,Kotak,2025-10-20
PI00904,CUST00675,card,**** 8831,HDFC,2026-01-20
PI00905,CUST00675,upi,**** 6914,ICICI,2026-08-15
PI00906,CUST00676,wallet,**** 9630,Kotak,2025-05-27
PI00907,CUST00677,upi,**** 3667,ICICI,2025-10-03
PI00908,CUST00678,wallet,**** 8014,Axis,2024-10-17
PI00909,CUST00679,upi,**** 9297,Axis,2025-05-05
PI00910,CUST00680,wallet,**** 8245,SBI,2025-09-29
PI00911,CUST00681,card,**** 3264,Axis,2025-09-12
PI00912,CUST00682,upi,**** 9359,SBI,2025-06-20
PI00913,CUST00682,wallet,**** 5581,Kotak,2024-12-27
PI00914,CUST00683,upi,**** 7913,SBI,2025-01-03
PI00915,CUST00683,upi,**** 5719,ICICI,2025-04-25
PI00916,CUST00684,card,**** 5989,Kotak,2025-12-15
PI00917,CUST00684,card,**** 2359,IDFC First,2025-08-06
PI00918,CUST00685,upi,**** 6444,HDFC,2025-05-19
PI00919,CUST00685,card,**** 1102,HDFC,2025-02-02
PI00920,CUST00686,card,**** 6027,SBI,2026-04-07
PI00921,CUST00687,card,**** 4802,HDFC,2026-01-26
PI00922,CUST00687,card,**** 3148,Yes Bank,2026-07-27
PI00923,CUST00688,upi,**** 6199,HDFC,2026-05-23
PI00924,CUST00689,card,**** 6308,SBI,2026-07-08
PI00925,CUST00690,card,**** 9548,ICICI,2025-10-19
PI00926,CUST00691,wallet,**** 7974,Kotak,2026-06-10
PI00927,CUST00691,wallet,**** 3984,Yes Bank,2025-03-30
PI00928,CUST00692,upi,**** 5968,SBI,2026-03-02
PI00929,CUST00693,wallet,**** 7276,Axis,2026-01-29
PI00930,CUST00693,wallet,**** 9038,ICICI,2025-08-03
PI00931,CUST00694,wallet,**** 4638,Axis,2024-12-01
PI00932,CUST00695,wallet,**** 8226,Yes Bank,2024-11-15
PI00933,CUST00696,wallet,**** 7771,ICICI,2026-03-02
PI00934,CUST00697,card,**** 3125,SBI,2026-04-14
PI00935,CUST00697,wallet,**** 3747,SBI,2025-06-10
PI00936,CUST00698,card,**** 2140,Kotak,2025-03-31
PI00937,CUST00699,card,**** 9902,IDFC First,2026-05-28
PI00938,CUST00700,wallet,**** 3190,ICICI,2026-08-16
PI00939,CUST00701,card,**** 4279,Kotak,2026-07-25
PI00940,CUST00702,wallet,**** 1116,Yes Bank,2024-10-03
PI00941,CUST00703,wallet,**** 2517,HDFC,2026-03-24
PI00942,CUST00704,wallet,**** 1132,HDFC,2024-12-20
PI00943,CUST00705,card,**** 7805,SBI,2026-06-12
PI00944,CUST00705,upi,**** 3623,ICICI,2026-08-21
PI00945,CUST00706,wallet,**** 8588,SBI,2024-10-06
PI00946,CUST00706,card,**** 9724,ICICI,2025-05-19
PI00947,CUST00707,upi,**** 9498,Yes Bank,2025-03-05
PI00948,CUST00708,wallet,**** 8471,ICICI,2025-11-24
PI00949,CUST00709,upi,**** 8865,Axis,2024-09-20
PI00950,CUST00710,upi,**** 6950,Kotak,2025-06-02
PI00951,CUST00711,upi,**** 8927,ICICI,2025-06-28
PI00952,CUST00711,upi,**** 3535,IDFC First,2024-10-11
PI00953,CUST00712,card,**** 6331,ICICI,2024-10-06
PI00954,CUST00712,wallet,**** 2478,Kotak,2026-04-03
PI00955,CUST00713,wallet,**** 8431,Axis,2024-09-29
PI00956,CUST00713,wallet,**** 4950,Yes Bank,2026-03-01
PI00957,CUST00714,upi,**** 1869,Kotak,2024-10-06
PI00958,CUST00715,wallet,**** 8201,HDFC,2024-10-18
PI00959,CUST00716,upi,**** 3876,HDFC,2026-07-12
PI00960,CUST00716,upi,**** 4523,ICICI,2025-11-12
PI00961,CUST00717,wallet,**** 4559,Kotak,2026-05-19
PI00962,CUST00718,wallet,**** 4049,IDFC First,2024-10-29
PI00963,CUST00718,card,**** 6338,ICICI,2024-12-07
PI00964,CUST00719,card,**** 4507,Yes Bank,2025-11-04
PI00965,CUST00720,card,**** 2651,Yes Bank,2025-09-03
PI00966,CUST00721,upi,**** 2234,Yes Bank,2026-03-21
PI00967,CUST00722,card,**** 3357,ICICI,2026-07-16
PI00968,CUST00723,upi,**** 6958,Yes Bank,2024-08-28
PI00969,CUST00724,wallet,**** 9850,ICICI,2026-07-18
PI00970,CUST00725,wallet,**** 6047,SBI,2024-10-29
PI00971,CUST00726,card,**** 9013,Yes Bank,2024-12-04
PI00972,CUST00727,upi,**** 9078,ICICI,2026-08-21
PI00973,CUST00727,card,**** 7440,SBI,2025-07-23
PI00974,CUST00728,card,**** 6449,SBI,2025-02-15
PI00975,CUST00729,wallet,**** 9161,Kotak,2025-10-20
PI00976,CUST00730,wallet,**** 2908,ICICI,2024-11-20
PI00977,CUST00730,upi,**** 8189,HDFC,2025-07-29
PI00978,CUST00731,wallet,**** 3856,Axis,2025-09-01
PI00979,CUST00732,card,**** 1908,SBI,2026-07-28
PI00980,CUST00733,wallet,**** 8676,IDFC First,2026-03-18
PI00981,CUST00734,upi,**** 2843,ICICI,2025-07-18
PI00982,CUST00734,upi,**** 6355,ICICI,2026-08-20
PI00983,CUST00735,wallet,**** 9502,ICICI,2025-03-04
PI00984,CUST00735,card,**** 3445,HDFC,2026-07-19
PI00985,CUST00736,card,**** 3207,IDFC First,2025-01-27
PI00986,CUST00736,upi,**** 7506,Yes Bank,2025-06-07
PI00987,CUST00737,card,**** 9978,ICICI,2024-10-23
PI00988,CUST00737,card,**** 1616,HDFC,2026-06-20
PI00989,CUST00738,wallet,**** 9010,Kotak,2025-04-09
PI00990,CUST00739,upi,**** 9497,Kotak,2025-02-11
PI00991,CUST00739,wallet,**** 8182,SBI,2025-11-18
PI00992,CUST00740,card,**** 7098,Yes Bank,2024-09-20
PI00993,CUST00740,wallet,**** 6855,ICICI,2024-09-09
PI00994,CUST00741,wallet,**** 9765,Axis,2024-10-18
PI00995,CUST00742,card,**** 4309,HDFC,2025-05-29
PI00996,CUST00743,upi,**** 4871,Axis,2026-03-19
PI00997,CUST00744,card,**** 6254,HDFC,2025-06-03
PI00998,CUST00744,upi,**** 2088,SBI,2026-01-31
PI00999,CUST00745,card,**** 2533,HDFC,2025-11-27
PI01000,CUST00746,wallet,**** 3743,IDFC First,2024-09-07
PI01001,CUST00747,wallet,**** 6705,Yes Bank,2025-06-28
PI01002,CUST00747,card,**** 2515,SBI,2025-01-16
PI01003,CUST00748,upi,**** 5541,Yes Bank,2026-01-25
PI01004,CUST00749,wallet,**** 4159,HDFC,2026-08-11
PI01005,CUST00749,wallet,**** 4216,HDFC,2024-10-19
PI01006,CUST00750,upi,**** 8702,HDFC,2025-09-19
PI01007,CUST00750,card,**** 9189,HDFC,2024-12-17
PI01008,CUST00751,card,**** 3378,Axis,2026-05-05
PI01009,CUST00751,card,**** 3472,Yes Bank,2025-07-03
PI01010,CUST00752,card,**** 4395,ICICI,2024-12-14
PI01011,CUST00753,wallet,**** 8542,Axis,2025-08-03
PI01012,CUST00754,wallet,**** 3287,HDFC,2025-11-14
PI01013,CUST00755,wallet,**** 2462,HDFC,2026-03-05
PI01014,CUST00756,upi,**** 7597,HDFC,2025-03-14
PI01015,CUST00757,card,**** 1685,HDFC,2026-03-31
PI01016,CUST00758,wallet,**** 1522,Axis,2026-05-25
PI01017,CUST00758,card,**** 6618,Yes Bank,2026-07-15
PI01018,CUST00759,wallet,**** 8170,ICICI,2024-11-24
PI01019,CUST00759,card,**** 4507,HDFC,2025-02-10
PI01020,CUST00760,wallet,**** 4153,Axis,2025-04-17
PI01021,CUST00761,upi,**** 4414,Kotak,2024-12-11
PI01022,CUST00762,wallet,**** 3930,Axis,2024-09-14
PI01023,CUST00763,wallet,**** 5939,IDFC First,2026-02-25
PI01024,CUST00763,wallet,**** 2697,ICICI,2025-06-07
PI01025,CUST00764,card,**** 2645,HDFC,2026-07-23
PI01026,CUST00765,card,**** 7468,Yes Bank,2025-11-02
PI01027,CUST00766,card,**** 6523,IDFC First,2026-06-10
PI01028,CUST00766,card,**** 6351,ICICI,2025-04-21
PI01029,CUST00767,wallet,**** 5697,Axis,2024-10-27
PI01030,CUST00768,card,**** 4172,Yes Bank,2024-08-22
PI01031,CUST00769,upi,**** 7234,IDFC First,2024-12-06
PI01032,CUST00770,wallet,**** 1020,IDFC First,2024-09-27
PI01033,CUST00771,wallet,**** 6656,ICICI,2025-07-31
PI01034,CUST00772,wallet,**** 9135,IDFC First,2026-03-10
PI01035,CUST00772,card,**** 2592,ICICI,2025-04-11
PI01036,CUST00773,card,**** 3324,SBI,2025-02-02
PI01037,CUST00774,upi,**** 6882,Kotak,2025-08-03
PI01038,CUST00775,wallet,**** 7007,Axis,2026-03-03
PI01039,CUST00776,card,**** 4473,IDFC First,2026-02-20
PI01040,CUST00777,upi,**** 2227,Yes Bank,2024-10-11
PI01041,CUST00778,card,**** 3307,Axis,2025-12-13
PI01042,CUST00779,upi,**** 3017,SBI,2025-06-02
PI01043,CUST00780,card,**** 8853,ICICI,2025-01-04
PI01044,CUST00780,wallet,**** 9107,SBI,2026-05-01
PI01045,CUST00781,card,**** 2007,Axis,2025-06-20
PI01046,CUST00782,wallet,**** 2398,Axis,2026-02-01
PI01047,CUST00782,upi,**** 1366,Axis,2026-05-14
PI01048,CUST00783,card,**** 3072,IDFC First,2026-05-23
PI01049,CUST00784,wallet,**** 2753,SBI,2025-07-26
PI01050,CUST00785,upi,**** 3598,IDFC First,2025-10-22
PI01051,CUST00786,wallet,**** 1124,ICICI,2024-11-27
PI01052,CUST00786,wallet,**** 5676,HDFC,2025-05-09
PI01053,CUST00787,card,**** 3042,HDFC,2024-11-06
PI01054,CUST00788,upi,**** 7644,Axis,2025-10-24
PI01055,CUST00788,wallet,**** 8396,SBI,2024-10-15
PI01056,CUST00789,upi,**** 2063,SBI,2025-03-23
PI01057,CUST00790,wallet,**** 6702,SBI,2025-09-07
PI01058,CUST00791,upi,**** 3825,ICICI,2025-08-31
PI01059,CUST00792,upi,**** 2743,ICICI,2025-03-01
PI01060,CUST00793,upi,**** 8113,HDFC,2026-06-17
PI01061,CUST00794,card,**** 1973,IDFC First,2025-08-11
PI01062,CUST00795,wallet,**** 3009,HDFC,2025-12-20
PI01063,CUST00796,card,**** 7759,Kotak,2024-10-20
PI01064,CUST00797,card,**** 8361,Axis,2024-11-29
PI01065,CUST00798,card,**** 9011,ICICI,2026-08-22
PI01066,CUST00799,wallet,**** 1698,Kotak,2024-12-30
PI01067,CUST00800,wallet,**** 2596,IDFC First,2025-03-05
PI01068,CUST00801,wallet,**** 7000,Axis,2025-12-08
PI01069,CUST00801,card,**** 3426,Kotak,2025-07-18
PI01070,CUST00802,wallet,**** 2772,SBI,2026-07-22
PI01071,CUST00803,card,**** 8593,HDFC,2024-12-16
PI01072,CUST00803,card,**** 9329,HDFC,2025-05-28
PI01073,CUST00804,upi,**** 2665,ICICI,2025-02-28
PI01074,CUST00805,upi,**** 4755,SBI,2026-07-16
PI01075,CUST00806,card,**** 5714,SBI,2026-06-08
PI01076,CUST00807,upi,**** 9061,SBI,2024-08-24
PI01077,CUST00807,card,**** 7563,ICICI,2024-12-18
PI01078,CUST00808,wallet,**** 4220,HDFC,2026-06-14
PI01079,CUST00809,wallet,**** 8128,ICICI,2026-01-29
PI01080,CUST00810,wallet,**** 9652,Yes Bank,2025-07-24
PI01081,CUST00811,upi,**** 7978,Yes Bank,2025-05-08
PI01082,CUST00812,wallet,**** 5157,Axis,2026-02-19
PI01083,CUST00813,card,**** 2974,Kotak,2026-03-03
PI01084,CUST00814,upi,**** 4259,Yes Bank,2025-02-07
PI01085,CUST00815,wallet,**** 7595,ICICI,2026-06-27
PI01086,CUST00816,upi,**** 8167,Axis,2025-01-02
PI01087,CUST00817,card,**** 2293,SBI,2025-03-06
PI01088,CUST00818,card,**** 9595,ICICI,2025-12-08
PI01089,CUST00818,card,**** 8782,HDFC,2025-06-08
PI01090,CUST00819,card,**** 5358,Axis,2024-12-08
PI01091,CUST00820,upi,**** 2641,SBI,2024-12-05
PI01092,CUST00821,wallet,**** 1408,IDFC First,2024-08-27
PI01093,CUST00822,card,**** 1828,Axis,2026-08-20
PI01094,CUST00823,upi,**** 8657,HDFC,2026-07-16
PI01095,CUST00823,upi,**** 1611,HDFC,2025-02-01
PI01096,CUST00824,wallet,**** 5303,Kotak,2025-01-12
PI01097,CUST00824,card,**** 9910,IDFC First,2025-01-10
PI01098,CUST00825,card,**** 5416,Kotak,2025-06-17
PI01099,CUST00825,card,**** 6161,ICICI,2026-01-17
PI01100,CUST00826,wallet,**** 2077,SBI,2026-05-31
PI01101,CUST00826,card,**** 1692,SBI,2025-10-06
PI01102,CUST00827,wallet,**** 9222,HDFC,2025-09-02
PI01103,CUST00827,wallet,**** 5876,Yes Bank,2024-10-23
PI01104,CUST00828,upi,**** 7471,IDFC First,2026-08-11
PI01105,CUST00828,wallet,**** 9670,Axis,2024-12-28
PI01106,CUST00829,card,**** 2066,ICICI,2025-04-28
PI01107,CUST00829,upi,**** 8192,Yes Bank,2026-08-06
PI01108,CUST00830,upi,**** 7262,Kotak,2024-09-22
PI01109,CUST00831,wallet,**** 5794,HDFC,2025-02-03
PI01110,CUST00831,upi,**** 7258,HDFC,2024-09-13
PI01111,CUST00832,card,**** 8945,SBI,2025-04-18
PI01112,CUST00833,upi,**** 8862,Kotak,2025-11-17
PI01113,CUST00834,card,**** 4822,IDFC First,2024-08-27
PI01114,CUST00835,upi,**** 8158,ICICI,2025-09-18
PI01115,CUST00836,wallet,**** 9444,Yes Bank,2024-08-27
PI01116,CUST00837,wallet,**** 5736,Kotak,2025-05-24
PI01117,CUST00837,wallet,**** 2866,Kotak,2025-05-19
PI01118,CUST00838,card,**** 2097,Yes Bank,2026-06-26
PI01119,CUST00839,card,**** 8058,IDFC First,2025-05-23
PI01120,CUST00840,card,**** 1431,ICICI,2025-08-08
PI01121,CUST00840,upi,**** 1835,Kotak,2025-08-02
PI01122,CUST00841,wallet,**** 3810,HDFC,2026-06-19
PI01123,CUST00842,upi,**** 1899,IDFC First,2026-03-18
PI01124,CUST00843,wallet,**** 1449,Yes Bank,2025-07-14
PI01125,CUST00844,wallet,**** 5251,HDFC,2026-04-20
PI01126,CUST00844,wallet,**** 2371,ICICI,2024-09-14
PI01127,CUST00845,wallet,**** 9404,Kotak,2025-06-28
PI01128,CUST00846,wallet,**** 8349,ICICI,2025-10-05
PI01129,CUST00846,card,**** 2368,Axis,2026-08-10
PI01130,CUST00847,wallet,**** 9806,Kotak,2026-03-24
PI01131,CUST00848,wallet,**** 5747,Yes Bank,2025-03-18
PI01132,CUST00848,wallet,**** 1500,IDFC First,2026-05-23
PI01133,CUST00849,wallet,**** 7537,SBI,2026-01-28
PI01134,CUST00850,wallet,**** 3264,ICICI,2025-01-21
PI01135,CUST00851,upi,**** 6833,Kotak,2025-01-03
PI01136,CUST00852,wallet,**** 4819,Kotak,2024-11-21
PI01137,CUST00852,upi,**** 9304,SBI,2026-06-14
PI01138,CUST00853,card,**** 9832,ICICI,2026-07-07
PI01139,CUST00854,card,**** 5251,Kotak,2025-12-26
PI01140,CUST00855,upi,**** 8771,SBI,2025-07-11
PI01141,CUST00856,wallet,**** 2535,IDFC First,2025-12-03
PI01142,CUST00857,card,**** 7230,Kotak,2025-04-17
PI01143,CUST00858,upi,**** 7606,HDFC,2025-12-28
PI01144,CUST00859,wallet,**** 2376,ICICI,2025-07-01
PI01145,CUST00859,wallet,**** 9186,Yes Bank,2025-12-21
PI01146,CUST00860,upi,**** 3709,Kotak,2026-04-02
PI01147,CUST00860,wallet,**** 7938,Kotak,2026-07-08
PI01148,CUST00861,card,**** 8591,Yes Bank,2025-01-17
PI01149,CUST00861,upi,**** 8817,Yes Bank,2025-07-17
PI01150,CUST00862,card,**** 5376,HDFC,2024-11-23
PI01151,CUST00862,wallet,**** 6810,ICICI,2026-02-12
PI01152,CUST00863,card,**** 5237,IDFC First,2024-10-05
PI01153,CUST00863,card,**** 7938,HDFC,2026-04-14
PI01154,CUST00864,upi,**** 1721,Axis,2025-01-01
PI01155,CUST00865,wallet,**** 5065,ICICI,2026-06-05
PI01156,CUST00865,upi,**** 5654,Yes Bank,2026-04-02
PI01157,CUST00866,wallet,**** 4672,SBI,2025-02-12
PI01158,CUST00866,wallet,**** 7183,SBI,2024-10-03
PI01159,CUST00867,upi,**** 7523,ICICI,2025-05-17
PI01160,CUST00868,wallet,**** 1740,Kotak,2025-06-28
PI01161,CUST00869,wallet,**** 5637,IDFC First,2026-08-14
PI01162,CUST00870,upi,**** 7287,Kotak,2026-01-05
PI01163,CUST00870,card,**** 5338,Kotak,2025-09-25
PI01164,CUST00871,card,**** 5352,Axis,2025-06-27
PI01165,CUST00872,upi,**** 3485,HDFC,2025-02-09
PI01166,CUST00872,upi,**** 1190,ICICI,2025-03-08
PI01167,CUST00873,upi,**** 2674,Axis,2026-06-18
PI01168,CUST00873,card,**** 3618,SBI,2025-11-13
PI01169,CUST00874,card,**** 7662,SBI,2026-01-26
PI01170,CUST00874,wallet,**** 9957,ICICI,2024-09-27
PI01171,CUST00875,wallet,**** 4637,SBI,2026-01-29
PI01172,CUST00876,upi,**** 9727,Yes Bank,2024-11-04
PI01173,CUST00876,wallet,**** 4734,Kotak,2024-09-17
PI01174,CUST00877,upi,**** 3252,SBI,2025-06-21
PI01175,CUST00878,upi,**** 3479,IDFC First,2026-05-08
PI01176,CUST00879,upi,**** 2116,Axis,2026-06-21
PI01177,CUST00879,card,**** 2038,HDFC,2025-10-20
PI01178,CUST00880,card,**** 4513,IDFC First,2025-01-01
PI01179,CUST00881,wallet,**** 5067,SBI,2025-12-07
PI01180,CUST00882,wallet,**** 3674,IDFC First,2025-02-10
PI01181,CUST00882,card,**** 7674,HDFC,2025-06-06
PI01182,CUST00883,card,**** 8784,Yes Bank,2026-06-25
PI01183,CUST00884,card,**** 6598,ICICI,2026-03-29
PI01184,CUST00885,card,**** 5169,SBI,2026-06-01
PI01185,CUST00886,wallet,**** 2546,Axis,2024-12-08
PI01186,CUST00886,upi,**** 1359,ICICI,2026-02-23
PI01187,CUST00887,upi,**** 5949,Axis,2025-09-26
PI01188,CUST00888,upi,**** 3040,Kotak,2024-08-25
PI01189,CUST00889,upi,**** 6208,Yes Bank,2025-07-14
PI01190,CUST00890,card,**** 5737,SBI,2025-10-09
PI01191,CUST00891,wallet,**** 7822,Axis,2025-02-03
PI01192,CUST00892,upi,**** 8933,Yes Bank,2026-02-06
PI01193,CUST00893,wallet,**** 3077,Yes Bank,2026-06-11
PI01194,CUST00894,wallet,**** 9818,Kotak,2026-05-28
PI01195,CUST00895,wallet,**** 1685,Kotak,2024-12-19
PI01196,CUST00895,wallet,**** 1046,IDFC First,2025-06-09
PI01197,CUST00896,upi,**** 3383,HDFC,2024-09-06
PI01198,CUST00897,card,**** 8255,SBI,2025-01-16
PI01199,CUST00898,wallet,**** 2713,IDFC First,2024-08-23
PI01200,CUST00899,upi,**** 4026,Axis,2026-01-17
PI01201,CUST00900,upi,**** 5342,Kotak,2026-07-31
PI01202,CUST00900,upi,**** 9821,Kotak,2026-06-13
PI01203,CUST00901,wallet,**** 7485,Yes Bank,2026-01-14
PI01204,CUST00902,wallet,**** 8214,SBI,2025-08-20
PI01205,CUST00902,wallet,**** 7244,Kotak,2025-09-22
PI01206,CUST00903,wallet,**** 2479,SBI,2025-11-21
PI01207,CUST00904,wallet,**** 5279,SBI,2025-08-21
PI01208,CUST00905,card,**** 2812,HDFC,2024-09-03
PI01209,CUST00905,wallet,**** 3208,Yes Bank,2026-03-01
PI01210,CUST00906,wallet,**** 3958,HDFC,2025-08-22
PI01211,CUST00906,wallet,**** 8827,SBI,2025-03-23
PI01212,CUST00907,wallet,**** 7250,Yes Bank,2026-05-12
PI01213,CUST00908,upi,**** 2857,HDFC,2024-12-23
PI01214,CUST00909,card,**** 7921,Yes Bank,2025-03-07
PI01215,CUST00910,card,**** 4720,IDFC First,2026-03-29
PI01216,CUST00910,wallet,**** 9811,IDFC First,2024-12-14
PI01217,CUST00911,upi,**** 4393,Axis,2024-09-06
PI01218,CUST00911,upi,**** 5072,Axis,2026-02-11
PI01219,CUST00912,wallet,**** 3060,HDFC,2026-08-03
PI01220,CUST00912,wallet,**** 5258,SBI,2026-06-11
PI01221,CUST00913,wallet,**** 1914,Axis,2025-02-19
PI01222,CUST00914,card,**** 1805,HDFC,2025-08-31
PI01223,CUST00915,wallet,**** 5933,IDFC First,2024-09-04
PI01224,CUST00915,card,**** 5894,Kotak,2026-04-21
PI01225,CUST00916,upi,**** 3931,HDFC,2025-05-13
PI01226,CUST00916,upi,**** 7165,Axis,2026-02-04
PI01227,CUST00917,upi,**** 8125,Axis,2025-03-02
PI01228,CUST00917,upi,**** 7724,HDFC,2026-07-16
PI01229,CUST00918,upi,**** 5294,ICICI,2026-08-20
PI01230,CUST00919,upi,**** 6156,Axis,2026-02-23
PI01231,CUST00920,upi,**** 8259,SBI,2025-08-17
PI01232,CUST00921,card,**** 8382,IDFC First,2025-08-13
PI01233,CUST00921,upi,**** 6225,ICICI,2025-08-10
PI01234,CUST00922,wallet,**** 1473,Axis,2025-05-15
PI01235,CUST00923,card,**** 7054,SBI,2025-11-09
PI01236,CUST00924,upi,**** 3143,IDFC First,2026-04-29
PI01237,CUST00925,card,**** 7860,SBI,2025-12-10
PI01238,CUST00925,wallet,**** 5738,HDFC,2025-03-31
PI01239,CUST00926,upi,**** 6472,Kotak,2024-11-02
PI01240,CUST00927,upi,**** 4750,HDFC,2025-06-21
PI01241,CUST00927,card,**** 7971,ICICI,2025-03-03
PI01242,CUST00928,card,**** 3865,ICICI,2025-10-09
PI01243,CUST00929,card,**** 8404,Axis,2025-10-24
PI01244,CUST00930,wallet,**** 8765,SBI,2025-11-24
PI01245,CUST00931,card,**** 6177,Kotak,2026-06-30
PI01246,CUST00932,upi,**** 1454,HDFC,2024-12-29
PI01247,CUST00933,card,**** 5602,Yes Bank,2025-02-17
PI01248,CUST00934,card,**** 7103,IDFC First,2024-11-17
PI01249,CUST00935,upi,**** 9739,IDFC First,2026-07-03
PI01250,CUST00935,wallet,**** 7361,HDFC,2025-03-11
PI01251,CUST00936,wallet,**** 1245,HDFC,2024-12-12
PI01252,CUST00937,wallet,**** 9458,Axis,2025-06-05
PI01253,CUST00938,wallet,**** 9102,Kotak,2026-03-27
PI01254,CUST00939,card,**** 2296,ICICI,2026-01-07
PI01255,CUST00940,wallet,**** 6871,Axis,2026-08-13
PI01256,CUST00940,card,**** 5476,Axis,2025-09-15
PI01257,CUST00941,wallet,**** 7693,IDFC First,2025-02-14
PI01258,CUST00942,card,**** 7963,HDFC,2025-01-28
PI01259,CUST00943,wallet,**** 2817,ICICI,2026-03-19
PI01260,CUST00944,card,**** 9663,SBI,2025-09-07
PI01261,CUST00945,wallet,**** 8843,SBI,2025-03-05
PI01262,CUST00946,upi,**** 6664,Yes Bank,2025-07-05
PI01263,CUST00947,wallet,**** 7322,IDFC First,2026-03-24
PI01264,CUST00947,wallet,**** 1787,Axis,2025-03-04
PI01265,CUST00948,upi,**** 3765,SBI,2026-03-20
PI01266,CUST00948,upi,**** 9422,ICICI,2025-02-16
PI01267,CUST00949,card,**** 3021,Yes Bank,2025-04-29
PI01268,CUST00950,wallet,**** 4810,Kotak,2026-01-11
PI01269,CUST00950,upi,**** 5148,SBI,2025-09-29
PI01270,CUST00951,card,**** 1515,Yes Bank,2026-07-29
PI01271,CUST00952,upi,**** 6005,Yes Bank,2024-12-22
PI01272,CUST00953,upi,**** 8654,SBI,2025-04-28
PI01273,CUST00954,card,**** 4224,IDFC First,2024-11-22
PI01274,CUST00954,card,**** 2825,ICICI,2024-11-16
PI01275,CUST00955,card,**** 8331,SBI,2026-02-20
PI01276,CUST00956,wallet,**** 9048,Yes Bank,2026-06-18
PI01277,CUST00956,wallet,**** 2390,Axis,2026-05-11
PI01278,CUST00957,upi,**** 4379,ICICI,2025-03-22
PI01279,CUST00958,upi,**** 3725,Axis,2025-07-24
PI01280,CUST00958,card,**** 1503,ICICI,2026-07-21
PI01281,CUST00959,wallet,**** 7217,Yes Bank,2025-03-19
PI01282,CUST00959,card,**** 2192,Axis,2026-05-11
PI01283,CUST00960,wallet,**** 1206,Yes Bank,2025-01-16
PI01284,CUST00961,card,**** 2102,Kotak,2025-05-04
PI01285,CUST00961,upi,**** 5045,IDFC First,2024-11-26
PI01286,CUST00962,upi,**** 6389,Yes Bank,2026-06-15
PI01287,CUST00963,card,**** 1543,Axis,2024-12-08
PI01288,CUST00963,wallet,**** 4760,SBI,2024-09-01
PI01289,CUST00964,wallet,**** 9241,IDFC First,2025-03-08
PI01290,CUST00964,card,**** 5370,Kotak,2026-05-13
PI01291,CUST00965,upi,**** 4760,SBI,2025-12-28
PI01292,CUST00966,card,**** 2701,Kotak,2026-03-28
PI01293,CUST00967,wallet,**** 7493,Axis,2026-05-28
PI01294,CUST00968,wallet,**** 5695,Kotak,2025-07-11
PI01295,CUST00969,upi,**** 6658,ICICI,2024-10-15
PI01296,CUST00970,upi,**** 5167,Yes Bank,2024-10-17
PI01297,CUST00971,upi,**** 5290,Axis,2025-06-12
PI01298,CUST00972,wallet,**** 4444,IDFC First,2026-03-10
PI01299,CUST00973,upi,**** 2080,Axis,2026-03-31
PI01300,CUST00973,wallet,**** 4562,Axis,2026-03-08
PI01301,CUST00974,wallet,**** 2755,HDFC,2025-11-08
PI01302,CUST00974,wallet,**** 6251,ICICI,2026-07-19
PI01303,CUST00975,wallet,**** 3020,ICICI,2024-10-06
PI01304,CUST00975,wallet,**** 8479,Kotak,2025-08-11
PI01305,CUST00976,wallet,**** 5185,IDFC First,2026-03-16
PI01306,CUST00976,wallet,**** 7324,IDFC First,2024-10-23
PI01307,CUST00977,wallet,**** 7972,Kotak,2026-07-13
PI01308,CUST00977,wallet,**** 9429,IDFC First,2025-09-26
PI01309,CUST00978,wallet,**** 1998,SBI,2024-09-25
PI01310,CUST00979,upi,**** 3176,IDFC First,2025-11-29
PI01311,CUST00980,card,**** 5493,IDFC First,2024-12-16
PI01312,CUST00981,wallet,**** 3253,SBI,2024-12-21
PI01313,CUST00982,card,**** 1596,IDFC First,2025-08-27
PI01314,CUST00983,wallet,**** 9854,Yes Bank,2025-01-04
PI01315,CUST00984,wallet,**** 5139,ICICI,2026-02-15
PI01316,CUST00985,card,**** 4337,IDFC First,2026-07-05
PI01317,CUST00986,wallet,**** 4709,Kotak,2025-06-18
PI01318,CUST00986,upi,**** 3666,Kotak,2025-03-17
PI01319,CUST00987,card,**** 2690,ICICI,2026-04-24
PI01320,CUST00988,wallet,**** 9191,HDFC,2026-04-10
PI01321,CUST00989,card,**** 4442,ICICI,2025-03-25
PI01322,CUST00990,wallet,**** 1808,Yes Bank,2026-07-01
PI01323,CUST00990,wallet,**** 4474,ICICI,2025-02-23
PI01324,CUST00991,card,**** 1733,IDFC First,2026-07-15
PI01325,CUST00992,card,**** 4032,ICICI,2025-08-31
PI01326,CUST00993,card,**** 1266,HDFC,2025-12-13
PI01327,CUST00994,wallet,**** 7323,Axis,2026-03-27
PI01328,CUST00994,upi,**** 7216,HDFC,2026-05-01
PI01329,CUST00995,card,**** 9321,IDFC First,2025-08-15
PI01330,CUST00996,wallet,**** 8878,Yes Bank,2025-06-26
PI01331,CUST00996,upi,**** 2993,HDFC,2026-01-19
PI01332,CUST00997,card,**** 5841,ICICI,2025-06-28
PI01333,CUST00997,upi,**** 7286,IDFC First,2026-06-13
PI01334,CUST00998,upi,**** 2011,Yes Bank,2025-08-24
PI01335,CUST00999,wallet,**** 5740,SBI,2026-06-03
PI01336,CUST01000,card,**** 2393,Kotak,2025-05-23
PI01337,CUST01000,wallet,**** 1776,IDFC First,2025-02-14
PI01338,CUST01001,upi,**** 7899,IDFC First,2025-12-12
PI01339,CUST01002,wallet,**** 3265,ICICI,2025-06-05
PI01340,CUST01002,upi,**** 6068,Axis,2025-10-17
PI01341,CUST01003,upi,**** 2600,HDFC,2025-10-11
PI01342,CUST01003,card,**** 4253,Yes Bank,2026-01-27
PI01343,CUST01004,upi,**** 7623,ICICI,2025-03-03
PI01344,CUST01005,upi,**** 5570,SBI,2025-06-26
PI01345,CUST01006,wallet,**** 7212,Axis,2025-02-14
PI01346,CUST01006,card,**** 6429,HDFC,2026-05-11
PI01347,CUST01007,card,**** 8141,Axis,2026-03-18
PI01348,CUST01007,wallet,**** 7388,Axis,2025-03-23
PI01349,CUST01008,card,**** 2209,HDFC,2025-11-25
PI01350,CUST01009,upi,**** 7077,SBI,2026-07-06
PI01351,CUST01009,card,**** 2479,Yes Bank,2024-10-05
PI01352,CUST01010,upi,**** 1025,IDFC First,2026-04-29
PI01353,CUST01011,wallet,**** 6307,HDFC,2026-02-28
PI01354,CUST01012,wallet,**** 5405,IDFC First,2024-11-17
PI01355,CUST01013,upi,**** 1687,Kotak,2025-07-16
PI01356,CUST01013,wallet,**** 1246,SBI,2025-03-12
PI01357,CUST01014,card,**** 8043,Axis,2025-07-05
PI01358,CUST01014,wallet,**** 4314,SBI,2025-06-03
PI01359,CUST01015,card,**** 7191,Kotak,2025-02-03
PI01360,CUST01015,wallet,**** 7639,ICICI,2025-11-30
PI01361,CUST01016,wallet,**** 8522,IDFC First,2024-09-29
PI01362,CUST01017,wallet,**** 4835,Kotak,2025-10-22
PI01363,CUST01018,wallet,**** 9520,Yes Bank,2024-10-08
PI01364,CUST01019,card,**** 8741,Kotak,2025-10-25
PI01365,CUST01019,wallet,**** 8951,IDFC First,2024-12-17
PI01366,CUST01020,card,**** 6965,HDFC,2025-11-05
PI01367,CUST01020,upi,**** 8024,ICICI,2025-12-09
PI01368,CUST01021,upi,**** 2270,Kotak,2026-06-19
PI01369,CUST01022,upi,**** 1382,Yes Bank,2026-07-31
PI01370,CUST01023,card,**** 3072,HDFC,2026-04-08
PI01371,CUST01023,card,**** 3174,Axis,2024-10-04
PI01372,CUST01024,upi,**** 8447,IDFC First,2025-11-11
PI01373,CUST01024,wallet,**** 9552,Kotak,2025-03-18
PI01374,CUST01025,card,**** 7228,HDFC,2026-05-10
PI01375,CUST01025,upi,**** 2288,Kotak,2025-08-14
PI01376,CUST01026,wallet,**** 7038,ICICI,2025-11-28
PI01377,CUST01027,upi,**** 6918,SBI,2025-01-31
PI01378,CUST01028,upi,**** 2929,Axis,2025-03-27
PI01379,CUST01028,upi,**** 8486,SBI,2025-07-09
PI01380,CUST01029,card,**** 3260,Axis,2024-10-23
PI01381,CUST01029,upi,**** 7309,Kotak,2026-03-30
PI01382,CUST01030,card,**** 2582,Kotak,2025-03-24
PI01383,CUST01031,wallet,**** 3370,SBI,2025-12-02
PI01384,CUST01031,card,**** 7599,ICICI,2025-09-21
PI01385,CUST01032,upi,**** 3900,ICICI,2025-03-30
PI01386,CUST01033,wallet,**** 8823,SBI,2026-05-31
PI01387,CUST01034,wallet,**** 2219,Axis,2024-11-22
PI01388,CUST01034,card,**** 5330,Yes Bank,2025-11-08
PI01389,CUST01035,upi,**** 5364,ICICI,2024-10-29
PI01390,CUST01035,card,**** 6678,Yes Bank,2026-08-01
PI01391,CUST01036,upi,**** 8964,IDFC First,2025-11-30
PI01392,CUST01037,upi,**** 8128,IDFC First,2025-09-18
PI01393,CUST01038,card,**** 1047,IDFC First,2025-11-27
PI01394,CUST01038,wallet,**** 3318,ICICI,2025-05-10
PI01395,CUST01039,upi,**** 1000,Yes Bank,2026-06-18
PI01396,CUST01040,card,**** 1815,HDFC,2025-10-09
PI01397,CUST01040,wallet,**** 7542,ICICI,2025-08-18
PI01398,CUST01041,upi,**** 7717,SBI,2024-11-29
PI01399,CUST01041,card,**** 8526,ICICI,2026-02-26
PI01400,CUST01042,card,**** 5562,IDFC First,2026-01-28
PI01401,CUST01043,card,**** 9242,ICICI,2025-08-29
PI01402,CUST01044,wallet,**** 6375,Yes Bank,2026-06-12
PI01403,CUST01044,upi,**** 1082,HDFC,2025-09-14
PI01404,CUST01045,upi,**** 9522,Yes Bank,2025-08-25
PI01405,CUST01046,card,**** 3636,Yes Bank,2024-10-07
PI01406,CUST01046,upi,**** 8415,ICICI,2025-01-02
PI01407,CUST01047,card,**** 7876,HDFC,2025-04-30
PI01408,CUST01048,wallet,**** 7113,HDFC,2025-02-21
PI01409,CUST01049,card,**** 1965,IDFC First,2026-07-12
PI01410,CUST01050,wallet,**** 1966,HDFC,2025-06-07
PI01411,CUST01051,wallet,**** 7091,HDFC,2025-08-03
PI01412,CUST01052,card,**** 8599,IDFC First,2025-04-20
PI01413,CUST01052,card,**** 2411,SBI,2025-06-01
PI01414,CUST01053,upi,**** 2324,Yes Bank,2024-12-08
PI01415,CUST01054,wallet,**** 6942,ICICI,2025-08-09
PI01416,CUST01055,card,**** 3230,ICICI,2026-02-26
PI01417,CUST01056,card,**** 8575,HDFC,2025-05-03
PI01418,CUST01057,wallet,**** 6143,Yes Bank,2026-02-13
PI01419,CUST01058,card,**** 8927,SBI,2025-07-07
PI01420,CUST01059,wallet,**** 2419,Kotak,2025-06-22
PI01421,CUST01059,wallet,**** 6116,Kotak,2025-04-17
PI01422,CUST01060,upi,**** 5801,ICICI,2024-09-08
PI01423,CUST01060,wallet,**** 3307,IDFC First,2025-08-22
PI01424,CUST01061,wallet,**** 8673,Axis,2025-04-17
PI01425,CUST01061,wallet,**** 4495,IDFC First,2024-12-09
PI01426,CUST01062,upi,**** 3154,Kotak,2025-04-05
PI01427,CUST01063,upi,**** 8736,IDFC First,2025-12-11
PI01428,CUST01064,upi,**** 2443,Kotak,2025-02-24
PI01429,CUST01065,wallet,**** 3314,Axis,2025-05-23
PI01430,CUST01065,card,**** 6093,IDFC First,2025-05-25
PI01431,CUST01066,card,**** 4493,IDFC First,2025-10-10
PI01432,CUST01066,wallet,**** 2158,HDFC,2026-06-06
PI01433,CUST01067,upi,**** 1743,ICICI,2024-09-27
PI01434,CUST01068,wallet,**** 7607,ICICI,2025-04-01
PI01435,CUST01069,card,**** 2125,Axis,2024-11-20
PI01436,CUST01069,upi,**** 4495,IDFC First,2026-08-06
PI01437,CUST01070,upi,**** 8173,SBI,2025-10-28
PI01438,CUST01070,wallet,**** 4964,SBI,2026-05-23
PI01439,CUST01071,upi,**** 9682,HDFC,2026-07-04
PI01440,CUST01072,upi,**** 9940,Axis,2024-12-14
PI01441,CUST01073,wallet,**** 8033,Axis,2025-05-14
PI01442,CUST01074,wallet,**** 9977,ICICI,2026-03-23
PI01443,CUST01075,upi,**** 5908,Kotak,2024-10-11
PI01444,CUST01075,wallet,**** 4198,Kotak,2024-09-08
PI01445,CUST01076,card,**** 6208,IDFC First,2024-10-03
PI01446,CUST01077,upi,**** 5881,Axis,2026-04-04
PI01447,CUST01078,wallet,**** 1777,SBI,2026-06-13
PI01448,CUST01079,card,**** 8299,IDFC First,2024-09-06
PI01449,CUST01080,upi,**** 1821,Axis,2024-10-14
PI01450,CUST01081,upi,**** 6497,SBI,2025-02-12
PI01451,CUST01082,upi,**** 7505,ICICI,2025-12-19
PI01452,CUST01083,wallet,**** 3994,Yes Bank,2025-07-12
PI01453,CUST01084,wallet,**** 1557,Kotak,2024-12-22
PI01454,CUST01085,upi,**** 2755,HDFC,2024-09-24
PI01455,CUST01086,wallet,**** 6070,Yes Bank,2025-06-05
PI01456,CUST01087,wallet,**** 2666,ICICI,2024-12-31
PI01457,CUST01088,card,**** 2640,Axis,2026-03-20
PI01458,CUST01089,upi,**** 2552,Kotak,2025-10-17
PI01459,CUST01089,wallet,**** 1312,ICICI,2024-11-30
PI01460,CUST01090,upi,**** 8293,Yes Bank,2025-05-16
PI01461,CUST01091,card,**** 3902,ICICI,2025-12-27
PI01462,CUST01092,card,**** 7653,Yes Bank,2025-10-29
PI01463,CUST01092,wallet,**** 7077,ICICI,2025-02-09
PI01464,CUST01093,upi,**** 2362,Yes Bank,2025-07-04
PI01465,CUST01094,card,**** 2354,Yes Bank,2026-03-18
PI01466,CUST01095,card,**** 8171,SBI,2026-06-03
PI01467,CUST01096,upi,**** 1975,HDFC,2026-02-17
PI01468,CUST01096,card,**** 7843,IDFC First,2025-08-09
PI01469,CUST01097,card,**** 2293,SBI,2026-06-22
PI01470,CUST01097,card,**** 6525,ICICI,2024-11-24
PI01471,CUST01098,card,**** 6685,IDFC First,2024-11-06
PI01472,CUST01098,wallet,**** 5253,Axis,2026-07-08
PI01473,CUST01099,wallet,**** 6567,HDFC,2026-03-08
PI01474,CUST01099,upi,**** 5628,HDFC,2025-02-10
PI01475,CUST01100,card,**** 8257,Yes Bank,2025-07-10
PI01476,CUST01101,card,**** 8597,Kotak,2024-09-30
PI01477,CUST01102,card,**** 6797,Yes Bank,2024-12-19
PI01478,CUST01102,wallet,**** 6999,Yes Bank,2026-01-24
PI01479,CUST01103,card,**** 2077,HDFC,2026-03-29
PI01480,CUST01104,upi,**** 5716,Yes Bank,2024-09-20
PI01481,CUST01105,card,**** 5981,IDFC First,2024-11-20
PI01482,CUST01105,wallet,**** 1199,ICICI,2025-04-28
PI01483,CUST01106,wallet,**** 2941,HDFC,2026-08-17
PI01484,CUST01106,upi,**** 6705,ICICI,2026-04-10
PI01485,CUST01107,card,**** 8019,HDFC,2025-03-01
PI01486,CUST01108,wallet,**** 5656,HDFC,2024-10-26
PI01487,CUST01108,card,**** 9892,SBI,2025-06-25
PI01488,CUST01109,wallet,**** 2536,ICICI,2025-04-15
PI01489,CUST01109,wallet,**** 6518,Kotak,2026-04-29
PI01490,CUST01110,card,**** 9936,SBI,2025-12-03
PI01491,CUST01110,upi,**** 4991,SBI,2025-10-21
PI01492,CUST01111,wallet,**** 6578,ICICI,2025-04-16
PI01493,CUST01111,card,**** 6920,Axis,2025-12-09
PI01494,CUST01112,card,**** 1971,Axis,2025-05-15
PI01495,CUST01113,wallet,**** 1213,Yes Bank,2025-11-18
PI01496,CUST01114,upi,**** 8020,IDFC First,2024-10-03
PI01497,CUST01115,card,**** 2207,Kotak,2024-12-31
PI01498,CUST01115,upi,**** 8196,Axis,2026-07-16
PI01499,CUST01116,card,**** 4958,Axis,2024-11-24
PI01500,CUST01117,upi,**** 3053,Yes Bank,2026-06-06
PI01501,CUST01117,card,**** 4175,Kotak,2025-07-07
PI01502,CUST01118,upi,**** 7143,IDFC First,2025-08-09
PI01503,CUST01119,card,**** 1045,Axis,2026-01-05
PI01504,CUST01120,upi,**** 7176,IDFC First,2025-05-11
PI01505,CUST01121,upi,**** 6375,HDFC,2025-01-18
PI01506,CUST01122,card,**** 6700,IDFC First,2025-11-12
PI01507,CUST01123,card,**** 9081,ICICI,2026-01-31
PI01508,CUST01124,upi,**** 5179,ICICI,2025-11-18
PI01509,CUST01125,card,**** 5683,HDFC,2025-08-18
PI01510,CUST01126,wallet,**** 5174,ICICI,2024-10-24
PI01511,CUST01127,card,**** 4060,Yes Bank,2025-05-08
PI01512,CUST01127,wallet,**** 3448,ICICI,2026-01-15
PI01513,CUST01128,upi,**** 6423,IDFC First,2024-11-18
PI01514,CUST01129,card,**** 1249,Yes Bank,2026-06-24
PI01515,CUST01130,wallet,**** 1652,Yes Bank,2026-04-30
PI01516,CUST01131,wallet,**** 1760,SBI,2025-12-31
PI01517,CUST01132,card,**** 9863,Kotak,2026-07-11
PI01518,CUST01133,wallet,**** 5149,ICICI,2024-10-02
PI01519,CUST01134,card,**** 2911,HDFC,2024-08-28
PI01520,CUST01135,upi,**** 8275,ICICI,2025-05-15
PI01521,CUST01136,wallet,**** 1106,SBI,2025-09-03
PI01522,CUST01137,upi,**** 8479,SBI,2025-01-05
PI01523,CUST01137,wallet,**** 9897,Axis,2025-03-20
PI01524,CUST01138,wallet,**** 4048,HDFC,2026-05-24
PI01525,CUST01139,wallet,**** 7938,SBI,2024-10-05
PI01526,CUST01140,upi,**** 1760,ICICI,2025-04-10
PI01527,CUST01141,upi,**** 3935,IDFC First,2025-04-14
PI01528,CUST01142,wallet,**** 3317,Axis,2024-10-15
PI01529,CUST01143,upi,**** 9530,ICICI,2024-09-11
PI01530,CUST01144,upi,**** 8568,Axis,2024-09-21
PI01531,CUST01145,wallet,**** 3065,HDFC,2026-08-04
PI01532,CUST01146,card,**** 2488,IDFC First,2025-04-24
PI01533,CUST01147,card,**** 4697,Yes Bank,2024-12-18
PI01534,CUST01148,card,**** 3964,ICICI,2025-08-31
PI01535,CUST01148,upi,**** 3756,HDFC,2026-03-06
PI01536,CUST01149,wallet,**** 3800,HDFC,2025-12-02
PI01537,CUST01149,upi,**** 9592,IDFC First,2025-03-17
PI01538,CUST01150,wallet,**** 9009,Yes Bank,2026-04-27
PI01539,CUST01151,wallet,**** 6997,Kotak,2024-09-02
PI01540,CUST01152,upi,**** 2743,IDFC First,2025-10-31
PI01541,CUST01153,wallet,**** 8152,ICICI,2025-06-28
PI01542,CUST01154,upi,**** 6444,Kotak,2026-03-14
PI01543,CUST01154,wallet,**** 2336,Yes Bank,2025-01-28
PI01544,CUST01155,upi,**** 8598,Yes Bank,2024-10-10
PI01545,CUST01155,upi,**** 3743,Yes Bank,2025-11-12
PI01546,CUST01156,card,**** 7254,Kotak,2026-01-22
PI01547,CUST01156,wallet,**** 1728,Yes Bank,2026-03-13
PI01548,CUST01157,upi,**** 4872,Axis,2024-12-12
PI01549,CUST01158,wallet,**** 4538,HDFC,2025-07-24
PI01550,CUST01158,wallet,**** 7151,Kotak,2025-11-18
PI01551,CUST01159,wallet,**** 8857,ICICI,2025-04-20
PI01552,CUST01160,upi,**** 6434,SBI,2024-10-22
PI01553,CUST01160,card,**** 2572,Kotak,2026-06-27
PI01554,CUST01161,card,**** 8811,ICICI,2025-05-18
PI01555,CUST01162,card,**** 3910,Kotak,2026-04-11
PI01556,CUST01163,wallet,**** 5825,Kotak,2025-08-29
PI01557,CUST01164,wallet,**** 4746,ICICI,2024-08-26
PI01558,CUST01165,card,**** 1969,SBI,2026-01-19
PI01559,CUST01165,card,**** 5545,SBI,2025-04-20
PI01560,CUST01166,upi,**** 4463,Yes Bank,2026-02-18
PI01561,CUST01167,wallet,**** 9599,Yes Bank,2024-09-13
PI01562,CUST01168,card,**** 7905,SBI,2025-10-15
PI01563,CUST01169,wallet,**** 4215,Yes Bank,2026-06-15
PI01564,CUST01169,card,**** 3073,Yes Bank,2025-07-13
PI01565,CUST01170,wallet,**** 1213,ICICI,2025-12-15
PI01566,CUST01170,card,**** 4405,HDFC,2025-03-20
PI01567,CUST01171,wallet,**** 3445,ICICI,2024-12-21
PI01568,CUST01172,card,**** 8191,Axis,2025-11-21
PI01569,CUST01173,card,**** 2691,ICICI,2026-02-05
PI01570,CUST01174,wallet,**** 4177,HDFC,2026-01-10
PI01571,CUST01175,wallet,**** 2532,Axis,2025-07-24
PI01572,CUST01176,card,**** 7670,SBI,2026-01-28
PI01573,CUST01177,card,**** 1047,Yes Bank,2025-02-22
PI01574,CUST01178,upi,**** 4781,IDFC First,2025-04-12
PI01575,CUST01179,upi,**** 8530,SBI,2025-04-04
PI01576,CUST01180,wallet,**** 2572,Kotak,2025-07-12
PI01577,CUST01181,card,**** 3163,IDFC First,2026-07-15
PI01578,CUST01181,card,**** 1375,Yes Bank,2024-09-27
PI01579,CUST01182,wallet,**** 2468,Axis,2026-06-11
PI01580,CUST01183,wallet,**** 2212,Axis,2025-12-01
PI01581,CUST01183,upi,**** 7195,IDFC First,2025-11-08
PI01582,CUST01184,card,**** 3607,Kotak,2026-02-24
PI01583,CUST01184,wallet,**** 9698,ICICI,2026-03-09
PI01584,CUST01185,card,**** 5319,ICICI,2026-01-31
PI01585,CUST01186,wallet,**** 5520,HDFC,2025-10-24
PI01586,CUST01186,wallet,**** 7342,Axis,2026-08-09
PI01587,CUST01187,card,**** 2329,IDFC First,2025-04-19
PI01588,CUST01188,card,**** 7877,Axis,2026-06-24
PI01589,CUST01189,wallet,**** 1915,SBI,2025-06-01
PI01590,CUST01190,wallet,**** 7038,IDFC First,2026-07-15
PI01591,CUST01191,upi,**** 8544,IDFC First,2025-01-22
PI01592,CUST01192,upi,**** 4831,Yes Bank,2025-10-26
PI01593,CUST01193,card,**** 2378,Kotak,2025-05-28
PI01594,CUST01194,upi,**** 6931,SBI,2026-01-02
PI01595,CUST01194,card,**** 5967,Kotak,2024-11-02
PI01596,CUST01195,upi,**** 5923,Yes Bank,2024-11-22
PI01597,CUST01196,upi,**** 8069,Axis,2026-01-21
PI01598,CUST01197,wallet,**** 6016,Kotak,2026-01-30
PI01599,CUST01198,wallet,**** 4681,Kotak,2025-11-01
PI01600,CUST01199,upi,**** 1139,SBI,2026-05-17
PI01601,CUST01200,wallet,**** 7175,ICICI,2024-11-17
PI01602,CUST01200,upi,**** 4109,ICICI,2025-09-03
PI01603,CUST01201,upi,**** 3206,Axis,2025-09-16
PI01604,CUST01202,card,**** 5841,ICICI,2026-07-11
PI01605,CUST01203,card,**** 7732,Yes Bank,2024-12-09
PI01606,CUST01204,wallet,**** 6628,Yes Bank,2025-03-15
PI01607,CUST01205,wallet,**** 6252,SBI,2025-06-15
PI01608,CUST01205,wallet,**** 3478,HDFC,2025-02-24
PI01609,CUST01206,wallet,**** 9408,Yes Bank,2025-07-31
PI01610,CUST01206,card,**** 9745,Yes Bank,2025-12-26
PI01611,CUST01207,wallet,**** 2607,Yes Bank,2024-12-18
PI01612,CUST01208,upi,**** 3416,Yes Bank,2026-06-30
PI01613,CUST01208,card,**** 6097,IDFC First,2025-08-11
PI01614,CUST01209,card,**** 7230,SBI,2026-03-02
PI01615,CUST01209,card,**** 4293,Kotak,2025-01-08
PI01616,CUST01210,card,**** 3195,Yes Bank,2026-02-15
PI01617,CUST01211,upi,**** 4058,SBI,2025-02-24
PI01618,CUST01212,card,**** 6974,Kotak,2025-03-23
PI01619,CUST01212,card,**** 4684,ICICI,2025-03-31
PI01620,CUST01213,card,**** 1569,IDFC First,2025-02-04
PI01621,CUST01214,card,**** 2270,HDFC,2026-01-15
PI01622,CUST01214,wallet,**** 6993,IDFC First,2026-05-22
PI01623,CUST01215,wallet,**** 9183,Axis,2026-05-25
PI01624,CUST01215,card,**** 7125,Yes Bank,2025-02-04
PI01625,CUST01216,upi,**** 8649,IDFC First,2025-12-15
PI01626,CUST01217,upi,**** 5400,Axis,2025-01-13
PI01627,CUST01217,upi,**** 8430,Axis,2024-09-24
PI01628,CUST01218,wallet,**** 5395,Yes Bank,2026-04-16
PI01629,CUST01218,wallet,**** 6496,ICICI,2026-06-13
PI01630,CUST01219,card,**** 8153,SBI,2025-07-09
PI01631,CUST01220,upi,**** 5437,Axis,2025-04-02
PI01632,CUST01220,upi,**** 9237,Axis,2026-03-06
PI01633,CUST01221,upi,**** 4418,SBI,2025-01-24
PI01634,CUST01222,card,**** 3901,SBI,2024-08-22
PI01635,CUST01223,upi,**** 1362,Kotak,2025-02-10
PI01636,CUST01224,card,**** 6440,IDFC First,2026-03-23
PI01637,CUST01224,wallet,**** 6019,Kotak,2026-05-06
PI01638,CUST01225,upi,**** 4037,IDFC First,2024-09-29
PI01639,CUST01226,wallet,**** 3336,SBI,2026-07-27
PI01640,CUST01227,wallet,**** 7247,Axis,2025-07-15
PI01641,CUST01228,upi,**** 3977,HDFC,2025-02-14
PI01642,CUST01229,card,**** 8425,IDFC First,2025-09-14
PI01643,CUST01230,card,**** 4925,SBI,2024-10-27
PI01644,CUST01231,wallet,**** 2944,SBI,2026-07-09
PI01645,CUST01231,card,**** 7304,HDFC,2026-01-26
PI01646,CUST01232,card,**** 5338,Yes Bank,2025-12-04
PI01647,CUST01233,wallet,**** 4201,ICICI,2025-09-30
PI01648,CUST01233,card,**** 7806,IDFC First,2024-10-17
PI01649,CUST01234,upi,**** 6189,SBI,2025-12-04
PI01650,CUST01235,wallet,**** 1914,Axis,2025-10-28
PI01651,CUST01236,upi,**** 4604,Yes Bank,2026-07-09
PI01652,CUST01236,upi,**** 4702,HDFC,2025-11-18
PI01653,CUST01237,card,**** 1491,Kotak,2025-10-16
PI01654,CUST01237,wallet,**** 2998,Axis,2026-02-14
PI01655,CUST01238,upi,**** 3736,ICICI,2024-12-12
PI01656,CUST01238,card,**** 2300,SBI,2026-01-11
PI01657,CUST01239,wallet,**** 8317,HDFC,2025-10-17
PI01658,CUST01239,wallet,**** 5601,SBI,2026-03-04
PI01659,CUST01240,card,**** 6943,IDFC First,2025-01-11
PI01660,CUST01241,upi,**** 3887,Axis,2025-02-11
PI01661,CUST01241,wallet,**** 8547,SBI,2024-12-08
PI01662,CUST01242,wallet,**** 9160,HDFC,2025-07-20
PI01663,CUST01243,upi,**** 4178,Yes Bank,2026-07-14
PI01664,CUST01244,wallet,**** 1414,Yes Bank,2026-08-06
PI01665,CUST01245,upi,**** 6594,Yes Bank,2026-08-01
PI01666,CUST01245,card,**** 4646,Axis,2025-04-09
PI01667,CUST01246,upi,**** 3163,Kotak,2025-04-19
PI01668,CUST01247,upi,**** 6307,Axis,2025-09-10
PI01669,CUST01248,card,**** 8668,HDFC,2026-07-26
PI01670,CUST01249,upi,**** 2014,Yes Bank,2024-12-19
PI01671,CUST01250,wallet,**** 6850,IDFC First,2026-03-10
PI01672,CUST01251,upi,**** 9798,HDFC,2025-04-16
PI01673,CUST01252,upi,**** 6332,Yes Bank,2026-03-14
PI01674,CUST01253,wallet,**** 1747,HDFC,2026-08-21
PI01675,CUST01253,card,**** 3490,Axis,2026-05-16
PI01676,CUST01254,card,**** 3097,HDFC,2025-10-25
PI01677,CUST01254,upi,**** 4052,SBI,2026-01-26
PI01678,CUST01255,wallet,**** 4192,HDFC,2026-02-21
PI01679,CUST01256,card,**** 5933,ICICI,2024-09-20
PI01680,CUST01257,wallet,**** 3022,IDFC First,2025-11-02
PI01681,CUST01257,card,**** 7520,Kotak,2026-02-12
PI01682,CUST01258,wallet,**** 2422,Axis,2026-03-13
PI01683,CUST01258,card,**** 1574,ICICI,2026-04-10
PI01684,CUST01259,card,**** 7194,Kotak,2025-04-29
PI01685,CUST01260,upi,**** 3525,Kotak,2026-02-15
PI01686,CUST01261,card,**** 1438,Kotak,2025-08-07
PI01687,CUST01262,card,**** 8940,IDFC First,2026-08-01
PI01688,CUST01262,card,**** 6635,ICICI,2026-07-19
PI01689,CUST01263,upi,**** 6771,IDFC First,2025-03-25
PI01690,CUST01263,wallet,**** 4493,ICICI,2026-02-02
PI01691,CUST01264,card,**** 3470,Yes Bank,2024-11-20
PI01692,CUST01265,upi,**** 4716,Yes Bank,2025-08-31
PI01693,CUST01265,wallet,**** 4114,Kotak,2026-04-24
PI01694,CUST01266,wallet,**** 3855,HDFC,2026-08-20
PI01695,CUST01266,upi,**** 6957,IDFC First,2025-06-12
PI01696,CUST01267,wallet,**** 4638,IDFC First,2025-12-26
PI01697,CUST01268,card,**** 3116,ICICI,2024-10-13
PI01698,CUST01269,upi,**** 2427,Kotak,2026-06-15
PI01699,CUST01270,card,**** 8692,Axis,2025-05-16
PI01700,CUST01271,card,**** 8522,HDFC,2025-08-07
PI01701,CUST01272,card,**** 7374,Kotak,2025-12-05
PI01702,CUST01272,upi,**** 2979,IDFC First,2026-03-24
PI01703,CUST01273,card,**** 4275,Axis,2026-05-21
PI01704,CUST01273,card,**** 2616,HDFC,2025-04-14
PI01705,CUST01274,card,**** 3555,Axis,2026-01-27
PI01706,CUST01275,upi,**** 4641,Kotak,2024-09-05
PI01707,CUST01276,wallet,**** 3996,Yes Bank,2024-11-13
PI01708,CUST01276,card,**** 9077,Yes Bank,2025-07-20
PI01709,CUST01277,upi,**** 5294,Kotak,2024-11-24
PI01710,CUST01277,upi,**** 7595,Axis,2025-08-17
PI01711,CUST01278,upi,**** 8251,IDFC First,2026-02-17
PI01712,CUST01279,card,**** 3378,ICICI,2025-04-17
PI01713,CUST01280,wallet,**** 3502,ICICI,2026-02-12
PI01714,CUST01281,wallet,**** 9328,HDFC,2025-09-11
PI01715,CUST01282,card,**** 5784,SBI,2024-11-02
PI01716,CUST01282,card,**** 6670,Kotak,2025-01-25
PI01717,CUST01283,wallet,**** 3527,Yes Bank,2024-11-17
PI01718,CUST01283,wallet,**** 4016,ICICI,2025-11-19
PI01719,CUST01284,upi,**** 7635,HDFC,2025-12-16
PI01720,CUST01284,upi,**** 3998,IDFC First,2026-08-12
PI01721,CUST01285,upi,**** 4458,SBI,2026-04-12
PI01722,CUST01285,wallet,**** 1807,Axis,2025-04-27
PI01723,CUST01286,wallet,**** 8844,IDFC First,2025-02-21
PI01724,CUST01287,card,**** 2879,Kotak,2025-01-17
PI01725,CUST01288,upi,**** 7501,Yes Bank,2025-05-01
PI01726,CUST01289,upi,**** 2712,IDFC First,2026-01-20
PI01727,CUST01290,card,**** 8955,Yes Bank,2026-06-11
PI01728,CUST01291,card,**** 5995,IDFC First,2025-11-22
PI01729,CUST01292,wallet,**** 6307,ICICI,2024-09-15
PI01730,CUST01293,wallet,**** 2175,ICICI,2025-04-02
PI01731,CUST01294,card,**** 7574,Yes Bank,2024-09-21
PI01732,CUST01295,wallet,**** 5699,Yes Bank,2025-03-25
PI01733,CUST01296,card,**** 8758,Yes Bank,2024-11-06
PI01734,CUST01297,upi,**** 2036,SBI,2026-07-13
PI01735,CUST01298,upi,**** 8801,HDFC,2025-07-10
PI01736,CUST01298,upi,**** 6217,SBI,2026-06-21
PI01737,CUST01299,card,**** 3855,Yes Bank,2026-04-24
PI01738,CUST01299,wallet,**** 2102,SBI,2025-03-16
PI01739,CUST01300,upi,**** 5385,HDFC,2025-04-09
PI01740,CUST01301,wallet,**** 6606,SBI,2025-12-01
PI01741,CUST01302,upi,**** 1277,Kotak,2026-03-28
PI01742,CUST01303,card,**** 7159,Kotak,2025-08-11
PI01743,CUST01303,card,**** 6259,Axis,2025-11-10
PI01744,CUST01304,upi,**** 6861,IDFC First,2025-06-24
PI01745,CUST01304,card,**** 1986,Axis,2026-03-02
PI01746,CUST01305,card,**** 1297,SBI,2026-07-12
PI01747,CUST01306,upi,**** 3593,Yes Bank,2026-04-26
PI01748,CUST01307,card,**** 9128,HDFC,2026-06-08
PI01749,CUST01308,wallet,**** 2471,ICICI,2026-01-29
PI01750,CUST01309,card,**** 4306,Kotak,2026-02-27
PI01751,CUST01310,wallet,**** 8045,Kotak,2025-11-21
PI01752,CUST01311,upi,**** 9715,Kotak,2025-06-11
PI01753,CUST01312,upi,**** 7651,HDFC,2024-09-29
PI01754,CUST01312,wallet,**** 9572,Axis,2026-04-22
PI01755,CUST01313,card,**** 3702,Axis,2025-03-27
PI01756,CUST01314,upi,**** 4790,HDFC,2026-07-21
PI01757,CUST01315,card,**** 3160,Axis,2025-01-15
PI01758,CUST01315,wallet,**** 7379,Yes Bank,2025-10-12
PI01759,CUST01316,upi,**** 6556,Yes Bank,2026-04-05
PI01760,CUST01317,wallet,**** 9761,Kotak,2025-08-14
PI01761,CUST01317,upi,**** 9924,Axis,2025-12-15
PI01762,CUST01318,card,**** 4407,Yes Bank,2024-11-04
PI01763,CUST01319,wallet,**** 6058,ICICI,2026-03-15
PI01764,CUST01319,card,**** 2502,Yes Bank,2026-05-26
PI01765,CUST01320,upi,**** 6058,ICICI,2025-05-02
PI01766,CUST01321,wallet,**** 6486,ICICI,2024-09-17
PI01767,CUST01322,card,**** 3371,HDFC,2026-03-18
PI01768,CUST01323,card,**** 2134,SBI,2026-08-16
PI01769,CUST01324,upi,**** 8967,IDFC First,2025-12-13
PI01770,CUST01325,upi,**** 5633,Kotak,2025-04-10
PI01771,CUST01326,upi,**** 5654,Axis,2025-01-26
PI01772,CUST01326,card,**** 1818,HDFC,2026-04-08
PI01773,CUST01327,upi,**** 8606,Axis,2024-12-29
PI01774,CUST01328,upi,**** 9925,Yes Bank,2024-11-04
PI01775,CUST01329,upi,**** 7568,SBI,2025-04-27
PI01776,CUST01330,upi,**** 8375,SBI,2025-05-17
PI01777,CUST01330,card,**** 7877,IDFC First,2026-07-29
PI01778,CUST01331,upi,**** 6694,Axis,2026-03-28
PI01779,CUST01332,card,**** 5209,IDFC First,2024-09-04
PI01780,CUST01332,upi,**** 1541,HDFC,2025-09-29
PI01781,CUST01333,card,**** 6783,SBI,2025-08-24
PI01782,CUST01334,card,**** 8704,ICICI,2025-06-25
PI01783,CUST01334,card,**** 7326,SBI,2026-05-04
PI01784,CUST01335,upi,**** 4055,Axis,2025-01-10
PI01785,CUST01335,upi,**** 2295,HDFC,2025-02-07
PI01786,CUST01336,wallet,**** 6867,ICICI,2025-04-07
PI01787,CUST01336,wallet,**** 7228,ICICI,2025-12-11
PI01788,CUST01337,card,**** 1811,Yes Bank,2025-05-23
PI01789,CUST01338,wallet,**** 8634,Yes Bank,2026-05-16
PI01790,CUST01339,card,**** 7029,SBI,2025-11-05
PI01791,CUST01340,card,**** 9667,ICICI,2024-10-11
PI01792,CUST01341,upi,**** 4381,Axis,2025-05-25
PI01793,CUST01342,card,**** 2283,IDFC First,2024-11-21
PI01794,CUST01343,wallet,**** 5751,Kotak,2025-02-16
PI01795,CUST01344,wallet,**** 6495,Kotak,2026-04-01
PI01796,CUST01344,upi,**** 6712,SBI,2026-04-17
PI01797,CUST01345,wallet,**** 8120,ICICI,2025-08-29
PI01798,CUST01346,upi,**** 5288,IDFC First,2025-12-29
PI01799,CUST01347,wallet,**** 4627,SBI,2024-12-29
PI01800,CUST01348,upi,**** 2195,IDFC First,2024-09-19
PI01801,CUST01348,upi,**** 2987,Axis,2025-02-05
PI01802,CUST01349,wallet,**** 5007,IDFC First,2025-06-17
PI01803,CUST01349,wallet,**** 4972,IDFC First,2026-06-19
PI01804,CUST01350,upi,**** 5518,Kotak,2026-08-02
PI01805,CUST01350,upi,**** 5670,ICICI,2024-09-30
PI01806,CUST01351,upi,**** 7716,SBI,2025-03-01
PI01807,CUST01351,card,**** 9615,IDFC First,2026-04-24
PI01808,CUST01352,wallet,**** 3807,ICICI,2025-02-21
PI01809,CUST01352,card,**** 1782,Kotak,2026-07-16
PI01810,CUST01353,wallet,**** 7883,ICICI,2025-10-21
PI01811,CUST01354,wallet,**** 8815,Yes Bank,2025-06-01
PI01812,CUST01354,card,**** 9735,Yes Bank,2025-02-08
PI01813,CUST01355,wallet,**** 5417,HDFC,2025-03-04
PI01814,CUST01355,card,**** 3583,HDFC,2026-07-16
PI01815,CUST01356,wallet,**** 8299,ICICI,2025-01-28
PI01816,CUST01357,wallet,**** 3839,HDFC,2025-07-03
PI01817,CUST01358,card,**** 8846,SBI,2026-07-14
PI01818,CUST01359,wallet,**** 6697,ICICI,2025-12-27
PI01819,CUST01360,wallet,**** 7763,SBI,2026-04-15
PI01820,CUST01361,upi,**** 3161,IDFC First,2026-01-05
PI01821,CUST01362,card,**** 5004,HDFC,2025-11-04
PI01822,CUST01363,upi,**** 5557,Kotak,2026-02-03
PI01823,CUST01364,upi,**** 7250,HDFC,2025-08-01
PI01824,CUST01365,wallet,**** 4660,Kotak,2024-08-23
PI01825,CUST01366,card,**** 3317,Yes Bank,2025-10-27
PI01826,CUST01367,card,**** 3234,IDFC First,2025-09-23
PI01827,CUST01368,card,**** 8560,SBI,2025-08-29
PI01828,CUST01369,upi,**** 9663,Yes Bank,2026-07-14
PI01829,CUST01370,upi,**** 4118,SBI,2025-03-29
PI01830,CUST01370,wallet,**** 6527,Yes Bank,2025-06-23
PI01831,CUST01371,upi,**** 1037,Kotak,2025-04-08
PI01832,CUST01371,upi,**** 2292,Kotak,2025-12-06
PI01833,CUST01372,card,**** 2126,SBI,2026-03-16
PI01834,CUST01372,wallet,**** 6906,Kotak,2025-01-09
PI01835,CUST01373,card,**** 5249,Yes Bank,2024-12-31
PI01836,CUST01374,upi,**** 7355,ICICI,2026-03-04
PI01837,CUST01375,card,**** 4650,Kotak,2025-02-15
PI01838,CUST01376,upi,**** 1787,ICICI,2025-08-05
PI01839,CUST01376,upi,**** 4007,ICICI,2026-07-04
PI01840,CUST01377,card,**** 3223,HDFC,2025-08-12
PI01841,CUST01378,card,**** 6079,Axis,2026-05-31
PI01842,CUST01379,card,**** 5343,Axis,2025-12-18
PI01843,CUST01380,wallet,**** 2765,HDFC,2026-07-15
PI01844,CUST01381,card,**** 8385,Yes Bank,2025-04-11
PI01845,CUST01382,upi,**** 9264,Yes Bank,2026-05-07
PI01846,CUST01382,wallet,**** 7492,IDFC First,2026-04-03
PI01847,CUST01383,card,**** 1535,Kotak,2026-07-28
PI01848,CUST01383,wallet,**** 6141,Yes Bank,2025-02-14
PI01849,CUST01384,card,**** 5597,Axis,2025-01-28
PI01850,CUST01384,wallet,**** 1821,ICICI,2025-11-08
PI01851,CUST01385,card,**** 8983,Axis,2026-07-11
PI01852,CUST01385,upi,**** 2055,Axis,2025-11-23
PI01853,CUST01386,card,**** 1615,SBI,2025-12-10
PI01854,CUST01387,upi,**** 1957,ICICI,2026-02-05
PI01855,CUST01388,wallet,**** 7006,HDFC,2025-05-25
PI01856,CUST01389,card,**** 5592,Axis,2025-03-30
PI01857,CUST01390,upi,**** 3968,Axis,2025-12-11
PI01858,CUST01391,wallet,**** 3612,ICICI,2026-01-15
PI01859,CUST01392,card,**** 9524,ICICI,2025-02-19
PI01860,CUST01393,card,**** 1152,ICICI,2025-03-20
PI01861,CUST01393,card,**** 3202,SBI,2026-04-03
PI01862,CUST01394,wallet,**** 2766,ICICI,2026-05-30
PI01863,CUST01395,card,**** 4763,HDFC,2025-11-07
PI01864,CUST01396,card,**** 5155,Axis,2025-08-31
PI01865,CUST01397,upi,**** 2109,Yes Bank,2026-02-06
PI01866,CUST01398,card,**** 8008,IDFC First,2024-09-16
PI01867,CUST01398,upi,**** 6983,IDFC First,2025-03-23
PI01868,CUST01399,upi,**** 7993,ICICI,2024-11-20
PI01869,CUST01400,wallet,**** 6691,IDFC First,2024-12-24
PI01870,CUST01401,card,**** 1928,ICICI,2024-11-25
PI01871,CUST01402,wallet,**** 7065,ICICI,2024-11-27
PI01872,CUST01403,card,**** 3835,ICICI,2024-10-15
PI01873,CUST01404,wallet,**** 5232,IDFC First,2025-05-20
PI01874,CUST01404,upi,**** 3795,ICICI,2025-08-13
PI01875,CUST01405,card,**** 5437,Yes Bank,2026-03-02
PI01876,CUST01406,card,**** 3081,Kotak,2026-05-26
PI01877,CUST01407,upi,**** 2115,IDFC First,2026-07-03
PI01878,CUST01408,wallet,**** 1268,HDFC,2026-07-09
PI01879,CUST01408,upi,**** 3671,ICICI,2026-03-07
PI01880,CUST01409,card,**** 5795,HDFC,2025-06-28
PI01881,CUST01409,upi,**** 1958,Axis,2024-11-11
PI01882,CUST01410,upi,**** 5242,Yes Bank,2026-08-14
PI01883,CUST01410,wallet,**** 8578,Yes Bank,2026-04-21
PI01884,CUST01411,upi,**** 9113,SBI,2024-08-24
PI01885,CUST01412,upi,**** 2734,Kotak,2025-04-08
PI01886,CUST01413,card,**** 5320,HDFC,2025-06-24
PI01887,CUST01413,upi,**** 6894,Yes Bank,2026-02-17
PI01888,CUST01414,card,**** 9795,IDFC First,2026-01-19
PI01889,CUST01414,upi,**** 3524,IDFC First,2025-07-22
PI01890,CUST01415,upi,**** 3430,SBI,2025-05-02
PI01891,CUST01415,wallet,**** 2050,ICICI,2024-12-04
PI01892,CUST01416,upi,**** 1657,IDFC First,2026-06-14
PI01893,CUST01417,wallet,**** 6623,Axis,2026-01-27
PI01894,CUST01417,upi,**** 9745,SBI,2025-05-04
PI01895,CUST01418,upi,**** 9308,Yes Bank,2024-11-13
PI01896,CUST01418,wallet,**** 3415,ICICI,2025-10-30
PI01897,CUST01419,card,**** 4074,Axis,2026-02-04
PI01898,CUST01420,card,**** 4052,HDFC,2024-12-15
PI01899,CUST01420,card,**** 2385,HDFC,2025-05-12
PI01900,CUST01421,card,**** 9698,Axis,2024-10-13
PI01901,CUST01422,card,**** 4861,Yes Bank,2026-02-24
PI01902,CUST01422,upi,**** 7814,IDFC First,2025-01-28
PI01903,CUST01423,wallet,**** 1819,Yes Bank,2025-12-12
PI01904,CUST01423,card,**** 8445,IDFC First,2025-12-01
PI01905,CUST01424,upi,**** 5773,Yes Bank,2025-08-08
PI01906,CUST01425,wallet,**** 4695,Kotak,2026-06-30
PI01907,CUST01426,upi,**** 2696,Kotak,2026-08-20
PI01908,CUST01427,wallet,**** 5125,Yes Bank,2026-05-08
PI01909,CUST01427,upi,**** 3919,Kotak,2025-06-09
PI01910,CUST01428,wallet,**** 2792,Axis,2025-08-31
PI01911,CUST01429,card,**** 3875,ICICI,2025-05-02
PI01912,CUST01430,upi,**** 5170,ICICI,2025-12-09
PI01913,CUST01431,wallet,**** 8444,ICICI,2024-08-25
PI01914,CUST01432,card,**** 6909,IDFC First,2024-10-21
PI01915,CUST01433,card,**** 3364,HDFC,2026-08-10
PI01916,CUST01434,card,**** 7174,Yes Bank,2025-09-26
PI01917,CUST01435,wallet,**** 5270,Kotak,2026-08-15
PI01918,CUST01436,upi,**** 4151,ICICI,2025-09-21
PI01919,CUST01436,wallet,**** 1024,Yes Bank,2025-08-31
PI01920,CUST01437,card,**** 4315,SBI,2025-07-28
PI01921,CUST01437,upi,**** 5948,Axis,2025-02-18
PI01922,CUST01438,upi,**** 9228,IDFC First,2024-09-08
PI01923,CUST01439,upi,**** 9332,Kotak,2025-07-06
PI01924,CUST01439,wallet,**** 6416,HDFC,2024-12-19
PI01925,CUST01440,upi,**** 1340,IDFC First,2025-03-01
PI01926,CUST01441,card,**** 7130,Kotak,2024-12-16
PI01927,CUST01442,upi,**** 9314,Yes Bank,2025-04-23
PI01928,CUST01442,upi,**** 2169,Kotak,2026-06-20
PI01929,CUST01443,card,**** 8343,Axis,2024-09-11
PI01930,CUST01444,wallet,**** 3976,Axis,2026-03-01
PI01931,CUST01445,wallet,**** 4427,ICICI,2025-08-09
PI01932,CUST01446,wallet,**** 6186,Axis,2024-10-16
PI01933,CUST01446,card,**** 5391,ICICI,2025-04-19
PI01934,CUST01447,upi,**** 8768,SBI,2026-01-08
PI01935,CUST01448,card,**** 6876,Kotak,2025-08-09
PI01936,CUST01449,card,**** 7854,HDFC,2024-12-18
PI01937,CUST01450,upi,**** 9892,HDFC,2025-10-12
PI01938,CUST01451,wallet,**** 3192,HDFC,2024-09-08
PI01939,CUST01452,upi,**** 3583,ICICI,2026-04-01
PI01940,CUST01452,wallet,**** 5683,HDFC,2025-07-24
PI01941,CUST01453,upi,**** 7725,ICICI,2024-12-02
PI01942,CUST01454,card,**** 6205,SBI,2026-08-12
PI01943,CUST01455,wallet,**** 7590,ICICI,2025-11-05
PI01944,CUST01455,upi,**** 5003,Axis,2024-11-21
PI01945,CUST01456,wallet,**** 3525,Yes Bank,2025-11-29
PI01946,CUST01456,upi,**** 3823,IDFC First,2025-01-22
PI01947,CUST01457,wallet,**** 5860,Yes Bank,2026-08-20
PI01948,CUST01457,card,**** 1700,Axis,2025-12-31
PI01949,CUST01458,card,**** 6492,Yes Bank,2025-03-27
PI01950,CUST01459,wallet,**** 9427,HDFC,2025-02-27
PI01951,CUST01460,wallet,**** 6564,HDFC,2024-10-17
PI01952,CUST01460,card,**** 4354,Yes Bank,2025-02-20
PI01953,CUST01461,card,**** 9819,IDFC First,2025-06-24
PI01954,CUST01462,card,**** 5466,Kotak,2024-10-14
PI01955,CUST01463,card,**** 3572,HDFC,2025-08-18
PI01956,CUST01463,wallet,**** 2371,ICICI,2025-08-21
PI01957,CUST01464,card,**** 3832,IDFC First,2026-02-11
PI01958,CUST01465,upi,**** 5850,Kotak,2025-09-18
PI01959,CUST01466,card,**** 7102,Kotak,2025-03-01
PI01960,CUST01466,card,**** 8134,Kotak,2026-01-07
PI01961,CUST01467,wallet,**** 9183,Axis,2026-01-19
PI01962,CUST01468,card,**** 2703,IDFC First,2025-01-01
PI01963,CUST01469,card,**** 9697,SBI,2025-10-23
PI01964,CUST01469,upi,**** 9802,HDFC,2026-06-03
PI01965,CUST01470,upi,**** 6006,IDFC First,2025-07-04
PI01966,CUST01471,wallet,**** 1015,HDFC,2025-12-31
PI01967,CUST01472,card,**** 9232,Axis,2025-08-11
PI01968,CUST01473,wallet,**** 9592,Axis,2025-12-14
PI01969,CUST01474,upi,**** 9532,SBI,2024-09-20
PI01970,CUST01475,upi,**** 7581,SBI,2025-03-10
PI01971,CUST01475,upi,**** 6092,IDFC First,2024-12-14
PI01972,CUST01476,card,**** 8132,Yes Bank,2024-10-16
PI01973,CUST01476,card,**** 4566,SBI,2025-11-16
PI01974,CUST01477,card,**** 2831,Kotak,2026-05-13
PI01975,CUST01477,card,**** 8145,IDFC First,2024-12-26
PI01976,CUST01478,card,**** 2230,ICICI,2025-02-15
PI01977,CUST01479,card,**** 6007,Yes Bank,2025-08-01
PI01978,CUST01480,card,**** 5658,ICICI,2024-10-27
PI01979,CUST01481,upi,**** 9714,ICICI,2024-11-15
PI01980,CUST01481,card,**** 5610,Yes Bank,2026-06-08
PI01981,CUST01482,wallet,**** 2833,HDFC,2024-08-31
PI01982,CUST01483,wallet,**** 8315,ICICI,2025-04-15
PI01983,CUST01484,wallet,**** 5549,Kotak,2024-10-17
PI01984,CUST01485,wallet,**** 2581,Yes Bank,2024-12-09
PI01985,CUST01485,card,**** 9416,Yes Bank,2026-07-28
PI01986,CUST01486,card,**** 1326,HDFC,2026-08-07
PI01987,CUST01487,upi,**** 7918,Axis,2025-07-25
PI01988,CUST01488,wallet,**** 3754,Yes Bank,2025-03-10
PI01989,CUST01489,card,**** 1088,SBI,2025-12-29
PI01990,CUST01490,wallet,**** 3642,Kotak,2026-05-24
PI01991,CUST01491,card,**** 9912,Axis,2026-07-01
PI01992,CUST01492,card,**** 1063,SBI,2025-11-16
PI01993,CUST01493,card,**** 6351,IDFC First,2025-12-23
PI01994,CUST01493,card,**** 5426,ICICI,2024-09-26
PI01995,CUST01494,card,**** 1031,SBI,2025-05-14
PI01996,CUST01494,wallet,**** 3651,Axis,2024-11-15
PI01997,CUST01495,card,**** 2023,HDFC,2024-10-01
PI01998,CUST01495,upi,**** 7522,Kotak,2025-05-04
PI01999,CUST01496,upi,**** 3687,IDFC First,2025-03-27
PI02000,CUST01496,upi,**** 8145,ICICI,2024-11-10
PI02001,CUST01497,card,**** 4388,IDFC First,2024-08-25
PI02002,CUST01498,wallet,**** 7313,Yes Bank,2026-06-29
PI02003,CUST01498,card,**** 4514,IDFC First,2025-05-09
PI02004,CUST01499,upi,**** 2364,Kotak,2025-11-03
PI02005,CUST01500,wallet,**** 2868,Yes Bank,2026-06-01
PI02006,CUST01501,upi,**** 3900,Axis,2026-03-07
PI02007,CUST01501,upi,**** 2716,ICICI,2025-03-01
PI02008,CUST01502,wallet,**** 5992,IDFC First,2025-02-07
PI02009,CUST01503,card,**** 2218,ICICI,2025-01-26
PI02010,CUST01504,wallet,**** 9287,IDFC First,2026-02-02
PI02011,CUST01505,card,**** 4696,Yes Bank,2026-03-02
PI02012,CUST01506,card,**** 2624,Yes Bank,2024-11-13
PI02013,CUST01506,wallet,**** 9324,Yes Bank,2025-04-30
PI02014,CUST01507,upi,**** 4061,Axis,2025-08-21
PI02015,CUST01508,wallet,**** 2037,Kotak,2025-08-09
PI02016,CUST01508,upi,**** 6330,Yes Bank,2026-03-17
PI02017,CUST01509,wallet,**** 1324,Axis,2026-01-30
PI02018,CUST01509,upi,**** 9077,Axis,2024-08-22
PI02019,CUST01510,wallet,**** 1711,Axis,2025-10-07
PI02020,CUST01511,wallet,**** 7065,IDFC First,2026-07-06
PI02021,CUST01511,wallet,**** 3736,HDFC,2025-03-13
PI02022,CUST01512,wallet,**** 9563,HDFC,2026-06-10
PI02023,CUST01512,wallet,**** 5364,ICICI,2025-11-08
PI02024,CUST01513,wallet,**** 3087,Axis,2025-10-10
PI02025,CUST01514,upi,**** 7713,HDFC,2025-08-12
PI02026,CUST01514,upi,**** 9243,Yes Bank,2025-01-19
PI02027,CUST01515,upi,**** 7864,Kotak,2025-01-05
PI02028,CUST01516,wallet,**** 5046,Kotak,2026-06-25
PI02029,CUST01516,wallet,**** 5897,SBI,2026-08-06
PI02030,CUST01517,upi,**** 3919,Yes Bank,2026-05-04
PI02031,CUST01517,wallet,**** 1272,Yes Bank,2024-10-31
PI02032,CUST01518,card,**** 7402,Axis,2026-01-06
PI02033,CUST01518,upi,**** 7541,Kotak,2024-12-14
PI02034,CUST01519,card,**** 6798,Kotak,2025-03-29
PI02035,CUST01520,card,**** 6303,Axis,2025-01-31
PI02036,CUST01521,upi,**** 9310,Kotak,2025-10-11
PI02037,CUST01522,card,**** 6626,SBI,2026-07-20
PI02038,CUST01522,card,**** 5470,Yes Bank,2025-06-16
PI02039,CUST01523,wallet,**** 1147,IDFC First,2026-02-05
PI02040,CUST01524,wallet,**** 5880,ICICI,2025-01-26
PI02041,CUST01525,wallet,**** 1368,Axis,2025-11-10
PI02042,CUST01525,upi,**** 8785,ICICI,2025-11-28
PI02043,CUST01526,upi,**** 7931,Kotak,2025-02-21
PI02044,CUST01526,upi,**** 2031,IDFC First,2025-06-09
PI02045,CUST01527,wallet,**** 7493,Axis,2024-12-27
PI02046,CUST01528,wallet,**** 1063,Kotak,2024-09-04
PI02047,CUST01529,upi,**** 6029,Yes Bank,2026-05-17
PI02048,CUST01529,wallet,**** 9159,SBI,2025-04-09
PI02049,CUST01530,upi,**** 5656,Axis,2026-06-11
PI02050,CUST01530,upi,**** 2233,Kotak,2026-04-22
PI02051,CUST01531,wallet,**** 9258,IDFC First,2026-01-02
PI02052,CUST01532,card,**** 7733,Axis,2024-09-21
PI02053,CUST01533,upi,**** 8509,Kotak,2026-01-18
PI02054,CUST01534,upi,**** 4379,Axis,2024-12-17
PI02055,CUST01534,wallet,**** 9788,IDFC First,2025-11-19
PI02056,CUST01535,card,**** 7239,SBI,2026-01-28
PI02057,CUST01535,wallet,**** 9744,HDFC,2025-05-22
PI02058,CUST01536,upi,**** 6177,HDFC,2025-04-06
PI02059,CUST01537,card,**** 9433,IDFC First,2026-04-06
PI02060,CUST01537,upi,**** 1162,SBI,2026-02-24
PI02061,CUST01538,card,**** 1514,ICICI,2026-04-12
PI02062,CUST01539,card,**** 8515,HDFC,2025-01-27
PI02063,CUST01540,upi,**** 5749,Kotak,2024-12-11
PI02064,CUST01541,card,**** 1296,IDFC First,2025-02-09
PI02065,CUST01541,wallet,**** 3935,SBI,2025-03-10
PI02066,CUST01542,upi,**** 6874,Kotak,2026-03-02
PI02067,CUST01542,card,**** 4628,HDFC,2025-03-04
PI02068,CUST01543,wallet,**** 4112,IDFC First,2025-10-31
PI02069,CUST01543,wallet,**** 1674,SBI,2025-09-15
PI02070,CUST01544,upi,**** 9861,Kotak,2026-01-06
PI02071,CUST01545,wallet,**** 8761,SBI,2026-02-18
PI02072,CUST01546,card,**** 6695,Axis,2024-10-31
PI02073,CUST01546,card,**** 1238,ICICI,2025-02-09
PI02074,CUST01547,upi,**** 1208,HDFC,2025-08-06
PI02075,CUST01548,card,**** 1752,Yes Bank,2024-10-04
PI02076,CUST01549,wallet,**** 7395,IDFC First,2025-10-10
PI02077,CUST01550,upi,**** 2668,Kotak,2025-01-05
PI02078,CUST01550,wallet,**** 6830,Yes Bank,2025-09-09
PI02079,CUST01551,card,**** 6856,Axis,2025-03-31
PI02080,CUST01552,card,**** 5277,IDFC First,2024-11-29
PI02081,CUST01553,card,**** 8180,Kotak,2026-01-12
PI02082,CUST01553,wallet,**** 5820,Axis,2026-08-06
PI02083,CUST01554,wallet,**** 1848,Kotak,2026-07-27
PI02084,CUST01555,wallet,**** 1319,Yes Bank,2025-06-07
PI02085,CUST01556,wallet,**** 8734,ICICI,2025-12-22
PI02086,CUST01557,wallet,**** 1572,HDFC,2025-04-07
PI02087,CUST01558,wallet,**** 4343,Axis,2026-06-07
PI02088,CUST01559,wallet,**** 3013,HDFC,2026-05-29
PI02089,CUST01560,upi,**** 5843,SBI,2024-09-06
PI02090,CUST01561,card,**** 1708,Axis,2025-12-08
PI02091,CUST01562,upi,**** 6618,Axis,2026-07-01
PI02092,CUST01563,upi,**** 7131,ICICI,2026-01-20
PI02093,CUST01563,upi,**** 1632,Axis,2026-03-02
PI02094,CUST01564,card,**** 2914,SBI,2026-07-19
PI02095,CUST01565,wallet,**** 8146,IDFC First,2025-07-22
PI02096,CUST01566,card,**** 6167,Axis,2025-09-11
PI02097,CUST01567,card,**** 3962,HDFC,2025-09-20
PI02098,CUST01568,card,**** 6435,ICICI,2026-02-14
PI02099,CUST01568,card,**** 5831,Axis,2025-12-15
PI02100,CUST01569,upi,**** 9174,SBI,2025-06-14
PI02101,CUST01570,upi,**** 5973,Kotak,2024-09-13
PI02102,CUST01571,wallet,**** 6335,SBI,2026-05-03
PI02103,CUST01572,card,**** 8161,SBI,2024-12-16
PI02104,CUST01572,card,**** 2579,IDFC First,2024-10-08
PI02105,CUST01573,wallet,**** 4690,SBI,2024-11-13
PI02106,CUST01574,upi,**** 2340,ICICI,2025-01-04
PI02107,CUST01575,upi,**** 6696,ICICI,2025-08-23
PI02108,CUST01576,card,**** 1923,HDFC,2025-12-10
PI02109,CUST01577,card,**** 7461,ICICI,2025-10-03
PI02110,CUST01577,wallet,**** 4028,HDFC,2024-11-20
PI02111,CUST01578,wallet,**** 8738,ICICI,2025-04-06
PI02112,CUST01579,card,**** 8590,Axis,2026-05-30
PI02113,CUST01579,card,**** 7973,IDFC First,2025-06-09
PI02114,CUST01580,wallet,**** 9938,Yes Bank,2025-01-01
PI02115,CUST01581,wallet,**** 6677,Kotak,2026-02-01
PI02116,CUST01582,wallet,**** 6263,Kotak,2025-01-11
PI02117,CUST01583,card,**** 3964,Kotak,2025-05-02
PI02118,CUST01584,upi,**** 3790,Yes Bank,2024-10-05
PI02119,CUST01584,upi,**** 3292,Yes Bank,2025-01-02
PI02120,CUST01585,card,**** 7653,HDFC,2025-12-03
PI02121,CUST01586,upi,**** 9015,SBI,2025-03-13
PI02122,CUST01586,wallet,**** 2376,Axis,2026-02-26
PI02123,CUST01587,card,**** 6504,HDFC,2025-08-19
PI02124,CUST01588,wallet,**** 1772,SBI,2024-08-26
PI02125,CUST01588,upi,**** 2519,SBI,2025-07-17
PI02126,CUST01589,upi,**** 6034,SBI,2025-05-11
PI02127,CUST01590,card,**** 6998,Yes Bank,2026-05-30
PI02128,CUST01591,upi,**** 3312,SBI,2025-08-14
PI02129,CUST01592,wallet,**** 5846,HDFC,2025-10-06
PI02130,CUST01593,card,**** 6839,Kotak,2024-09-27
PI02131,CUST01594,wallet,**** 8527,ICICI,2026-05-16
PI02132,CUST01595,upi,**** 4328,HDFC,2026-08-11
PI02133,CUST01596,card,**** 9000,Kotak,2026-02-15
PI02134,CUST01597,card,**** 4641,ICICI,2026-06-16
PI02135,CUST01597,card,**** 9681,ICICI,2025-07-14
PI02136,CUST01598,card,**** 2124,Yes Bank,2025-05-13
PI02137,CUST01599,card,**** 9538,Kotak,2026-06-26
PI02138,CUST01600,upi,**** 1613,Kotak,2024-12-27
PI02139,CUST01601,wallet,**** 9764,ICICI,2025-10-14
PI02140,CUST01602,card,**** 6777,IDFC First,2024-11-05
PI02141,CUST01602,card,**** 8862,Kotak,2026-05-17
PI02142,CUST01603,card,**** 1157,SBI,2026-04-06
PI02143,CUST01604,upi,**** 4013,SBI,2026-02-07
PI02144,CUST01604,wallet,**** 2025,SBI,2026-06-06
PI02145,CUST01605,card,**** 8293,Yes Bank,2025-05-21
PI02146,CUST01606,upi,**** 6352,IDFC First,2025-09-25
PI02147,CUST01607,card,**** 6364,Yes Bank,2025-10-13
PI02148,CUST01607,card,**** 8907,IDFC First,2026-02-25
PI02149,CUST01608,card,**** 2663,Kotak,2026-07-02
PI02150,CUST01608,wallet,**** 2759,SBI,2025-07-28
PI02151,CUST01609,wallet,**** 8837,ICICI,2025-03-02
PI02152,CUST01610,upi,**** 7250,Axis,2025-08-09
PI02153,CUST01611,wallet,**** 8851,Axis,2026-04-12
PI02154,CUST01612,upi,**** 3663,Kotak,2025-02-19
PI02155,CUST01612,upi,**** 2069,SBI,2025-03-28
PI02156,CUST01613,card,**** 7488,ICICI,2026-02-01
PI02157,CUST01614,wallet,**** 5209,Axis,2026-04-09
PI02158,CUST01614,wallet,**** 8045,SBI,2025-04-05
PI02159,CUST01615,card,**** 1475,Yes Bank,2025-09-03
PI02160,CUST01616,card,**** 1790,Kotak,2026-08-22
PI02161,CUST01617,wallet,**** 6575,Axis,2025-03-21
PI02162,CUST01617,card,**** 1277,Kotak,2025-05-25
PI02163,CUST01618,wallet,**** 6576,ICICI,2024-09-12
PI02164,CUST01619,wallet,**** 2392,Kotak,2025-10-09
PI02165,CUST01620,upi,**** 9553,SBI,2024-11-19
PI02166,CUST01620,upi,**** 3788,Yes Bank,2025-07-14
PI02167,CUST01621,upi,**** 5537,Yes Bank,2026-06-13
PI02168,CUST01622,wallet,**** 5874,Kotak,2025-04-09
PI02169,CUST01622,wallet,**** 8500,Kotak,2026-01-11
PI02170,CUST01623,upi,**** 3796,Kotak,2025-08-19
PI02171,CUST01624,upi,**** 6383,Yes Bank,2026-01-15
PI02172,CUST01625,wallet,**** 6710,IDFC First,2026-08-15
PI02173,CUST01625,wallet,**** 3071,Kotak,2025-10-04
PI02174,CUST01626,card,**** 1841,ICICI,2025-11-07
PI02175,CUST01626,card,**** 2170,Axis,2025-03-11
PI02176,CUST01627,wallet,**** 8581,Yes Bank,2025-02-26
PI02177,CUST01627,wallet,**** 2212,IDFC First,2026-02-24
PI02178,CUST01628,upi,**** 9664,Kotak,2025-05-28
PI02179,CUST01629,wallet,**** 8403,HDFC,2026-03-12
PI02180,CUST01630,card,**** 6376,IDFC First,2025-06-08
PI02181,CUST01631,wallet,**** 5902,SBI,2025-09-27
PI02182,CUST01631,upi,**** 2620,IDFC First,2025-01-18
PI02183,CUST01632,card,**** 7970,Axis,2025-02-23
PI02184,CUST01633,wallet,**** 7409,Kotak,2025-12-27
PI02185,CUST01634,card,**** 3985,Yes Bank,2025-10-08
PI02186,CUST01635,wallet,**** 1486,ICICI,2025-08-06
PI02187,CUST01636,wallet,**** 6598,IDFC First,2026-03-05
PI02188,CUST01636,upi,**** 9787,HDFC,2024-11-14
PI02189,CUST01637,wallet,**** 5026,Kotak,2026-02-26
PI02190,CUST01638,wallet,**** 2307,SBI,2025-02-03
PI02191,CUST01639,wallet,**** 1186,IDFC First,2025-01-16
PI02192,CUST01640,wallet,**** 3734,IDFC First,2024-09-24
PI02193,CUST01641,upi,**** 8667,Kotak,2025-02-25
PI02194,CUST01642,upi,**** 6171,ICICI,2024-11-16
PI02195,CUST01643,upi,**** 7929,Kotak,2025-03-06
PI02196,CUST01643,card,**** 4621,IDFC First,2026-02-10
PI02197,CUST01644,card,**** 6129,Yes Bank,2026-01-02
PI02198,CUST01645,wallet,**** 1338,IDFC First,2025-03-05
PI02199,CUST01645,wallet,**** 8613,Yes Bank,2024-09-26
PI02200,CUST01646,wallet,**** 6216,ICICI,2025-06-05
PI02201,CUST01647,wallet,**** 7464,HDFC,2025-07-05
PI02202,CUST01648,wallet,**** 2991,HDFC,2026-08-21
PI02203,CUST01648,wallet,**** 4950,IDFC First,2025-10-27
PI02204,CUST01649,card,**** 1170,ICICI,2025-08-16
PI02205,CUST01649,wallet,**** 3058,IDFC First,2025-01-12
PI02206,CUST01650,upi,**** 6036,ICICI,2025-01-13
PI02207,CUST01650,wallet,**** 6163,SBI,2025-08-09
PI02208,CUST01651,card,**** 7989,HDFC,2025-09-21
PI02209,CUST01652,card,**** 9701,SBI,2024-10-22
PI02210,CUST01652,wallet,**** 2655,IDFC First,2025-07-23
PI02211,CUST01653,wallet,**** 3015,HDFC,2026-01-23
PI02212,CUST01653,upi,**** 6369,HDFC,2025-02-19
PI02213,CUST01654,upi,**** 4476,Yes Bank,2025-12-16
PI02214,CUST01655,card,**** 7561,HDFC,2026-02-07
PI02215,CUST01656,wallet,**** 9698,Axis,2025-05-05
PI02216,CUST01657,upi,**** 7587,ICICI,2025-02-06
PI02217,CUST01658,card,**** 4555,Yes Bank,2026-07-25
PI02218,CUST01659,wallet,**** 7569,Kotak,2026-03-04
PI02219,CUST01660,card,**** 6787,ICICI,2026-08-15
PI02220,CUST01661,card,**** 1116,Yes Bank,2026-05-15
PI02221,CUST01661,upi,**** 9921,SBI,2026-04-27
PI02222,CUST01662,card,**** 7008,Yes Bank,2026-06-22
PI02223,CUST01663,upi,**** 5035,HDFC,2025-05-17
PI02224,CUST01664,upi,**** 7321,IDFC First,2025-03-24
PI02225,CUST01664,upi,**** 4922,Kotak,2025-02-20
PI02226,CUST01665,wallet,**** 4046,SBI,2025-01-07
PI02227,CUST01666,card,**** 2659,Axis,2026-02-25
PI02228,CUST01667,card,**** 7437,Yes Bank,2025-02-02
PI02229,CUST01668,card,**** 3195,IDFC First,2025-05-18
PI02230,CUST01668,wallet,**** 4931,Axis,2024-11-01
PI02231,CUST01669,card,**** 8486,HDFC,2025-12-12
PI02232,CUST01670,wallet,**** 7911,IDFC First,2025-02-05
PI02233,CUST01671,upi,**** 7715,HDFC,2025-12-27
PI02234,CUST01671,upi,**** 5085,SBI,2025-11-26
PI02235,CUST01672,wallet,**** 2346,Axis,2026-06-01
PI02236,CUST01673,upi,**** 2125,IDFC First,2026-02-13
PI02237,CUST01674,wallet,**** 7753,HDFC,2026-01-19
PI02238,CUST01674,card,**** 2717,Kotak,2025-04-02
PI02239,CUST01675,upi,**** 6297,Yes Bank,2026-02-21
PI02240,CUST01675,card,**** 6484,Kotak,2025-08-06
PI02241,CUST01676,upi,**** 7710,IDFC First,2025-02-16
PI02242,CUST01676,upi,**** 1702,SBI,2026-03-22
PI02243,CUST01677,card,**** 4095,Yes Bank,2025-02-20
PI02244,CUST01678,wallet,**** 1020,ICICI,2024-12-18
PI02245,CUST01678,upi,**** 4506,HDFC,2026-03-01
PI02246,CUST01679,card,**** 8972,Axis,2025-02-15
PI02247,CUST01680,upi,**** 3200,IDFC First,2026-08-12
PI02248,CUST01681,card,**** 5313,Yes Bank,2024-12-24
PI02249,CUST01681,upi,**** 5433,Axis,2026-02-03
PI02250,CUST01682,wallet,**** 4766,Kotak,2025-01-30
PI02251,CUST01683,card,**** 1354,Kotak,2026-02-20
PI02252,CUST01684,wallet,**** 1735,Axis,2025-03-23
PI02253,CUST01685,upi,**** 5261,Yes Bank,2026-01-12
PI02254,CUST01686,wallet,**** 1058,Kotak,2025-09-04
PI02255,CUST01686,card,**** 3836,Kotak,2026-04-13
PI02256,CUST01687,upi,**** 9341,Axis,2025-11-04
PI02257,CUST01687,upi,**** 6241,IDFC First,2025-10-21
PI02258,CUST01688,card,**** 4885,IDFC First,2024-10-21
PI02259,CUST01689,wallet,**** 8433,ICICI,2024-09-14
PI02260,CUST01690,card,**** 8430,SBI,2026-07-30
PI02261,CUST01691,card,**** 7960,IDFC First,2024-12-21
PI02262,CUST01692,wallet,**** 2963,IDFC First,2026-08-11
PI02263,CUST01692,card,**** 7287,IDFC First,2026-03-27
PI02264,CUST01693,wallet,**** 1575,ICICI,2025-12-26
PI02265,CUST01694,card,**** 9255,IDFC First,2026-04-23
PI02266,CUST01695,card,**** 9310,Axis,2026-05-30
PI02267,CUST01695,card,**** 9984,Axis,2026-03-03
PI02268,CUST01696,wallet,**** 6884,Kotak,2026-08-07
PI02269,CUST01697,wallet,**** 4834,ICICI,2026-04-12
PI02270,CUST01698,upi,**** 8780,Axis,2025-06-15
PI02271,CUST01699,upi,**** 2544,ICICI,2024-11-28
PI02272,CUST01700,card,**** 1204,Kotak,2025-10-29
PI02273,CUST01700,card,**** 6719,ICICI,2025-11-22
PI02274,CUST01701,wallet,**** 7867,HDFC,2026-03-27
PI02275,CUST01701,card,**** 9928,ICICI,2025-05-22
PI02276,CUST01702,card,**** 6712,SBI,2025-02-03
PI02277,CUST01703,card,**** 5292,HDFC,2026-04-14
PI02278,CUST01704,card,**** 4811,HDFC,2024-09-06
PI02279,CUST01704,wallet,**** 1570,Yes Bank,2024-09-14
PI02280,CUST01705,upi,**** 8376,Axis,2025-01-10
PI02281,CUST01705,card,**** 1119,SBI,2026-04-15
PI02282,CUST01706,card,**** 1322,HDFC,2025-08-11
PI02283,CUST01707,wallet,**** 9105,Yes Bank,2024-09-12
PI02284,CUST01707,wallet,**** 5458,HDFC,2025-06-10
PI02285,CUST01708,card,**** 3614,SBI,2024-09-10
PI02286,CUST01708,upi,**** 4935,IDFC First,2026-01-07
PI02287,CUST01709,wallet,**** 2233,HDFC,2026-07-29
PI02288,CUST01709,wallet,**** 8908,Yes Bank,2025-11-07
PI02289,CUST01710,upi,**** 2618,Yes Bank,2024-11-21
PI02290,CUST01710,card,**** 3362,IDFC First,2026-01-18
PI02291,CUST01711,wallet,**** 8628,HDFC,2025-06-04
PI02292,CUST01712,wallet,**** 8776,ICICI,2026-07-02
PI02293,CUST01712,wallet,**** 7386,SBI,2026-05-12
PI02294,CUST01713,upi,**** 4353,ICICI,2025-10-30
PI02295,CUST01713,card,**** 7114,HDFC,2026-07-23
PI02296,CUST01714,upi,**** 3361,ICICI,2025-12-26
PI02297,CUST01715,card,**** 5342,IDFC First,2025-09-20
PI02298,CUST01716,wallet,**** 4505,ICICI,2025-06-25
PI02299,CUST01716,upi,**** 2633,HDFC,2025-01-10
PI02300,CUST01717,wallet,**** 1845,HDFC,2026-06-04
PI02301,CUST01717,card,**** 6004,Axis,2026-04-23
PI02302,CUST01718,upi,**** 2625,Yes Bank,2025-07-01
PI02303,CUST01718,upi,**** 4524,HDFC,2024-09-16
PI02304,CUST01719,card,**** 3446,Kotak,2025-06-09
PI02305,CUST01720,upi,**** 3782,HDFC,2026-04-15
PI02306,CUST01721,card,**** 1520,Kotak,2024-09-19
PI02307,CUST01722,card,**** 7404,IDFC First,2026-05-20
PI02308,CUST01723,wallet,**** 3220,HDFC,2025-12-21
PI02309,CUST01724,upi,**** 4220,Axis,2025-09-15
PI02310,CUST01724,wallet,**** 1510,HDFC,2025-02-20
PI02311,CUST01725,upi,**** 8795,Kotak,2026-04-20
PI02312,CUST01726,card,**** 1981,HDFC,2025-07-11
PI02313,CUST01727,card,**** 3237,SBI,2025-02-10
PI02314,CUST01728,card,**** 1425,IDFC First,2025-09-26
PI02315,CUST01728,upi,**** 4542,Kotak,2025-01-13
PI02316,CUST01729,card,**** 4104,IDFC First,2026-04-05
PI02317,CUST01730,wallet,**** 8396,ICICI,2025-09-22
PI02318,CUST01731,card,**** 2788,ICICI,2026-07-30
PI02319,CUST01732,upi,**** 1675,Yes Bank,2026-02-27
PI02320,CUST01732,wallet,**** 8743,HDFC,2025-08-30
PI02321,CUST01733,upi,**** 9120,ICICI,2025-05-11
PI02322,CUST01733,card,**** 2965,HDFC,2026-08-17
PI02323,CUST01734,upi,**** 5576,Yes Bank,2024-11-22
PI02324,CUST01735,card,**** 9126,HDFC,2025-09-30
PI02325,CUST01736,card,**** 9964,IDFC First,2025-04-19
PI02326,CUST01736,card,**** 8765,IDFC First,2026-04-20
PI02327,CUST01737,upi,**** 5207,SBI,2025-07-10
PI02328,CUST01738,upi,**** 1881,ICICI,2024-12-09
PI02329,CUST01739,upi,**** 5802,IDFC First,2025-09-24
PI02330,CUST01740,card,**** 6907,ICICI,2025-07-14
PI02331,CUST01741,wallet,**** 7509,HDFC,2026-07-27
PI02332,CUST01742,upi,**** 3966,ICICI,2024-12-18
PI02333,CUST01743,upi,**** 2348,ICICI,2025-12-30
PI02334,CUST01743,wallet,**** 1278,Kotak,2025-05-16
PI02335,CUST01744,upi,**** 8308,IDFC First,2025-05-23
PI02336,CUST01745,card,**** 7157,Kotak,2025-12-26
PI02337,CUST01746,card,**** 3992,Axis,2025-04-04
PI02338,CUST01747,wallet,**** 6785,SBI,2026-04-05
PI02339,CUST01747,card,**** 4680,ICICI,2025-03-25
PI02340,CUST01748,upi,**** 2292,Yes Bank,2024-12-13
PI02341,CUST01749,wallet,**** 5916,Yes Bank,2025-09-06
PI02342,CUST01750,card,**** 3194,SBI,2024-11-06
PI02343,CUST01750,upi,**** 6883,Kotak,2026-03-14
PI02344,CUST01751,upi,**** 2834,Axis,2024-09-14
PI02345,CUST01751,card,**** 3153,HDFC,2026-08-13
PI02346,CUST01752,wallet,**** 2809,SBI,2026-05-24
PI02347,CUST01753,wallet,**** 2489,ICICI,2025-02-03
PI02348,CUST01753,upi,**** 9855,Axis,2024-10-03
PI02349,CUST01754,upi,**** 9779,Axis,2024-12-24
PI02350,CUST01754,upi,**** 8847,Kotak,2025-12-14
PI02351,CUST01755,wallet,**** 7902,ICICI,2025-08-28
PI02352,CUST01756,upi,**** 7215,HDFC,2025-08-23
PI02353,CUST01757,wallet,**** 9610,SBI,2025-06-24
PI02354,CUST01758,upi,**** 5240,HDFC,2024-10-22
PI02355,CUST01759,wallet,**** 4780,Axis,2025-05-20
PI02356,CUST01759,wallet,**** 2451,Kotak,2025-07-24
PI02357,CUST01760,wallet,**** 1532,Axis,2024-10-13
PI02358,CUST01761,wallet,**** 3140,HDFC,2025-04-22
PI02359,CUST01762,upi,**** 1714,HDFC,2026-08-17
PI02360,CUST01763,wallet,**** 9668,IDFC First,2026-07-14
PI02361,CUST01764,upi,**** 3094,IDFC First,2025-03-10
PI02362,CUST01765,upi,**** 4775,SBI,2025-05-24
PI02363,CUST01766,upi,**** 9353,Axis,2025-08-15
PI02364,CUST01766,upi,**** 8357,HDFC,2025-11-29
PI02365,CUST01767,card,**** 2921,ICICI,2025-07-06
PI02366,CUST01767,wallet,**** 9647,Axis,2025-11-30
PI02367,CUST01768,upi,**** 8072,ICICI,2026-05-27
PI02368,CUST01769,wallet,**** 1159,ICICI,2024-09-20
PI02369,CUST01770,card,**** 4265,Yes Bank,2025-09-24
PI02370,CUST01771,upi,**** 3431,IDFC First,2025-02-09
PI02371,CUST01771,card,**** 6886,SBI,2026-03-30
PI02372,CUST01772,card,**** 4568,HDFC,2026-05-26
PI02373,CUST01773,card,**** 1297,Kotak,2025-07-20
PI02374,CUST01774,upi,**** 5074,IDFC First,2024-11-21
PI02375,CUST01774,upi,**** 7607,Axis,2026-01-19
PI02376,CUST01775,wallet,**** 2822,Kotak,2025-08-22
PI02377,CUST01776,card,**** 9456,Kotak,2026-02-04
PI02378,CUST01777,wallet,**** 2474,HDFC,2026-06-22
PI02379,CUST01777,upi,**** 2951,Axis,2026-04-16
PI02380,CUST01778,card,**** 2512,Axis,2025-02-07
PI02381,CUST01779,wallet,**** 3494,IDFC First,2025-08-12
PI02382,CUST01779,card,**** 3275,Yes Bank,2024-11-10
PI02383,CUST01780,card,**** 8483,Yes Bank,2024-10-12
PI02384,CUST01781,wallet,**** 9715,IDFC First,2024-11-17
PI02385,CUST01781,wallet,**** 8533,Yes Bank,2026-06-14
PI02386,CUST01782,wallet,**** 1732,Axis,2026-07-31
PI02387,CUST01782,card,**** 9876,IDFC First,2026-05-13
PI02388,CUST01783,upi,**** 5918,Kotak,2026-05-12
PI02389,CUST01783,card,**** 9972,Axis,2026-03-18
PI02390,CUST01784,upi,**** 7365,ICICI,2026-01-04
PI02391,CUST01785,card,**** 1377,Kotak,2026-08-18
PI02392,CUST01786,wallet,**** 5543,Yes Bank,2025-07-20
PI02393,CUST01786,card,**** 5080,Axis,2025-04-14
PI02394,CUST01787,card,**** 5002,Axis,2026-08-21
PI02395,CUST01788,card,**** 9575,HDFC,2025-12-10
PI02396,CUST01789,card,**** 7051,Yes Bank,2026-03-05
PI02397,CUST01790,upi,**** 9212,ICICI,2025-05-09
PI02398,CUST01791,upi,**** 3458,HDFC,2025-03-23
PI02399,CUST01791,card,**** 5256,IDFC First,2025-03-06
PI02400,CUST01792,card,**** 2120,SBI,2025-09-28
PI02401,CUST01792,card,**** 6307,IDFC First,2026-01-16
PI02402,CUST01793,upi,**** 7764,Axis,2026-06-29
PI02403,CUST01794,upi,**** 6269,Axis,2025-08-09
PI02404,CUST01795,wallet,**** 5102,SBI,2024-10-02
PI02405,CUST01795,wallet,**** 5478,IDFC First,2026-05-14
PI02406,CUST01796,upi,**** 8235,ICICI,2025-08-12
PI02407,CUST01797,card,**** 2564,HDFC,2025-06-21
PI02408,CUST01797,wallet,**** 3260,SBI,2025-05-11
PI02409,CUST01798,wallet,**** 1262,IDFC First,2025-10-01
PI02410,CUST01798,card,**** 9832,HDFC,2026-08-20
PI02411,CUST01799,wallet,**** 3493,ICICI,2025-12-05
PI02412,CUST01799,wallet,**** 4645,Kotak,2026-04-22
PI02413,CUST01800,wallet,**** 5734,HDFC,2025-02-27
PI02414,CUST01801,upi,**** 3305,HDFC,2025-08-23
PI02415,CUST01802,upi,**** 9205,HDFC,2026-07-04
PI02416,CUST01802,upi,**** 5293,Yes Bank,2026-06-04
PI02417,CUST01803,card,**** 8660,ICICI,2024-09-27
PI02418,CUST01804,wallet,**** 4156,Axis,2024-09-14
PI02419,CUST01805,card,**** 4641,SBI,2025-09-15
PI02420,CUST01806,card,**** 1137,SBI,2024-08-24
PI02421,CUST01807,card,**** 2551,IDFC First,2025-10-14
PI02422,CUST01808,card,**** 6439,HDFC,2025-03-23
PI02423,CUST01808,wallet,**** 2903,Yes Bank,2025-10-26
PI02424,CUST01809,card,**** 3894,IDFC First,2025-05-17
PI02425,CUST01810,upi,**** 6668,Kotak,2025-11-28
PI02426,CUST01810,card,**** 5699,Yes Bank,2026-03-07
PI02427,CUST01811,card,**** 1519,HDFC,2026-01-27
PI02428,CUST01812,wallet,**** 3832,ICICI,2024-12-05
PI02429,CUST01813,upi,**** 7987,Axis,2026-06-26
PI02430,CUST01814,card,**** 2396,ICICI,2026-04-11
PI02431,CUST01815,card,**** 9558,ICICI,2025-11-29
PI02432,CUST01815,upi,**** 2419,HDFC,2024-10-31
PI02433,CUST01816,wallet,**** 3879,ICICI,2025-07-14
PI02434,CUST01817,wallet,**** 7999,HDFC,2024-10-25
PI02435,CUST01818,card,**** 3049,HDFC,2025-01-27
PI02436,CUST01819,upi,**** 9722,Yes Bank,2024-10-05
PI02437,CUST01819,upi,**** 1188,Axis,2025-03-11
PI02438,CUST01820,upi,**** 8130,IDFC First,2025-07-12
PI02439,CUST01820,upi,**** 4676,IDFC First,2024-09-25
PI02440,CUST01821,upi,**** 6112,Axis,2025-05-10
PI02441,CUST01821,wallet,**** 1753,SBI,2025-10-08
PI02442,CUST01822,card,**** 3364,Axis,2026-07-14
PI02443,CUST01822,upi,**** 4584,IDFC First,2024-08-31
PI02444,CUST01823,upi,**** 7272,IDFC First,2024-12-17
PI02445,CUST01823,card,**** 2754,Kotak,2025-04-19
PI02446,CUST01824,upi,**** 4876,HDFC,2026-07-23
PI02447,CUST01825,upi,**** 4358,Yes Bank,2024-10-26
PI02448,CUST01826,upi,**** 3439,SBI,2026-01-10
PI02449,CUST01827,upi,**** 7911,HDFC,2026-07-28
PI02450,CUST01828,upi,**** 9761,ICICI,2026-01-18
PI02451,CUST01829,upi,**** 2663,Yes Bank,2026-05-13
PI02452,CUST01830,card,**** 8517,Yes Bank,2025-03-20
PI02453,CUST01830,card,**** 7459,Axis,2026-05-30
PI02454,CUST01831,wallet,**** 7422,IDFC First,2025-02-07
PI02455,CUST01832,wallet,**** 7347,SBI,2025-08-28
PI02456,CUST01833,upi,**** 3500,IDFC First,2026-08-18
PI02457,CUST01833,card,**** 5522,HDFC,2025-10-12
PI02458,CUST01834,upi,**** 7697,IDFC First,2024-08-30
PI02459,CUST01834,wallet,**** 8241,Kotak,2026-04-26
PI02460,CUST01835,wallet,**** 5807,Axis,2025-06-28
PI02461,CUST01836,card,**** 3615,Kotak,2026-01-07
PI02462,CUST01837,wallet,**** 4402,SBI,2025-01-02
PI02463,CUST01838,card,**** 7763,HDFC,2025-01-21
PI02464,CUST01839,upi,**** 9201,Kotak,2025-11-25
PI02465,CUST01839,upi,**** 5937,ICICI,2026-06-22
PI02466,CUST01840,card,**** 6131,IDFC First,2026-06-03
PI02467,CUST01841,card,**** 6039,HDFC,2026-02-12
PI02468,CUST01842,wallet,**** 7869,Yes Bank,2024-10-13
PI02469,CUST01843,wallet,**** 3496,HDFC,2026-08-02
PI02470,CUST01844,card,**** 6509,IDFC First,2026-07-07
PI02471,CUST01845,upi,**** 5141,Kotak,2025-06-25
PI02472,CUST01845,wallet,**** 6837,ICICI,2025-01-14
PI02473,CUST01846,upi,**** 3819,HDFC,2024-10-06
PI02474,CUST01847,wallet,**** 5528,IDFC First,2024-10-31
PI02475,CUST01848,wallet,**** 2440,IDFC First,2025-04-28
PI02476,CUST01849,card,**** 9078,IDFC First,2025-02-13
PI02477,CUST01850,wallet,**** 2315,Kotak,2026-02-16
PI02478,CUST01851,upi,**** 5080,HDFC,2025-06-16
PI02479,CUST01852,upi,**** 4825,SBI,2025-06-09
PI02480,CUST01852,card,**** 6527,Yes Bank,2025-07-29
PI02481,CUST01853,upi,**** 9199,IDFC First,2025-05-14
PI02482,CUST01853,wallet,**** 3928,Yes Bank,2026-04-30
PI02483,CUST01854,wallet,**** 9467,SBI,2025-09-06
PI02484,CUST01855,upi,**** 9795,HDFC,2025-04-13
PI02485,CUST01855,upi,**** 7638,SBI,2025-02-28
PI02486,CUST01856,upi,**** 2611,IDFC First,2025-03-18
PI02487,CUST01857,card,**** 3977,HDFC,2025-06-27
PI02488,CUST01858,upi,**** 6095,ICICI,2024-12-24
PI02489,CUST01859,wallet,**** 5570,HDFC,2025-11-24
PI02490,CUST01859,wallet,**** 4055,ICICI,2025-01-29
PI02491,CUST01860,card,**** 7577,HDFC,2025-06-30
PI02492,CUST01861,wallet,**** 9648,Axis,2026-05-25
PI02493,CUST01862,card,**** 9137,ICICI,2024-09-27
PI02494,CUST01863,wallet,**** 9277,Axis,2025-02-12
PI02495,CUST01864,card,**** 4319,ICICI,2026-06-15
PI02496,CUST01865,wallet,**** 4303,HDFC,2026-05-28
PI02497,CUST01866,upi,**** 1810,HDFC,2025-01-19
PI02498,CUST01866,card,**** 5522,HDFC,2026-01-19
PI02499,CUST01867,card,**** 5879,Axis,2025-07-28
PI02500,CUST01868,card,**** 2752,IDFC First,2024-12-08
PI02501,CUST01869,upi,**** 2620,Kotak,2024-09-18
PI02502,CUST01869,upi,**** 7798,HDFC,2026-07-08
PI02503,CUST01870,card,**** 7356,ICICI,2025-11-17
PI02504,CUST01870,upi,**** 1834,Yes Bank,2025-08-29
PI02505,CUST01871,upi,**** 2614,Kotak,2025-06-19
PI02506,CUST01871,wallet,**** 5667,IDFC First,2026-04-14
PI02507,CUST01872,upi,**** 9583,SBI,2025-04-06
PI02508,CUST01872,upi,**** 1154,Yes Bank,2026-03-27
PI02509,CUST01873,card,**** 4375,Axis,2026-02-18
PI02510,CUST01874,card,**** 6532,Kotak,2025-02-28
PI02511,CUST01875,wallet,**** 2955,HDFC,2025-01-04
PI02512,CUST01876,card,**** 9658,Yes Bank,2025-01-11
PI02513,CUST01877,wallet,**** 1056,Axis,2025-06-20
PI02514,CUST01878,upi,**** 1921,Yes Bank,2026-05-06
PI02515,CUST01879,upi,**** 2834,Axis,2026-04-04
PI02516,CUST01880,upi,**** 1450,Kotak,2025-12-05
PI02517,CUST01881,wallet,**** 2819,IDFC First,2025-12-08
PI02518,CUST01881,wallet,**** 8700,IDFC First,2025-10-21
PI02519,CUST01882,card,**** 4322,Yes Bank,2025-08-17
PI02520,CUST01883,wallet,**** 7294,SBI,2025-01-01
PI02521,CUST01883,upi,**** 9034,IDFC First,2026-02-25
PI02522,CUST01884,wallet,**** 4243,Axis,2025-03-09
PI02523,CUST01885,card,**** 1660,Axis,2026-04-13
PI02524,CUST01886,wallet,**** 2737,HDFC,2025-09-29
PI02525,CUST01887,upi,**** 9962,HDFC,2026-05-15
PI02526,CUST01888,wallet,**** 9995,SBI,2024-10-26
PI02527,CUST01888,upi,**** 8627,IDFC First,2024-09-23
PI02528,CUST01889,card,**** 1241,ICICI,2025-08-30
PI02529,CUST01889,wallet,**** 5208,Yes Bank,2025-02-05
PI02530,CUST01890,card,**** 3211,ICICI,2025-02-10
PI02531,CUST01891,card,**** 3658,IDFC First,2024-11-12
PI02532,CUST01892,upi,**** 1623,IDFC First,2024-11-08
PI02533,CUST01893,wallet,**** 7265,Kotak,2025-06-26
PI02534,CUST01894,upi,**** 5252,Axis,2026-07-09
PI02535,CUST01895,upi,**** 1326,Axis,2025-03-18
PI02536,CUST01895,upi,**** 6841,HDFC,2025-11-06
PI02537,CUST01896,wallet,**** 2939,ICICI,2025-03-09
PI02538,CUST01897,upi,**** 3327,HDFC,2025-07-28
PI02539,CUST01897,upi,**** 1899,Yes Bank,2026-06-25
PI02540,CUST01898,upi,**** 5885,IDFC First,2025-10-26
PI02541,CUST01899,upi,**** 2191,HDFC,2024-12-08
PI02542,CUST01900,card,**** 4564,ICICI,2026-03-09
PI02543,CUST01901,card,**** 9563,IDFC First,2025-09-02
PI02544,CUST01902,card,**** 5621,IDFC First,2025-01-31
PI02545,CUST01903,wallet,**** 2843,Kotak,2025-08-12
PI02546,CUST01904,card,**** 3243,SBI,2025-04-02
PI02547,CUST01904,wallet,**** 5797,Kotak,2025-07-12
PI02548,CUST01905,card,**** 1386,HDFC,2025-10-03
PI02549,CUST01906,card,**** 7964,Kotak,2025-06-22
PI02550,CUST01907,card,**** 6183,IDFC First,2025-11-24
PI02551,CUST01908,card,**** 3414,HDFC,2025-11-11
PI02552,CUST01909,card,**** 7177,Axis,2025-04-21
PI02553,CUST01910,upi,**** 7359,Yes Bank,2025-06-20
PI02554,CUST01910,upi,**** 7623,Yes Bank,2026-03-05
PI02555,CUST01911,card,**** 6406,ICICI,2025-07-17
PI02556,CUST01912,wallet,**** 2486,HDFC,2025-03-06
PI02557,CUST01913,upi,**** 1279,IDFC First,2026-02-08
PI02558,CUST01914,upi,**** 9170,Axis,2024-10-16
PI02559,CUST01915,card,**** 9037,Kotak,2025-11-15
PI02560,CUST01916,upi,**** 3003,SBI,2026-01-20
PI02561,CUST01916,upi,**** 5043,Kotak,2025-04-01
PI02562,CUST01917,upi,**** 2821,ICICI,2024-10-15
PI02563,CUST01918,card,**** 8357,Axis,2024-12-24
PI02564,CUST01918,upi,**** 2613,ICICI,2026-06-27
PI02565,CUST01919,wallet,**** 7096,IDFC First,2026-03-06
PI02566,CUST01920,upi,**** 9301,HDFC,2024-08-24
PI02567,CUST01920,upi,**** 6935,SBI,2025-12-04
PI02568,CUST01921,upi,**** 1747,IDFC First,2025-12-17
PI02569,CUST01922,wallet,**** 8567,ICICI,2025-05-09
PI02570,CUST01922,card,**** 7280,HDFC,2025-11-22
PI02571,CUST01923,upi,**** 5795,Axis,2025-06-02
PI02572,CUST01924,upi,**** 5590,Axis,2025-10-10
PI02573,CUST01924,upi,**** 8676,ICICI,2025-06-21
PI02574,CUST01925,upi,**** 2059,Axis,2025-02-24
PI02575,CUST01926,card,**** 8547,ICICI,2025-12-08
PI02576,CUST01927,wallet,**** 8599,HDFC,2026-01-20
PI02577,CUST01928,upi,**** 5318,IDFC First,2025-07-07
PI02578,CUST01929,upi,**** 9709,Yes Bank,2026-01-11
PI02579,CUST01929,card,**** 8883,Yes Bank,2024-11-30
PI02580,CUST01930,card,**** 4547,HDFC,2025-03-15
PI02581,CUST01930,upi,**** 6210,SBI,2025-11-01
PI02582,CUST01931,wallet,**** 1261,IDFC First,2026-03-14
PI02583,CUST01932,upi,**** 5857,IDFC First,2025-05-16
PI02584,CUST01933,upi,**** 9245,IDFC First,2026-06-19
PI02585,CUST01934,wallet,**** 8520,Yes Bank,2025-03-16
PI02586,CUST01935,upi,**** 1816,ICICI,2026-08-06
PI02587,CUST01936,card,**** 6444,SBI,2025-02-26
PI02588,CUST01936,upi,**** 9652,Axis,2024-11-14
PI02589,CUST01937,upi,**** 4046,Kotak,2026-06-21
PI02590,CUST01938,upi,**** 1748,Axis,2025-08-11
PI02591,CUST01938,upi,**** 8022,SBI,2025-10-20
PI02592,CUST01939,card,**** 8296,Yes Bank,2024-10-10
PI02593,CUST01940,wallet,**** 4389,ICICI,2024-10-20
PI02594,CUST01941,card,**** 4383,SBI,2025-07-25
PI02595,CUST01942,wallet,**** 9986,Axis,2026-06-06
PI02596,CUST01943,upi,**** 3266,SBI,2025-10-25
PI02597,CUST01944,card,**** 4569,Kotak,2025-01-11
PI02598,CUST01944,upi,**** 9256,IDFC First,2025-04-23
PI02599,CUST01945,wallet,**** 1853,Axis,2025-02-04
PI02600,CUST01946,wallet,**** 1494,IDFC First,2024-09-04
PI02601,CUST01946,upi,**** 9470,Kotak,2024-11-24
PI02602,CUST01947,wallet,**** 4829,ICICI,2024-11-22
PI02603,CUST01948,wallet,**** 6482,IDFC First,2025-11-20
PI02604,CUST01949,card,**** 5255,HDFC,2025-11-21
PI02605,CUST01950,card,**** 9598,IDFC First,2025-01-22
PI02606,CUST01951,card,**** 8770,ICICI,2025-02-05
PI02607,CUST01951,wallet,**** 7850,Yes Bank,2025-10-05
PI02608,CUST01952,upi,**** 8362,Axis,2026-03-08
PI02609,CUST01953,card,**** 6149,ICICI,2026-02-07
PI02610,CUST01954,wallet,**** 6270,Axis,2026-06-08
PI02611,CUST01954,upi,**** 1946,Yes Bank,2025-05-23
PI02612,CUST01955,wallet,**** 8591,Axis,2025-11-08
PI02613,CUST01956,upi,**** 6640,SBI,2025-06-22
PI02614,CUST01956,card,**** 8148,IDFC First,2025-11-28
PI02615,CUST01957,wallet,**** 1452,ICICI,2025-05-11
PI02616,CUST01958,upi,**** 3411,IDFC First,2026-03-31
PI02617,CUST01958,card,**** 8812,ICICI,2026-08-21
PI02618,CUST01959,wallet,**** 3133,Axis,2025-07-06
PI02619,CUST01960,card,**** 3953,HDFC,2025-01-27
PI02620,CUST01960,wallet,**** 3884,ICICI,2025-12-16
PI02621,CUST01961,card,**** 8899,HDFC,2026-04-07
PI02622,CUST01961,card,**** 2228,IDFC First,2025-11-10
PI02623,CUST01962,upi,**** 9029,Axis,2026-03-21
PI02624,CUST01963,card,**** 9057,HDFC,2026-01-28
PI02625,CUST01963,upi,**** 3693,HDFC,2024-11-07
PI02626,CUST01964,card,**** 9899,SBI,2025-06-05
PI02627,CUST01965,upi,**** 5394,IDFC First,2026-08-11
PI02628,CUST01966,upi,**** 4812,HDFC,2025-04-16
PI02629,CUST01966,upi,**** 3879,HDFC,2026-01-02
PI02630,CUST01967,wallet,**** 1128,ICICI,2026-04-03
PI02631,CUST01968,card,**** 4066,HDFC,2025-12-27
PI02632,CUST01968,card,**** 7770,Kotak,2025-12-20
PI02633,CUST01969,card,**** 2567,SBI,2026-02-19
PI02634,CUST01969,card,**** 7512,SBI,2025-10-21
PI02635,CUST01970,card,**** 1992,Axis,2024-10-11
PI02636,CUST01971,card,**** 2170,Axis,2025-07-24
PI02637,CUST01971,upi,**** 1316,ICICI,2026-02-21
PI02638,CUST01972,upi,**** 4178,Axis,2025-10-09
PI02639,CUST01973,upi,**** 1176,HDFC,2025-02-18
PI02640,CUST01974,wallet,**** 4248,ICICI,2025-10-18
PI02641,CUST01975,upi,**** 8517,ICICI,2026-06-02
PI02642,CUST01976,upi,**** 7172,Kotak,2025-09-15
PI02643,CUST01977,card,**** 8218,ICICI,2024-10-12
PI02644,CUST01978,upi,**** 8267,Axis,2025-09-24
PI02645,CUST01978,card,**** 1087,Kotak,2025-03-06
PI02646,CUST01979,wallet,**** 1532,Yes Bank,2025-05-02
PI02647,CUST01980,upi,**** 5261,HDFC,2024-12-03
PI02648,CUST01981,upi,**** 6325,HDFC,2025-08-03
PI02649,CUST01982,wallet,**** 4587,Yes Bank,2025-01-15
PI02650,CUST01982,wallet,**** 4684,ICICI,2026-04-07
PI02651,CUST01983,wallet,**** 3588,IDFC First,2026-07-12
PI02652,CUST01984,card,**** 9862,IDFC First,2024-10-07
PI02653,CUST01985,card,**** 2931,IDFC First,2025-11-10
PI02654,CUST01986,card,**** 6702,Yes Bank,2025-06-10
PI02655,CUST01987,upi,**** 8032,HDFC,2025-09-25
PI02656,CUST01988,upi,**** 7877,Axis,2025-04-13
PI02657,CUST01989,wallet,**** 6425,IDFC First,2026-07-28
PI02658,CUST01990,upi,**** 3723,Kotak,2024-12-19
PI02659,CUST01991,upi,**** 6831,ICICI,2026-07-12
PI02660,CUST01991,wallet,**** 9015,SBI,2025-03-02
PI02661,CUST01992,wallet,**** 7121,HDFC,2024-09-08
PI02662,CUST01992,upi,**** 1009,Kotak,2024-12-26
PI02663,CUST01993,upi,**** 5937,IDFC First,2025-06-01
PI02664,CUST01993,card,**** 7859,Yes Bank,2025-08-20
PI02665,CUST01994,upi,**** 7763,IDFC First,2025-08-15
PI02666,CUST01995,card,**** 1730,Kotak,2025-12-19
PI02667,CUST01996,wallet,**** 2692,Kotak,2025-07-01
PI02668,CUST01997,wallet,**** 1761,ICICI,2025-04-05
PI02669,CUST01998,card,**** 7085,IDFC First,2025-05-07
PI02670,CUST01999,card,**** 1533,SBI,2024-12-13
PI02671,CUST02000,wallet,**** 1566,Kotak,2025-08-12
