refund_id,transaction_id,amount,reason,requested_at,approved
REF00001,TXN000005,14610.14,not_as_described,2025-07-02T03:19:54,True
REF00002,TXN000006,7512.03,customer_changed_mind,2025-08-19T11:58:02,True
REF00003,TXN000037,3119.83,duplicate_charge,2025-04-26T09:31:32,True
REF00004,TXN000110,6555.53,duplicate_charge,2026-05-29T05:24:32,False
REF00005,TXN000114,12774.1,customer_changed_mind,2025-04-06T03:34:18,False
REF00006,TXN000174,2860.13,not_as_described,2025-12-12T11:53:22,False
REF00007,TXN000184,5908.8,product_not_received,2025-02-07T12:41:05,False
REF00008,TXN000185,1472.42,duplicate_charge,2025-04-01T23:32:30,True
REF00009,TXN000197,4631.57,not_as_described,2025-04-08T14:53:49,True
REF00010,TXN000201,13696.72,customer_changed_mind,2026-05-18T09:23:51,False
REF00011,TXN000204,12625.21,product_not_received,2025-05-23T13:47:44,True
REF00012,TXN000209,1019.79,not_as_described,2026-02-16T19:35:20,False
REF00013,TXN000222,14623.06,duplicate_charge,2026-03-05T15:57:28,True
REF00014,TXN000223,1356.6,product_not_received,2026-03-20T14:24:31,False
REF00015,TXN000241,6437.14,duplicate_charge,2026-04-24T03:49:38,True
REF00016,TXN000269,4217.19,duplicate_charge,2025-12-23T08:31:41,True
REF00017,TXN000273,5400.88,duplicate_charge,2025-04-15T08:43:42,True
REF00018,TXN000316,7203.65,product_not_received,2026-05-07T00:40:29,True
REF00019,TXN000374,12828.62,duplicate_charge,2026-06-10T03:18:17,True
REF00020,TXN000383,13313.69,product_not_received,2026-01-17T11:07:20,False
REF00021,TXN000386,10990.72,customer_changed_mind,2025-03-01T01:12:36,True
REF00022,TXN000406,2204.34,not_as_described,2025-03-28T05:45:32,False
REF00023,TXN000464,8108.7,product_not_received,2025-10-26T23:33:48,True
REF00024,TXN000469,10027.58,customer_changed_mind,2026-06-27T21:04:21,False
REF00025,TXN000470,10473.64,customer_changed_mind,2026-02-10T23:14:19,True
REF00026,TXN000471,12992.31,product_not_received,2026-06-13T19:07:20,True
REF00027,TXN000474,3984.44,product_not_received,2025-07-08T16:16:41,True
REF00028,TXN000476,10095.54,duplicate_charge,2025-04-11T11:31:03,False
REF00029,TXN000481,7355.75,customer_changed_mind,2026-04-26T20:42:47,False
REF00030,TXN000485,12433.87,duplicate_charge,2026-02-06T22:09:09,False
REF00031,TXN000491,982.83,product_not_received,2025-12-21T22:41:41,True
REF00032,TXN000517,13677.21,not_as_described,2025-11-21T07:09:32,True
REF00033,TXN000538,9978.91,product_not_received,2026-06-16T14:20:13,False
REF00034,TXN000540,9186.39,not_as_described,2025-02-02T05:27:27,True
REF00035,TXN000548,4352.17,not_as_described,2025-09-06T18:14:24,True
REF00036,TXN000575,5768.25,not_as_described,2026-03-20T14:30:29,False
REF00037,TXN000578,9206.91,duplicate_charge,2025-06-07T10:35:11,True
REF00038,TXN000598,5148.24,duplicate_charge,2025-11-13T23:34:10,True
REF00039,TXN000619,12272.55,not_as_described,2026-06-23T11:06:50,True
REF00040,TXN000641,1416.47,duplicate_charge,2026-05-24T22:03:20,True
REF00041,TXN000658,8842.58,not_as_described,2025-11-23T04:54:27,True
REF00042,TXN000665,1611.19,customer_changed_mind,2026-02-21T20:01:41,False
REF00043,TXN000666,4552.21,customer_changed_mind,2026-03-22T19:46:20,True
REF00044,TXN000671,12542.99,product_not_received,2025-08-19T11:11:28,True
REF00045,TXN000672,7358.93,duplicate_charge,2025-02-02T14:50:44,True
REF00046,TXN000675,7288.32,duplicate_charge,2025-01-31T18:49:24,False
REF00047,TXN000677,1198.11,customer_changed_mind,2026-04-04T12:37:17,True
REF00048,TXN000689,1707.2,customer_changed_mind,2025-09-26T15:31:13,True
REF00049,TXN000690,4178.72,duplicate_charge,2026-03-04T19:03:20,True
REF00050,TXN000696,1048.84,not_as_described,2026-02-17T15:36:49,False
REF00051,TXN000698,6606.84,customer_changed_mind,2026-02-17T22:36:39,True
REF00052,TXN000699,8543.42,duplicate_charge,2025-11-15T08:19:18,False
REF00053,TXN000702,1809.69,product_not_received,2026-05-27T03:46:07,True
REF00054,TXN000704,574.93,duplicate_charge,2026-05-22T19:39:56,False
REF00055,TXN000719,216.98,duplicate_charge,2025-08-14T18:12:33,True
REF00056,TXN000728,13854.71,not_as_described,2026-06-20T09:52:58,True
REF00057,TXN000783,7653.66,customer_changed_mind,2026-05-02T12:47:25,True
REF00058,TXN000789,367.77,product_not_received,2025-07-23T06:39:39,False
REF00059,TXN000791,1287.37,duplicate_charge,2026-06-18T19:15:50,True
REF00060,TXN000803,11607.69,customer_changed_mind,2025-05-30T05:46:40,True
REF00061,TXN000804,12257.24,not_as_described,2026-06-21T21:07:31,False
REF00062,TXN000850,3857.79,product_not_received,2026-06-25T22:11:31,True
REF00063,TXN000853,10479.27,not_as_described,2026-02-25T14:16:28,True
REF00064,TXN000858,10065.19,customer_changed_mind,2025-07-24T22:16:47,True
REF00065,TXN000862,12914.91,duplicate_charge,2025-05-14T12:23:55,True
REF00066,TXN000868,13932.63,customer_changed_mind,2026-03-21T10:07:58,False
REF00067,TXN000870,7411.71,product_not_received,2025-12-30T08:07:56,False
REF00068,TXN000872,1355.52,customer_changed_mind,2026-03-13T13:13:15,False
REF00069,TXN000933,10807.98,customer_changed_mind,2026-02-09T14:34:34,True
REF00070,TXN000955,8356.52,customer_changed_mind,2026-01-03T11:32:46,True
REF00071,TXN000959,4248.69,customer_changed_mind,2025-06-15T19:36:29,False
REF00072,TXN000966,998.08,customer_changed_mind,2025-05-15T05:04:10,False
REF00073,TXN000973,4715.45,customer_changed_mind,2025-12-31T15:43:27,True
REF00074,TXN000983,7367.31,not_as_described,2025-02-16T21:17:14,True
REF00075,TXN000989,4871.98,duplicate_charge,2025-07-22T05:35:07,True
REF00076,TXN001029,10414.22,product_not_received,2026-03-09T17:33:22,True
REF00077,TXN001031,1320.99,not_as_described,2026-06-12T00:32:39,False
REF00078,TXN001038,4092.05,not_as_described,2025-04-27T02:29:19,False
REF00079,TXN001071,8470.73,duplicate_charge,2026-03-25T21:50:04,True
REF00080,TXN001087,576.18,customer_changed_mind,2026-04-09T17:31:03,True
REF00081,TXN001104,7744.77,duplicate_charge,2026-01-09T23:18:07,True
REF00082,TXN001106,8003.65,product_not_received,2025-06-17T19:27:44,False
REF00083,TXN001136,10619.8,duplicate_charge,2025-10-17T21:52:34,True
REF00084,TXN001140,6393.29,duplicate_charge,2026-04-02T14:59:49,True
REF00085,TXN001147,7671.13,not_as_described,2025-06-09T09:40:15,True
REF00086,TXN001151,14802.48,product_not_received,2026-03-22T18:13:18,True
REF00087,TXN001184,12229.68,not_as_described,2025-03-08T02:11:38,True
REF00088,TXN001186,9987.77,customer_changed_mind,2026-03-30T12:54:12,True
REF00089,TXN001190,1387.82,customer_changed_mind,2025-08-16T18:40:24,True
REF00090,TXN001191,2150.5,not_as_described,2025-06-13T06:10:41,False
REF00091,TXN001193,11226.08,duplicate_charge,2025-03-21T11:13:37,True
REF00092,TXN001195,2283.59,product_not_received,2025-02-09T09:32:50,False
REF00093,TXN001202,5997.84,not_as_described,2025-12-30T02:07:08,False
REF00094,TXN001204,7371.17,customer_changed_mind,2025-11-08T18:58:15,True
REF00095,TXN001206,997.92,customer_changed_mind,2026-01-29T19:23:41,True
REF00096,TXN001210,11747.0,not_as_described,2025-01-01T22:53:45,True
REF00097,TXN001213,9725.87,customer_changed_mind,2025-07-15T04:02:38,True
REF00098,TXN001216,14589.45,product_not_received,2025-09-06T03:11:26,True
REF00099,TXN001222,5005.93,customer_changed_mind,2025-12-09T06:10:09,True
REF00100,TXN001226,11015.25,product_not_received,2025-04-06T11:27:32,True
REF00101,TXN001245,184.81,duplicate_charge,2025-03-29T07:26:18,True
REF00102,TXN001261,5208.23,not_as_described,2026-04-14T05:26:21,True
REF00103,TXN001274,8112.06,customer_changed_mind,2026-01-25T00:32:14,False
REF00104,TXN001287,1285.43,product_not_received,2026-02-20T14:13:46,False
REF00105,TXN001326,1973.87,duplicate_charge,2026-04-01T19:55:26,False
REF00106,TXN001328,4503.85,duplicate_charge,2025-12-09T17:11:43,False
REF00107,TXN001347,371.56,duplicate_charge,2025-02-01T13:24:35,True
REF00108,TXN001377,3872.05,product_not_received,2026-05-19T02:07:19,True
REF00109,TXN001404,11902.43,customer_changed_mind,2025-12-21T11:20:06,True
REF00110,TXN001421,10223.52,customer_changed_mind,2025-05-13T21:27:25,False
REF00111,TXN001425,2889.91,product_not_received,2026-06-08T03:50:34,True
REF00112,TXN001488,2742.22,duplicate_charge,2026-06-20T21:29:54,True
REF00113,TXN001496,5123.03,not_as_described,2026-05-13T02:35:50,True
REF00114,TXN001507,3779.62,product_not_received,2025-07-18T14:51:06,True
REF00115,TXN001546,6570.24,not_as_described,2025-12-01T03:50:07,True
REF00116,TXN001554,3010.42,product_not_received,2025-10-16T20:24:53,True
REF00117,TXN001582,14699.33,customer_changed_mind,2025-04-25T01:15:28,False
REF00118,TXN001595,9080.22,customer_changed_mind,2025-03-30T22:11:33,False
REF00119,TXN001626,3907.11,product_not_received,2025-10-06T13:34:16,True
REF00120,TXN001635,10728.13,customer_changed_mind,2026-03-11T19:22:31,True
REF00121,TXN001638,2542.83,product_not_received,2025-11-27T16:55:12,True
REF00122,TXN001643,3025.97,not_as_described,2025-03-30T02:51:07,False
REF00123,TXN001650,181.13,duplicate_charge,2026-02-07T03:39:06,True
REF00124,TXN001652,6766.68,duplicate_charge,2025-05-27T20:58:20,True
REF00125,TXN001655,7729.77,customer_changed_mind,2025-02-15T23:47:15,True
REF00126,TXN001657,2819.92,duplicate_charge,2025-04-04T22:34:00,True
REF00127,TXN001695,9448.89,not_as_described,2025-06-06T23:01:31,False
REF00128,TXN001737,10595.01,duplicate_charge,2025-02-05T16:49:48,True
REF00129,TXN001769,11435.31,customer_changed_mind,2025-10-23T15:42:40,True
REF00130,TXN001776,10891.58,not_as_described,2026-03-18T01:15:28,True
REF00131,TXN001777,11980.38,duplicate_charge,2026-03-04T00:19:38,True
REF00132,TXN001792,471.16,customer_changed_mind,2026-02-25T09:15:02,True
REF00133,TXN001793,7824.82,not_as_described,2026-03-03T16:00:53,True
REF00134,TXN001802,4290.43,duplicate_charge,2025-10-22T21:44:36,False
REF00135,TXN001803,12891.91,customer_changed_mind,2025-06-16T11:57:17,False
REF00136,TXN001804,10648.95,product_not_received,2025-10-31T08:46:26,True
REF00137,TXN001807,8693.8,customer_changed_mind,2025-06-13T17:06:58,True
REF00138,TXN001810,2676.88,duplicate_charge,2025-08-31T15:39:49,False
REF00139,TXN001812,6375.32,duplicate_charge,2026-03-18T20:54:00,True
REF00140,TXN001835,7099.18,product_not_received,2025-11-05T06:58:24,False
REF00141,TXN001842,5085.75,product_not_received,2026-04-15T15:27:26,False
REF00142,TXN001848,3987.56,duplicate_charge,2025-12-15T06:00:34,False
REF00143,TXN001865,7615.41,product_not_received,2026-06-13T01:45:34,True
REF00144,TXN001879,7764.29,not_as_described,2026-01-31T18:45:57,True
REF00145,TXN001886,12617.89,duplicate_charge,2025-01-30T13:06:46,True
REF00146,TXN001901,3508.3,product_not_received,2026-06-22T14:42:58,True
REF00147,TXN001910,9925.34,not_as_described,2025-06-27T22:57:40,True
REF00148,TXN001945,8292.58,product_not_received,2026-05-08T14:58:28,True
REF00149,TXN001947,3509.91,duplicate_charge,2025-10-26T14:29:43,True
REF00150,TXN001993,13287.64,not_as_described,2026-03-03T15:12:53,True
REF00151,TXN002037,5040.15,product_not_received,2025-07-12T10:46:37,True
REF00152,TXN002039,13768.01,product_not_received,2026-06-29T19:45:45,True
REF00153,TXN002040,5581.41,not_as_described,2026-02-24T19:54:08,True
REF00154,TXN002092,10626.51,customer_changed_mind,2025-01-14T21:09:18,False
REF00155,TXN002121,13944.92,customer_changed_mind,2026-04-11T09:24:57,False
REF00156,TXN002134,13913.37,customer_changed_mind,2026-06-13T08:57:16,True
REF00157,TXN002139,6398.02,product_not_received,2026-06-20T06:17:18,False
REF00158,TXN002151,7996.22,customer_changed_mind,2026-01-07T15:23:57,True
REF00159,TXN002184,10321.99,product_not_received,2025-02-06T11:56:58,True
REF00160,TXN002213,13219.23,customer_changed_mind,2025-11-08T21:31:55,False
REF00161,TXN002222,12607.2,product_not_received,2025-06-07T12:10:26,True
REF00162,TXN002223,11542.19,customer_changed_mind,2026-02-09T05:53:36,True
REF00163,TXN002241,2985.98,customer_changed_mind,2026-05-25T06:22:19,False
REF00164,TXN002257,8799.67,product_not_received,2025-06-06T11:23:59,True
REF00165,TXN002281,9544.89,product_not_received,2026-01-16T05:43:18,True
REF00166,TXN002285,6309.43,product_not_received,2025-11-09T02:43:51,True
REF00167,TXN002296,613.04,product_not_received,2025-12-11T00:51:42,True
REF00168,TXN002297,7616.29,product_not_received,2026-03-24T21:04:12,True
REF00169,TXN002298,9995.63,customer_changed_mind,2026-02-01T15:10:32,True
REF00170,TXN002302,13676.3,customer_changed_mind,2025-01-07T10:18:53,True
REF00171,TXN002304,8377.57,customer_changed_mind,2026-01-25T16:07:40,True
REF00172,TXN002306,5374.04,product_not_received,2025-06-26T23:11:06,True
REF00173,TXN002312,4347.39,duplicate_charge,2025-12-25T18:10:44,False
REF00174,TXN002314,239.52,not_as_described,2025-10-31T07:55:10,True
REF00175,TXN002317,4282.54,duplicate_charge,2026-02-12T16:43:17,True
REF00176,TXN002318,1527.03,duplicate_charge,2026-04-13T17:18:14,True
REF00177,TXN002356,1442.32,product_not_received,2025-12-23T12:52:02,True
REF00178,TXN002375,7446.14,customer_changed_mind,2025-05-24T21:52:42,True
REF00179,TXN002380,10548.72,customer_changed_mind,2026-04-30T16:34:35,True
REF00180,TXN002409,8166.47,not_as_described,2025-10-02T04:15:04,True
REF00181,TXN002424,12672.3,product_not_received,2026-01-24T20:33:54,False
REF00182,TXN002430,12896.54,not_as_described,2025-05-05T11:30:39,False
REF00183,TXN002438,12673.45,product_not_received,2026-03-28T18:07:44,True
REF00184,TXN002450,9882.91,customer_changed_mind,2025-06-30T06:08:13,True
REF00185,TXN002470,13235.33,product_not_received,2025-01-14T18:44:26,True
REF00186,TXN002474,10012.03,product_not_received,2025-07-30T10:23:45,False
REF00187,TXN002497,556.68,product_not_received,2026-06-04T19:00:16,False
REF00188,TXN002500,9345.63,duplicate_charge,2025-01-15T04:46:37,True
REF00189,TXN002588,711.58,customer_changed_mind,2025-02-19T19:09:20,True
REF00190,TXN002594,7101.62,customer_changed_mind,2025-11-13T16:48:52,False
REF00191,TXN002603,513.14,not_as_described,2025-08-27T13:07:42,True
REF00192,TXN002623,10713.93,duplicate_charge,2025-06-01T21:15:36,False
REF00193,TXN002624,10250.86,product_not_received,2025-11-28T01:52:27,True
REF00194,TXN002647,11354.97,duplicate_charge,2026-01-27T14:55:11,False
REF00195,TXN002699,1040.61,product_not_received,2026-01-05T05:23:30,False
REF00196,TXN002736,3202.48,product_not_received,2025-03-30T06:26:09,True
REF00197,TXN002760,3756.27,customer_changed_mind,2026-01-15T16:17:49,True
REF00198,TXN002796,13311.1,customer_changed_mind,2025-10-13T15:28:59,True
REF00199,TXN002920,11603.93,product_not_received,2026-03-08T04:33:23,True
REF00200,TXN002926,13986.77,not_as_described,2026-01-13T20:09:35,True
REF00201,TXN002928,1217.12,customer_changed_mind,2026-06-03T07:10:00,False
REF00202,TXN002929,10880.35,not_as_described,2025-02-18T06:09:32,True
REF00203,TXN002930,4415.73,customer_changed_mind,2026-01-10T06:18:15,True
REF00204,TXN002933,1448.44,not_as_described,2026-05-17T03:41:02,False
REF00205,TXN002935,13542.46,not_as_described,2025-04-19T11:48:28,True
REF00206,TXN002942,6634.53,not_as_described,2025-10-26T17:06:35,True
REF00207,TXN002943,11583.93,duplicate_charge,2025-10-30T04:37:07,True
REF00208,TXN002966,14668.66,not_as_described,2025-04-19T05:44:55,True
REF00209,TXN002993,13842.56,customer_changed_mind,2025-11-21T09:48:49,True
REF00210,TXN003014,14840.96,duplicate_charge,2025-01-31T20:36:36,True
REF00211,TXN003016,8313.12,not_as_described,2025-08-15T02:52:23,True
REF00212,TXN003017,11743.37,product_not_received,2025-08-12T14:23:49,True
REF00213,TXN003024,7139.07,not_as_described,2026-05-04T00:03:04,True
REF00214,TXN003032,1270.31,not_as_described,2025-02-28T10:10:30,True
REF00215,TXN003036,4257.39,not_as_described,2026-05-26T13:17:03,True
REF00216,TXN003037,7083.52,duplicate_charge,2026-06-12T05:11:14,True
REF00217,TXN003039,857.24,product_not_received,2026-04-07T01:57:43,False
REF00218,TXN003043,13626.28,customer_changed_mind,2025-05-04T16:38:19,True
REF00219,TXN003046,10199.06,customer_changed_mind,2026-01-12T23:24:53,False
REF00220,TXN003047,4122.95,customer_changed_mind,2026-02-21T09:07:37,True
REF00221,TXN003052,2239.16,customer_changed_mind,2025-08-19T01:50:32,False
REF00222,TXN003089,7584.36,not_as_described,2025-06-05T09:05:25,True
REF00223,TXN003118,10191.2,duplicate_charge,2026-04-21T06:42:44,True
REF00224,TXN003123,363.94,customer_changed_mind,2026-01-11T14:17:17,False
REF00225,TXN003135,3659.38,product_not_received,2026-05-10T04:02:21,True
REF00226,TXN003182,485.42,customer_changed_mind,2025-02-12T09:54:55,True
REF00227,TXN003191,13893.72,duplicate_charge,2026-03-09T15:37:45,True
REF00228,TXN003235,1843.38,product_not_received,2025-02-14T04:25:46,True
REF00229,TXN003267,211.54,product_not_received,2025-06-12T07:24:48,True
REF00230,TXN003326,3102.06,not_as_described,2025-10-04T07:15:36,True
REF00231,TXN003334,14322.9,customer_changed_mind,2025-12-26T15:56:24,False
REF00232,TXN003343,4854.56,not_as_described,2025-02-22T04:53:58,False
REF00233,TXN003385,7139.82,product_not_received,2025-05-31T07:16:34,False
REF00234,TXN003422,572.18,duplicate_charge,2025-01-06T02:21:31,True
REF00235,TXN003423,14710.71,duplicate_charge,2025-09-30T23:15:12,False
REF00236,TXN003427,6783.25,product_not_received,2025-01-08T07:59:22,True
REF00237,TXN003429,14671.54,not_as_described,2025-02-09T01:25:29,False
REF00238,TXN003451,3409.61,product_not_received,2025-09-14T09:50:33,False
REF00239,TXN003462,3646.6,duplicate_charge,2025-10-13T21:51:30,False
REF00240,TXN003470,548.83,customer_changed_mind,2025-01-16T17:35:09,True
REF00241,TXN003498,13306.78,not_as_described,2026-05-24T02:26:40,True
REF00242,TXN003516,6758.37,duplicate_charge,2025-11-20T18:44:45,True
REF00243,TXN003518,7683.34,product_not_received,2026-04-15T23:41:07,True
REF00244,TXN003519,12492.17,not_as_described,2025-03-22T05:59:42,True
REF00245,TXN003522,12644.18,product_not_received,2025-10-10T08:19:11,False
REF00246,TXN003523,6478.02,product_not_received,2025-05-03T02:49:01,False
REF00247,TXN003524,1846.06,duplicate_charge,2025-05-11T18:54:29,True
REF00248,TXN003525,14717.35,not_as_described,2025-05-21T07:19:28,True
REF00249,TXN003530,3845.92,customer_changed_mind,2025-02-28T23:48:11,False
REF00250,TXN003536,7230.28,not_as_described,2025-01-20T23:10:51,True
REF00251,TXN003547,12428.49,customer_changed_mind,2025-07-26T10:21:47,True
REF00252,TXN003592,12606.05,product_not_received,2025-08-17T16:20:59,True
REF00253,TXN003655,3736.62,product_not_received,2025-02-10T21:08:34,True
REF00254,TXN003660,6000.97,product_not_received,2026-01-12T06:24:36,False
REF00255,TXN003678,6709.09,not_as_described,2025-11-21T06:47:58,True
REF00256,TXN003684,2279.59,not_as_described,2025-11-18T06:00:20,True
REF00257,TXN003694,11347.27,duplicate_charge,2025-12-10T01:14:23,True
REF00258,TXN003764,11726.62,not_as_described,2025-12-31T17:47:59,True
REF00259,TXN003780,6496.51,product_not_received,2026-06-18T12:12:59,True
REF00260,TXN003821,8599.66,customer_changed_mind,2026-02-19T08:10:28,True
REF00261,TXN003831,12707.0,product_not_received,2026-03-25T22:31:25,True
REF00262,TXN003845,2917.36,product_not_received,2025-04-11T00:40:47,False
REF00263,TXN003852,10276.42,duplicate_charge,2025-09-25T20:26:59,True
REF00264,TXN003861,1050.51,customer_changed_mind,2025-11-23T01:11:32,True
REF00265,TXN003877,4032.98,duplicate_charge,2025-03-10T04:28:22,True
REF00266,TXN003889,708.17,duplicate_charge,2025-05-13T05:03:48,False
REF00267,TXN003897,14351.76,customer_changed_mind,2026-02-21T13:33:36,True
REF00268,TXN003899,5123.26,product_not_received,2026-04-18T18:58:22,True
REF00269,TXN003901,3427.71,customer_changed_mind,2025-04-16T09:14:27,True
REF00270,TXN003903,11685.71,not_as_described,2026-05-10T01:29:18,True
REF00271,TXN003904,3106.07,customer_changed_mind,2025-08-06T16:00:45,False
REF00272,TXN003905,1894.88,product_not_received,2026-05-19T15:07:58,True
REF00273,TXN003910,1729.76,not_as_described,2025-02-15T13:07:02,True
REF00274,TXN003911,1774.13,product_not_received,2026-03-11T06:54:49,True
REF00275,TXN003913,4353.3,duplicate_charge,2025-08-14T11:17:47,True
REF00276,TXN003915,4828.11,duplicate_charge,2025-10-12T17:32:33,True
REF00277,TXN003929,8671.11,not_as_described,2025-06-04T09:31:57,True
REF00278,TXN003945,4537.79,duplicate_charge,2026-06-24T07:13:45,True
REF00279,TXN003948,1003.32,product_not_received,2025-06-01T05:07:51,False
REF00280,TXN003957,13017.1,duplicate_charge,2025-01-12T14:40:11,False
REF00281,TXN003968,2545.43,duplicate_charge,2026-01-16T13:20:31,True
REF00282,TXN003973,14525.76,product_not_received,2025-12-15T23:43:07,True
REF00283,TXN003980,12860.96,not_as_described,2025-10-05T15:10:12,True
REF00284,TXN003982,13403.5,not_as_described,2026-01-04T11:26:45,False
REF00285,TXN003986,7638.69,duplicate_charge,2026-03-11T19:59:47,False
REF00286,TXN003987,7481.11,duplicate_charge,2026-05-21T04:19:13,True
REF00287,TXN003988,6859.46,not_as_described,2025-04-11T12:55:11,False
REF00288,TXN003994,11715.2,duplicate_charge,2025-07-09T20:49:45,True
REF00289,TXN004079,10067.66,product_not_received,2025-01-19T22:59:19,True
REF00290,TXN004088,14130.55,duplicate_charge,2025-09-18T19:11:22,True
REF00291,TXN004126,8319.13,duplicate_charge,2025-02-02T08:04:20,True
REF00292,TXN004149,13270.1,duplicate_charge,2026-01-26T15:29:05,True
REF00293,TXN004171,11151.29,product_not_received,2025-01-27T04:12:20,True
REF00294,TXN004173,5078.11,duplicate_charge,2025-01-09T09:22:04,True
REF00295,TXN004192,219.09,not_as_described,2025-04-13T06:14:01,False
REF00296,TXN004209,4148.76,product_not_received,2026-03-28T12:10:13,False
REF00297,TXN004211,9966.77,product_not_received,2025-01-10T03:56:57,False
REF00298,TXN004218,9251.52,customer_changed_mind,2026-01-27T14:56:20,True
REF00299,TXN004221,14620.65,duplicate_charge,2026-01-19T23:02:35,True
REF00300,TXN004225,10917.6,product_not_received,2026-05-01T17:29:34,True
REF00301,TXN004226,7883.24,customer_changed_mind,2025-05-15T00:19:13,True
REF00302,TXN004227,13570.46,not_as_described,2025-10-11T17:38:59,False
REF00303,TXN004231,14858.64,product_not_received,2025-05-16T14:52:22,True
REF00304,TXN004243,1340.96,product_not_received,2026-04-05T00:04:52,True
REF00305,TXN004306,14536.23,not_as_described,2025-03-28T19:56:47,True
REF00306,TXN004325,11088.12,duplicate_charge,2025-03-05T09:59:03,True
REF00307,TXN004369,6682.52,customer_changed_mind,2025-08-20T01:57:16,False
REF00308,TXN004384,3450.9,product_not_received,2026-06-17T17:50:50,True
REF00309,TXN004389,6712.39,product_not_received,2025-04-07T20:05:45,True
REF00310,TXN004427,11048.56,not_as_described,2025-05-26T17:57:15,True
REF00311,TXN004462,2809.32,duplicate_charge,2025-10-04T20:04:13,False
REF00312,TXN004464,11689.73,customer_changed_mind,2025-05-16T17:24:04,True
REF00313,TXN004478,1253.09,product_not_received,2025-08-20T19:11:03,True
REF00314,TXN004503,932.61,customer_changed_mind,2025-09-21T11:09:08,False
REF00315,TXN004520,2981.25,product_not_received,2026-03-22T19:13:11,False
REF00316,TXN004566,8448.29,duplicate_charge,2025-04-27T07:19:59,True
REF00317,TXN004570,5791.35,customer_changed_mind,2025-09-28T22:59:47,True
REF00318,TXN004582,101.58,customer_changed_mind,2025-08-05T04:51:02,True
REF00319,TXN004593,653.59,product_not_received,2026-01-29T19:23:33,True
REF00320,TXN004604,1971.99,customer_changed_mind,2025-08-09T14:41:08,False
REF00321,TXN004617,7760.35,product_not_received,2025-10-06T15:40:50,True
REF00322,TXN004626,1090.68,duplicate_charge,2025-01-30T11:36:03,True
REF00323,TXN004647,2162.05,duplicate_charge,2025-09-19T22:30:12,True
REF00324,TXN004685,224.28,customer_changed_mind,2025-02-01T18:10:46,True
REF00325,TXN004691,2102.17,product_not_received,2025-11-03T06:47:59,True
REF00326,TXN004718,10716.53,not_as_described,2025-07-12T04:42:39,True
REF00327,TXN004720,13831.97,product_not_received,2025-01-24T16:16:15,False
REF00328,TXN004726,6805.69,product_not_received,2026-03-02T23:28:25,False
REF00329,TXN004730,8394.91,product_not_received,2025-11-09T21:42:32,True
REF00330,TXN004731,11505.26,duplicate_charge,2025-07-29T16:55:36,True
REF00331,TXN004732,11959.86,customer_changed_mind,2025-02-21T16:38:46,False
REF00332,TXN004735,11432.05,not_as_described,2026-06-12T11:11:48,True
REF00333,TXN004738,1980.15,customer_changed_mind,2025-02-11T09:27:31,False
REF00334,TXN004739,9221.49,customer_changed_mind,2026-04-06T20:24:15,False
REF00335,TXN004784,9022.95,customer_changed_mind,2025-02-05T22:17:52,True
REF00336,TXN004808,11670.61,product_not_received,2025-10-29T22:24:14,True
REF00337,TXN004832,6470.89,not_as_described,2025-02-28T13:56:09,True
REF00338,TXN004834,918.29,not_as_described,2026-05-21T11:42:43,False
REF00339,TXN004846,4174.47,not_as_described,2025-06-03T21:22:10,False
REF00340,TXN004862,5227.87,not_as_described,2026-06-19T07:55:21,True
REF00341,TXN004934,5531.0,not_as_described,2026-06-15T08:36:15,False
REF00342,TXN004938,10423.81,duplicate_charge,2026-04-09T23:40:51,True
REF00343,TXN004940,3509.83,duplicate_charge,2025-08-19T21:25:52,False
REF00344,TXN004941,2893.64,duplicate_charge,2025-07-06T12:09:35,False
REF00345,TXN004943,6102.93,duplicate_charge,2025-12-29T03:46:30,False
REF00346,TXN004944,10391.15,product_not_received,2025-06-11T14:01:59,True
REF00347,TXN004950,2266.75,duplicate_charge,2025-07-19T03:50:53,True
REF00348,TXN004952,3711.84,duplicate_charge,2025-04-07T05:25:35,True
REF00349,TXN004956,5338.39,duplicate_charge,2025-04-24T07:17:55,True
REF00350,TXN004957,14185.09,customer_changed_mind,2026-06-24T09:23:29,True
REF00351,TXN004958,2560.09,product_not_received,2026-05-05T06:00:18,True
REF00352,TXN004959,12554.15,duplicate_charge,2026-06-24T18:15:50,False
REF00353,TXN004960,3974.34,duplicate_charge,2026-05-08T03:01:59,False
REF00354,TXN004983,7481.02,customer_changed_mind,2026-02-02T18:54:39,True
REF00355,TXN004985,2044.06,duplicate_charge,2025-03-11T05:47:46,True
REF00356,TXN005031,171.41,not_as_described,2025-05-27T02:11:14,True
REF00357,TXN005043,11223.61,customer_changed_mind,2025-03-14T12:23:47,True
REF00358,TXN005070,6810.6,product_not_received,2025-02-19T05:40:31,True
REF00359,TXN005093,7704.83,duplicate_charge,2025-03-27T10:32:56,True
REF00360,TXN005095,14321.35,product_not_received,2026-01-28T06:48:44,True
REF00361,TXN005096,13246.67,customer_changed_mind,2026-04-03T12:06:02,True
REF00362,TXN005098,8998.74,product_not_received,2025-02-13T13:38:17,False
REF00363,TXN005104,1517.94,customer_changed_mind,2025-09-04T12:42:45,False
REF00364,TXN005142,4396.29,customer_changed_mind,2025-12-22T17:38:23,True
REF00365,TXN005184,4085.21,duplicate_charge,2026-02-10T05:33:01,True
REF00366,TXN005186,1251.34,not_as_described,2026-06-02T18:32:45,True
REF00367,TXN005229,14231.51,not_as_described,2025-10-07T05:45:22,True
REF00368,TXN005245,12400.48,customer_changed_mind,2025-11-05T01:53:30,False
REF00369,TXN005277,8557.81,not_as_described,2025-04-27T04:54:39,True
REF00370,TXN005306,7246.47,not_as_described,2025-03-26T19:48:32,True
REF00371,TXN005358,12728.71,customer_changed_mind,2025-10-08T12:35:17,True
REF00372,TXN005376,551.84,not_as_described,2025-06-21T08:37:16,True
REF00373,TXN005398,8880.3,customer_changed_mind,2026-04-18T07:25:17,True
REF00374,TXN005420,1848.03,duplicate_charge,2026-05-28T00:00:16,True
REF00375,TXN005423,11723.01,customer_changed_mind,2026-02-05T20:03:26,True
REF00376,TXN005427,11695.64,duplicate_charge,2025-09-06T16:39:57,True
REF00377,TXN005437,7665.11,not_as_described,2025-03-12T09:00:45,True
REF00378,TXN005449,12920.42,duplicate_charge,2026-05-09T03:00:55,True
REF00379,TXN005450,12260.18,customer_changed_mind,2025-06-04T01:53:38,True
REF00380,TXN005454,2811.5,customer_changed_mind,2026-04-12T16:50:49,True
REF00381,TXN005460,10570.51,not_as_described,2025-10-03T11:12:06,False
REF00382,TXN005463,8982.55,customer_changed_mind,2025-10-26T10:24:37,True
REF00383,TXN005465,701.6,not_as_described,2025-05-02T02:21:33,False
REF00384,TXN005466,4796.49,not_as_described,2026-06-06T02:13:05,False
REF00385,TXN005471,585.59,customer_changed_mind,2025-04-08T11:34:30,True
REF00386,TXN005473,2134.27,not_as_described,2025-12-13T08:56:29,False
REF00387,TXN005476,7120.69,duplicate_charge,2025-01-31T10:17:44,False
REF00388,TXN005504,8458.11,not_as_described,2025-03-07T00:07:47,True
REF00389,TXN005516,12667.13,duplicate_charge,2026-02-24T05:05:30,True
REF00390,TXN005518,996.01,duplicate_charge,2026-04-12T07:56:13,True
REF00391,TXN005531,14176.98,duplicate_charge,2025-07-07T08:25:31,True
REF00392,TXN005542,4639.13,product_not_received,2026-06-16T13:05:45,True
REF00393,TXN005544,11802.18,not_as_described,2026-06-11T20:29:56,True
REF00394,TXN005562,7295.87,not_as_described,2026-03-22T22:47:09,False
REF00395,TXN005695,9644.38,product_not_received,2025-06-14T01:45:07,True
REF00396,TXN005699,5450.27,customer_changed_mind,2025-02-13T23:54:20,True
REF00397,TXN005739,4711.81,customer_changed_mind,2025-08-28T20:34:26,True
REF00398,TXN005749,1042.7,customer_changed_mind,2026-03-18T07:07:30,False
REF00399,TXN005796,11664.33,customer_changed_mind,2026-05-11T12:45:02,False
REF00400,TXN005797,1959.12,product_not_received,2025-10-24T00:07:38,False
REF00401,TXN005799,12865.81,not_as_described,2026-04-08T20:06:53,False
REF00402,TXN005802,8988.0,product_not_received,2025-10-12T21:30:50,True
REF00403,TXN005804,12804.19,not_as_described,2025-10-24T11:31:58,True
REF00404,TXN005805,4352.69,duplicate_charge,2026-04-01T18:07:54,True
REF00405,TXN005807,3007.21,duplicate_charge,2025-06-21T03:17:07,True
REF00406,TXN005809,1089.79,not_as_described,2025-12-08T18:37:30,True
REF00407,TXN005810,1421.29,customer_changed_mind,2026-03-12T11:38:37,True
REF00408,TXN005811,10949.84,duplicate_charge,2025-05-05T03:50:23,False
REF00409,TXN005812,12347.78,product_not_received,2026-06-23T23:06:26,True
REF00410,TXN005815,4425.63,duplicate_charge,2025-01-21T23:18:15,True
REF00411,TXN005828,11168.79,customer_changed_mind,2026-02-12T12:16:28,True
REF00412,TXN005864,7518.19,customer_changed_mind,2026-04-19T05:34:48,False
REF00413,TXN005904,12622.91,not_as_described,2025-10-11T14:08:09,True
REF00414,TXN005910,8184.3,product_not_received,2025-11-03T11:21:58,False
REF00415,TXN005921,719.79,duplicate_charge,2026-06-14T15:44:13,False
REF00416,TXN005958,10445.31,duplicate_charge,2026-02-12T05:24:55,True
REF00417,TXN005966,5270.97,customer_changed_mind,2025-10-13T04:39:18,True
REF00418,TXN005989,6303.94,product_not_received,2026-04-05T20:28:37,False
REF00419,TXN005990,3223.8,not_as_described,2025-04-10T13:34:22,True
REF00420,TXN005992,3503.58,duplicate_charge,2025-07-27T03:03:37,True
REF00421,TXN005994,14980.27,duplicate_charge,2025-12-15T14:24:28,True
REF00422,TXN005997,374.4,product_not_received,2026-01-06T19:31:36,False
REF00423,TXN005999,4090.4,not_as_described,2025-07-07T09:57:19,False
REF00424,TXN006000,10187.3,product_not_received,2025-01-16T00:45:11,True
REF00425,TXN006001,8579.47,customer_changed_mind,2025-01-12T01:37:24,False
REF00426,TXN006002,861.95,not_as_described,2025-09-29T03:49:02,False
REF00427,TXN006003,14519.6,not_as_described,2025-06-17T12:30:35,True
REF00428,TXN006006,158.85,duplicate_charge,2025-08-17T04:26:09,True
REF00429,TXN006008,2807.11,customer_changed_mind,2025-11-20T08:57:42,True
REF00430,TXN006043,464.43,product_not_received,2025-04-23T13:11:43,False
REF00431,TXN006075,2353.75,product_not_received,2025-02-11T00:20:03,True
REF00432,TXN006083,7040.43,product_not_received,2026-03-11T00:04:05,True
REF00433,TXN006142,12039.75,duplicate_charge,2026-01-30T21:57:00,True
REF00434,TXN006144,5025.4,not_as_described,2026-06-08T13:58:19,True
REF00435,TXN006145,2623.57,duplicate_charge,2025-03-06T22:52:01,False
REF00436,TXN006147,12899.0,duplicate_charge,2026-02-23T13:29:15,True
REF00437,TXN006148,3481.83,customer_changed_mind,2026-01-31T13:01:16,True
REF00438,TXN006152,2279.66,customer_changed_mind,2026-04-24T17:06:31,True
REF00439,TXN006154,13338.72,product_not_received,2025-08-25T05:52:26,False
REF00440,TXN006157,7643.99,not_as_described,2025-05-26T15:27:26,True
REF00441,TXN006196,13777.78,duplicate_charge,2026-03-26T23:14:56,False
REF00442,TXN006198,2544.26,not_as_described,2025-02-22T05:10:53,False
REF00443,TXN006220,1579.8,duplicate_charge,2025-07-09T16:59:59,False
REF00444,TXN006228,3960.61,product_not_received,2025-11-29T08:47:40,False
REF00445,TXN006281,6797.01,duplicate_charge,2025-03-16T19:10:08,True
REF00446,TXN006338,9174.41,duplicate_charge,2025-12-14T20:27:34,True
REF00447,TXN006398,9313.65,duplicate_charge,2026-04-11T11:28:12,True
REF00448,TXN006404,13056.1,customer_changed_mind,2026-05-03T16:26:45,False
REF00449,TXN006420,3449.68,not_as_described,2025-05-11T21:46:15,True
REF00450,TXN006441,9036.31,not_as_described,2026-05-28T00:32:20,False
REF00451,TXN006455,12536.2,duplicate_charge,2025-04-01T21:41:00,True
REF00452,TXN006470,6558.85,customer_changed_mind,2025-05-13T04:09:05,False
REF00453,TXN006491,611.64,customer_changed_mind,2025-06-20T14:28:19,True
REF00454,TXN006492,1541.46,customer_changed_mind,2025-02-17T10:48:01,True
REF00455,TXN006500,4085.93,product_not_received,2026-05-21T14:17:33,True
REF00456,TXN006516,5121.89,not_as_described,2026-02-16T01:39:50,False
REF00457,TXN006544,3043.42,duplicate_charge,2025-04-20T00:24:54,False
REF00458,TXN006547,6700.9,customer_changed_mind,2025-11-06T22:54:34,True
REF00459,TXN006560,7686.21,product_not_received,2025-06-19T19:45:11,False
REF00460,TXN006580,14628.08,customer_changed_mind,2025-09-03T08:06:25,True
REF00461,TXN006581,3498.02,not_as_described,2025-11-08T11:37:48,False
REF00462,TXN006590,6367.24,customer_changed_mind,2025-09-21T15:38:59,True
REF00463,TXN006603,14099.01,customer_changed_mind,2025-11-30T18:42:41,True
REF00464,TXN006606,2541.39,duplicate_charge,2025-11-04T19:42:57,True
REF00465,TXN006667,4310.9,customer_changed_mind,2025-10-13T07:58:13,False
REF00466,TXN006691,2090.81,duplicate_charge,2025-09-21T19:04:27,False
REF00467,TXN006712,8743.41,customer_changed_mind,2025-04-20T06:47:08,True
REF00468,TXN006725,12912.04,not_as_described,2025-10-10T20:40:44,True
REF00469,TXN006732,11616.71,duplicate_charge,2025-11-28T19:16:16,False
REF00470,TXN006736,10254.22,product_not_received,2025-08-15T02:48:58,True
REF00471,TXN006741,7975.93,not_as_described,2026-06-21T05:12:14,True
REF00472,TXN006785,7907.25,not_as_described,2025-01-23T11:45:46,True
REF00473,TXN006802,2771.53,duplicate_charge,2026-06-23T23:37:41,False
REF00474,TXN006809,12669.29,duplicate_charge,2026-06-21T03:07:33,False
REF00475,TXN006818,1056.92,customer_changed_mind,2026-03-04T16:10:50,True
REF00476,TXN006825,6184.84,duplicate_charge,2025-04-30T10:17:33,True
REF00477,TXN006826,12841.45,duplicate_charge,2026-02-19T19:54:34,True
REF00478,TXN006827,13688.5,product_not_received,2025-05-10T08:53:29,True
REF00479,TXN006830,11037.75,not_as_described,2025-09-16T03:03:52,False
REF00480,TXN006831,14515.28,duplicate_charge,2025-05-11T08:40:20,True
REF00481,TXN006833,8765.42,product_not_received,2026-06-12T09:13:45,True
REF00482,TXN006834,11094.32,not_as_described,2026-06-24T11:19:30,False
REF00483,TXN006835,868.09,duplicate_charge,2025-01-25T13:36:20,True
REF00484,TXN006840,9269.08,duplicate_charge,2025-11-25T13:07:38,True
REF00485,TXN006841,6049.11,not_as_described,2025-02-01T17:09:14,True
REF00486,TXN006849,11383.53,product_not_received,2025-09-21T00:08:53,True
REF00487,TXN006870,8580.74,not_as_described,2025-05-11T01:44:00,True
REF00488,TXN006873,12894.57,not_as_described,2026-02-22T12:40:50,True
REF00489,TXN006874,7879.35,not_as_described,2025-10-05T02:33:34,True
REF00490,TXN006879,9849.36,not_as_described,2025-06-27T11:09:33,False
REF00491,TXN006884,14207.41,customer_changed_mind,2025-08-14T09:48:06,False
REF00492,TXN006887,12170.05,duplicate_charge,2025-06-24T21:26:59,True
REF00493,TXN006892,4772.15,not_as_described,2025-07-25T14:55:17,True
REF00494,TXN006960,14730.58,not_as_described,2025-06-08T18:46:42,False
REF00495,TXN006962,11484.64,not_as_described,2026-01-08T10:45:51,False
REF00496,TXN006971,13135.32,product_not_received,2025-12-23T14:13:46,True
REF00497,TXN006973,4041.51,not_as_described,2025-10-20T20:56:10,True
REF00498,TXN006982,11898.85,product_not_received,2025-03-05T04:13:40,True
REF00499,TXN006984,2364.85,customer_changed_mind,2025-11-30T11:55:23,True
REF00500,TXN007017,2232.46,product_not_received,2026-02-12T14:29:38,True
REF00501,TXN007046,6095.29,duplicate_charge,2025-09-16T07:35:49,False
REF00502,TXN007047,11536.93,not_as_described,2025-09-25T00:50:09,False
REF00503,TXN007086,518.49,customer_changed_mind,2025-11-16T23:11:39,False
REF00504,TXN007100,9941.74,product_not_received,2026-01-22T03:49:15,True
REF00505,TXN007115,11219.87,customer_changed_mind,2025-02-02T21:17:51,True
REF00506,TXN007131,6737.1,not_as_described,2025-05-31T00:22:54,True
REF00507,TXN007194,12131.71,not_as_described,2025-03-13T21:44:17,False
REF00508,TXN007206,7449.8,product_not_received,2026-06-10T07:34:40,True
REF00509,TXN007220,6008.73,product_not_received,2025-07-03T19:46:55,False
REF00510,TXN007238,9222.45,customer_changed_mind,2025-05-25T17:09:13,True
REF00511,TXN007265,10194.3,duplicate_charge,2025-11-27T14:26:28,False
REF00512,TXN007268,5257.09,not_as_described,2025-01-01T02:49:12,True
REF00513,TXN007272,4197.63,duplicate_charge,2025-06-07T19:15:21,True
REF00514,TXN007293,14535.01,duplicate_charge,2025-10-27T17:47:36,True
REF00515,TXN007348,659.86,not_as_described,2026-06-18T17:54:56,True
REF00516,TXN007354,14242.21,duplicate_charge,2025-01-30T16:57:16,True
REF00517,TXN007355,14246.96,duplicate_charge,2026-01-11T12:04:34,True
REF00518,TXN007357,7389.85,customer_changed_mind,2025-03-19T02:19:44,True
REF00519,TXN007364,10053.15,product_not_received,2026-02-23T19:58:43,True
REF00520,TXN007365,11740.33,customer_changed_mind,2025-10-14T15:36:13,True
REF00521,TXN007368,12928.73,not_as_described,2026-06-08T02:43:14,True
REF00522,TXN007370,2683.31,customer_changed_mind,2025-08-12T00:27:15,False
REF00523,TXN007372,1862.39,not_as_described,2025-06-30T10:19:18,False
REF00524,TXN007397,9239.84,customer_changed_mind,2025-07-23T01:54:51,True
REF00525,TXN007407,9135.94,duplicate_charge,2025-05-13T14:22:33,True
REF00526,TXN007409,12526.54,not_as_described,2025-10-10T19:47:03,True
REF00527,TXN007433,4162.9,duplicate_charge,2025-12-26T02:05:00,True
REF00528,TXN007439,13780.42,product_not_received,2025-04-03T14:13:25,False
REF00529,TXN007444,6171.8,not_as_described,2025-09-22T23:10:07,False
REF00530,TXN007461,8590.87,customer_changed_mind,2026-01-06T00:29:30,False
REF00531,TXN007516,5796.02,customer_changed_mind,2025-04-12T10:31:10,False
REF00532,TXN007528,4512.91,customer_changed_mind,2025-06-12T19:00:11,False
REF00533,TXN007564,8468.09,customer_changed_mind,2025-10-12T01:43:59,True
REF00534,TXN007567,11952.21,customer_changed_mind,2025-07-04T19:33:09,True
REF00535,TXN007575,920.4,duplicate_charge,2025-08-04T06:38:04,True
REF00536,TXN007576,9821.52,not_as_described,2026-01-20T00:20:50,False
REF00537,TXN007579,3886.17,product_not_received,2025-10-25T22:11:36,False
REF00538,TXN007587,5365.68,duplicate_charge,2025-11-01T21:50:04,True
REF00539,TXN007605,11967.65,product_not_received,2025-07-02T19:49:08,False
REF00540,TXN007621,6763.8,duplicate_charge,2026-05-05T07:52:25,True
REF00541,TXN007626,7927.81,product_not_received,2025-08-06T08:57:59,True
REF00542,TXN007631,6888.76,customer_changed_mind,2025-09-02T00:02:39,False
REF00543,TXN007632,9279.18,product_not_received,2025-01-19T23:47:09,True
REF00544,TXN007633,4559.54,customer_changed_mind,2025-08-26T16:01:56,True
REF00545,TXN007639,9027.25,duplicate_charge,2025-07-10T21:43:37,True
REF00546,TXN007644,10535.22,product_not_received,2025-05-18T06:15:33,True
REF00547,TXN007660,1041.65,product_not_received,2025-11-29T01:01:38,True
REF00548,TXN007667,7810.55,product_not_received,2025-01-08T23:08:30,True
REF00549,TXN007700,1684.92,customer_changed_mind,2025-12-10T08:56:58,False
REF00550,TXN007735,11280.44,not_as_described,2025-10-05T19:47:21,True
REF00551,TXN007757,9896.55,customer_changed_mind,2025-01-27T23:01:14,False
REF00552,TXN007764,6068.06,product_not_received,2025-09-21T01:02:38,True
REF00553,TXN007766,4245.43,duplicate_charge,2025-10-03T06:11:34,True
REF00554,TXN007769,6542.84,not_as_described,2026-01-29T16:45:56,False
REF00555,TXN007771,8972.63,not_as_described,2025-11-26T02:25:06,True
REF00556,TXN007774,8160.66,duplicate_charge,2025-01-04T00:05:40,True
REF00557,TXN007780,13725.59,customer_changed_mind,2026-01-08T07:09:08,False
REF00558,TXN007785,11416.51,duplicate_charge,2026-05-27T10:22:39,True
REF00559,TXN007786,14478.19,duplicate_charge,2025-08-18T11:44:23,True
REF00560,TXN007789,9483.69,not_as_described,2025-06-20T03:54:28,False
REF00561,TXN007791,1283.85,product_not_received,2025-05-31T02:30:25,True
REF00562,TXN007836,12535.45,customer_changed_mind,2025-05-21T18:53:12,False
REF00563,TXN007848,1883.32,not_as_described,2026-06-25T20:58:19,True
REF00564,TXN007856,3739.23,duplicate_charge,2025-10-22T10:56:44,True
REF00565,TXN007858,6896.94,duplicate_charge,2025-08-15T17:18:42,True
REF00566,TXN007859,158.05,product_not_received,2026-06-03T10:09:01,True
REF00567,TXN007860,4894.75,duplicate_charge,2025-04-03T13:31:13,True
REF00568,TXN007864,12293.32,not_as_described,2025-10-09T12:37:24,False
REF00569,TXN007865,6893.3,not_as_described,2026-06-02T11:04:16,True
REF00570,TXN007883,751.57,customer_changed_mind,2025-07-12T01:16:18,True
REF00571,TXN007889,6120.71,not_as_described,2025-03-10T13:55:24,True
REF00572,TXN007930,4232.08,product_not_received,2025-10-11T23:27:18,True
REF00573,TXN007931,4018.91,product_not_received,2025-10-13T16:57:08,False
REF00574,TXN008030,797.83,not_as_described,2025-04-17T09:58:10,False
REF00575,TXN008048,14472.46,product_not_received,2025-07-19T00:04:42,True
REF00576,TXN008055,6500.5,duplicate_charge,2025-07-14T09:39:18,False
REF00577,TXN008066,8641.33,not_as_described,2025-04-20T11:40:38,True
REF00578,TXN008119,3387.93,customer_changed_mind,2025-06-17T20:36:27,True
REF00579,TXN008123,1154.32,duplicate_charge,2026-05-25T02:38:25,False
REF00580,TXN008140,13686.64,product_not_received,2026-03-24T12:50:30,True
REF00581,TXN008202,12452.32,customer_changed_mind,2025-05-24T19:25:14,True
REF00582,TXN008250,5373.93,product_not_received,2025-11-04T20:30:50,True
REF00583,TXN008274,13210.12,duplicate_charge,2025-04-15T09:49:23,False
REF00584,TXN008291,14497.53,product_not_received,2025-03-27T09:14:09,True
REF00585,TXN008375,11335.48,not_as_described,2025-06-27T18:29:52,True
REF00586,TXN008390,1160.51,customer_changed_mind,2025-12-20T00:54:56,True
REF00587,TXN008439,6625.92,customer_changed_mind,2026-04-26T00:43:18,True
REF00588,TXN008449,4371.74,customer_changed_mind,2025-06-23T04:26:37,True
REF00589,TXN008456,4287.49,not_as_described,2025-01-30T20:39:26,True
REF00590,TXN008461,11097.85,duplicate_charge,2025-11-20T14:49:01,False
REF00591,TXN008478,4270.66,duplicate_charge,2025-09-06T05:38:13,True
REF00592,TXN008506,11610.42,duplicate_charge,2025-07-05T16:09:22,True
REF00593,TXN008534,333.22,duplicate_charge,2025-06-25T17:20:10,True
REF00594,TXN008597,9925.82,duplicate_charge,2025-06-18T13:54:32,True
REF00595,TXN008601,10640.13,customer_changed_mind,2026-04-26T16:27:12,True
REF00596,TXN008706,3972.89,duplicate_charge,2026-05-31T06:54:04,True
REF00597,TXN008707,14219.42,customer_changed_mind,2025-06-04T20:07:38,True
REF00598,TXN008717,10814.7,customer_changed_mind,2026-01-17T18:58:32,True
REF00599,TXN008721,8259.71,duplicate_charge,2026-02-13T07:45:58,False
REF00600,TXN008737,3274.58,not_as_described,2025-02-03T13:16:40,True
REF00601,TXN008763,1198.23,product_not_received,2025-05-28T18:43:19,True
REF00602,TXN008771,10991.62,customer_changed_mind,2025-06-23T04:00:50,False
REF00603,TXN008803,6170.61,duplicate_charge,2026-03-29T03:03:09,False
REF00604,TXN008840,11724.34,not_as_described,2025-01-20T18:20:38,False
REF00605,TXN008852,7411.04,customer_changed_mind,2025-12-22T18:59:48,False
REF00606,TXN008893,12066.58,not_as_described,2025-09-24T05:53:50,False
REF00607,TXN008896,5543.18,product_not_received,2025-01-04T07:12:31,True
REF00608,TXN008912,1735.8,duplicate_charge,2025-03-01T14:04:19,False
REF00609,TXN008919,189.15,product_not_received,2025-04-23T19:35:45,False
REF00610,TXN008950,3935.17,product_not_received,2025-12-06T00:54:03,True
REF00611,TXN008957,5313.54,product_not_received,2025-03-26T15:07:16,True
REF00612,TXN008960,888.34,duplicate_charge,2025-01-23T15:26:31,False
REF00613,TXN008963,5264.38,duplicate_charge,2026-01-21T20:59:44,True
REF00614,TXN008970,2555.06,product_not_received,2025-12-31T12:49:30,False
REF00615,TXN008975,7928.86,duplicate_charge,2025-06-21T06:24:32,False
REF00616,TXN008980,14087.69,customer_changed_mind,2025-10-04T14:20:59,True
REF00617,TXN009001,3395.92,not_as_described,2025-12-31T12:23:50,True
REF00618,TXN009034,14529.93,duplicate_charge,2025-07-25T05:03:49,False
REF00619,TXN009035,3648.01,not_as_described,2025-01-11T11:11:53,True
REF00620,TXN009041,2463.48,customer_changed_mind,2025-08-04T09:06:36,True
REF00621,TXN009042,9558.62,duplicate_charge,2026-04-08T06:12:08,True
REF00622,TXN009045,6551.52,product_not_received,2025-03-30T07:56:45,True
REF00623,TXN009047,9185.09,customer_changed_mind,2025-03-14T21:43:30,True
REF00624,TXN009050,13442.62,product_not_received,2025-05-17T04:47:19,True
REF00625,TXN009052,3026.39,not_as_described,2025-12-10T00:14:21,True
REF00626,TXN009054,128.91,not_as_described,2025-01-01T21:22:23,True
REF00627,TXN009055,3787.13,not_as_described,2025-07-23T14:36:46,True
REF00628,TXN009056,557.65,customer_changed_mind,2025-06-07T02:15:02,False
REF00629,TXN009058,14857.0,duplicate_charge,2025-04-26T08:51:56,True
REF00630,TXN009075,13002.29,customer_changed_mind,2026-02-08T03:53:30,True
REF00631,TXN009094,1322.89,duplicate_charge,2026-01-18T15:13:49,False
REF00632,TXN009100,3584.28,product_not_received,2025-12-10T15:27:59,True
REF00633,TXN009117,868.67,product_not_received,2025-10-14T13:24:59,True
REF00634,TXN009129,9367.46,customer_changed_mind,2025-09-04T23:25:28,True
REF00635,TXN009141,5939.12,duplicate_charge,2025-10-07T18:27:37,True
REF00636,TXN009160,8106.69,not_as_described,2025-04-03T00:37:35,False
REF00637,TXN009189,11553.03,product_not_received,2026-04-27T23:04:26,True
REF00638,TXN009193,2620.72,product_not_received,2026-04-27T00:14:09,True
REF00639,TXN009195,4050.94,not_as_described,2025-03-09T20:17:54,True
REF00640,TXN009197,13011.54,not_as_described,2026-06-22T02:50:10,True
REF00641,TXN009213,14220.2,duplicate_charge,2025-06-28T20:00:25,True
REF00642,TXN009216,13992.97,not_as_described,2026-01-17T14:57:26,True
REF00643,TXN009268,7929.75,product_not_received,2025-10-25T21:56:27,False
REF00644,TXN009310,3409.3,customer_changed_mind,2025-05-30T04:57:43,True
REF00645,TXN009331,9706.8,product_not_received,2026-01-12T21:14:23,False
REF00646,TXN009332,8408.32,customer_changed_mind,2025-09-24T17:31:59,False
REF00647,TXN009363,13448.75,duplicate_charge,2025-09-24T00:54:12,True
REF00648,TXN009376,6610.7,customer_changed_mind,2025-06-30T00:40:25,True
REF00649,TXN009402,4604.75,product_not_received,2025-02-06T06:36:05,False
REF00650,TXN009413,8727.31,duplicate_charge,2025-04-16T03:16:58,False
REF00651,TXN009423,5705.01,duplicate_charge,2025-10-30T16:08:01,True
REF00652,TXN009448,5789.82,not_as_described,2026-06-17T17:41:04,True
REF00653,TXN009452,5429.56,customer_changed_mind,2026-05-04T11:02:29,False
REF00654,TXN009463,10744.69,duplicate_charge,2025-10-26T15:44:46,True
REF00655,TXN009477,14021.21,customer_changed_mind,2026-05-30T10:46:37,True
REF00656,TXN009484,8792.2,not_as_described,2026-06-13T04:58:14,False
REF00657,TXN009550,9186.74,duplicate_charge,2025-06-21T09:04:10,True
REF00658,TXN009571,5483.9,customer_changed_mind,2025-02-19T08:37:49,True
REF00659,TXN009592,2823.88,not_as_described,2025-07-11T04:30:20,True
REF00660,TXN009626,1881.97,duplicate_charge,2025-09-17T00:20:13,False
REF00661,TXN009653,10089.97,customer_changed_mind,2025-08-02T12:52:54,True
REF00662,TXN009654,1910.01,customer_changed_mind,2025-09-21T04:48:03,True
REF00663,TXN009699,6058.11,duplicate_charge,2025-02-07T11:50:30,False
REF00664,TXN009703,6056.26,not_as_described,2025-12-29T10:12:23,True
REF00665,TXN009718,6008.25,product_not_received,2025-01-09T05:10:10,True
REF00666,TXN009724,11372.48,duplicate_charge,2025-11-14T15:27:14,True
REF00667,TXN009733,4890.01,product_not_received,2025-12-28T01:52:15,True
REF00668,TXN009752,14028.53,product_not_received,2026-02-20T12:11:22,True
REF00669,TXN009764,1742.66,duplicate_charge,2026-05-12T21:52:29,True
REF00670,TXN009765,5238.8,product_not_received,2025-10-14T20:34:34,False
REF00671,TXN009795,1068.84,product_not_received,2025-10-06T06:34:50,False
REF00672,TXN009797,9524.33,duplicate_charge,2026-02-21T04:33:23,True
REF00673,TXN009800,6883.83,product_not_received,2025-06-26T10:46:24,True
REF00674,TXN009803,1123.04,not_as_described,2025-12-23T17:02:08,True
REF00675,TXN009804,6090.14,duplicate_charge,2025-02-19T03:51:21,True
REF00676,TXN009808,10249.32,not_as_described,2026-06-04T20:30:34,True
REF00677,TXN009811,4469.03,duplicate_charge,2026-01-29T22:39:47,True
REF00678,TXN009816,3234.96,not_as_described,2025-10-13T02:21:16,True
REF00679,TXN009817,6550.17,product_not_received,2026-02-20T09:25:05,True
REF00680,TXN009819,10256.42,not_as_described,2026-01-16T15:46:04,False
REF00681,TXN009849,12257.58,product_not_received,2025-07-16T20:55:56,True
REF00682,TXN009851,9036.11,not_as_described,2025-10-16T02:32:53,True
REF00683,TXN009856,2680.24,customer_changed_mind,2025-05-24T17:28:52,True
REF00684,TXN009868,3821.51,product_not_received,2025-09-23T03:07:22,False
REF00685,TXN009869,3649.78,duplicate_charge,2025-03-06T04:06:11,True
REF00686,TXN009872,6331.05,duplicate_charge,2025-07-16T07:32:59,False
REF00687,TXN009873,10787.15,product_not_received,2025-04-22T02:47:23,False
REF00688,TXN009877,2110.92,product_not_received,2026-06-01T11:40:49,True
REF00689,TXN009878,7893.02,customer_changed_mind,2025-09-14T00:33:37,True
REF00690,TXN009905,10476.01,product_not_received,2025-12-05T02:26:55,True
REF00691,TXN009908,354.21,duplicate_charge,2026-06-10T16:10:52,True
REF00692,TXN009959,4836.95,customer_changed_mind,2025-04-21T09:50:15,True
REF00693,TXN009962,12445.59,duplicate_charge,2025-06-03T12:55:17,True
REF00694,TXN009966,111.14,not_as_described,2026-05-21T06:20:13,True
REF00695,TXN009972,8045.86,not_as_described,2025-07-14T17:53:49,False
REF00696,TXN009981,8386.71,not_as_described,2025-10-14T16:57:12,True
REF00697,TXN009984,12137.61,not_as_described,2025-02-23T06:35:55,False
REF00698,TXN009985,8256.45,customer_changed_mind,2025-08-23T06:20:55,True
REF00699,TXN009997,12669.88,duplicate_charge,2025-04-05T04:07:34,False
REF00700,TXN010000,6376.0,customer_changed_mind,2025-04-08T05:33:42,True
REF00701,TXN010009,8472.02,product_not_received,2026-04-19T01:27:56,False
REF00702,TXN010012,12372.38,not_as_described,2025-05-22T07:22:12,False
REF00703,TXN010013,3365.35,not_as_described,2026-06-04T03:21:30,True
REF00704,TXN010014,12416.37,customer_changed_mind,2025-07-11T03:20:11,False
REF00705,TXN010015,3051.35,not_as_described,2025-04-13T03:20:31,False
REF00706,TXN010017,2521.32,customer_changed_mind,2026-03-25T07:09:51,True
REF00707,TXN010019,8375.07,customer_changed_mind,2026-05-06T17:29:01,False
REF00708,TXN010023,9103.66,product_not_received,2025-08-17T00:28:28,True
REF00709,TXN010026,12726.74,not_as_described,2025-02-23T02:34:30,False
REF00710,TXN010027,12110.63,product_not_received,2025-11-28T08:43:53,True
REF00711,TXN010028,10339.07,duplicate_charge,2026-03-17T08:27:53,True
REF00712,TXN010032,11457.8,customer_changed_mind,2025-01-03T12:34:54,False
REF00713,TXN010034,11088.15,customer_changed_mind,2025-03-31T06:10:50,False
REF00714,TXN010042,6037.93,customer_changed_mind,2026-03-19T09:47:51,False
REF00715,TXN010051,7901.88,not_as_described,2026-03-08T14:22:21,True
REF00716,TXN010053,11433.21,customer_changed_mind,2025-11-06T22:19:39,True
REF00717,TXN010058,10166.89,customer_changed_mind,2025-04-12T02:25:20,True
REF00718,TXN010064,9423.76,customer_changed_mind,2025-01-23T01:15:35,True
REF00719,TXN010089,871.53,customer_changed_mind,2025-12-05T11:49:31,True
REF00720,TXN010098,12290.88,duplicate_charge,2025-01-19T20:47:53,True
REF00721,TXN010102,10544.16,product_not_received,2025-09-21T15:30:22,True
REF00722,TXN010107,12810.97,not_as_described,2025-02-04T18:20:57,False
REF00723,TXN010110,10700.87,customer_changed_mind,2025-06-10T08:39:52,False
REF00724,TXN010114,4803.72,not_as_described,2026-04-23T21:12:34,True
REF00725,TXN010115,6191.83,product_not_received,2025-11-26T18:11:36,True
REF00726,TXN010118,11080.88,customer_changed_mind,2025-12-01T21:17:02,False
REF00727,TXN010122,11715.53,customer_changed_mind,2026-05-05T19:40:13,True
REF00728,TXN010136,3828.76,not_as_described,2025-04-21T09:23:49,True
REF00729,TXN010140,13945.18,customer_changed_mind,2025-02-25T18:08:51,True
REF00730,TXN010161,13243.1,customer_changed_mind,2025-08-02T15:42:24,True
REF00731,TXN010164,8530.91,not_as_described,2025-11-22T23:15:42,True
REF00732,TXN010168,3710.99,not_as_described,2025-09-13T03:00:46,True
REF00733,TXN010188,9109.92,customer_changed_mind,2025-02-12T13:39:37,True
REF00734,TXN010206,3116.08,not_as_described,2025-05-06T07:33:32,True
REF00735,TXN010210,7753.0,not_as_described,2026-04-05T02:48:18,True
REF00736,TXN010228,14302.75,customer_changed_mind,2025-07-09T18:32:48,False
REF00737,TXN010234,2206.2,product_not_received,2025-05-04T05:15:30,True
REF00738,TXN010291,6951.71,customer_changed_mind,2026-04-11T05:57:02,True
REF00739,TXN010295,933.22,customer_changed_mind,2026-05-26T09:24:01,True
REF00740,TXN010300,1723.59,customer_changed_mind,2025-06-06T15:53:19,True
REF00741,TXN010304,2062.31,not_as_described,2025-09-05T05:44:38,False
REF00742,TXN010305,8923.63,product_not_received,2026-01-15T20:31:00,False
REF00743,TXN010306,3994.23,product_not_received,2025-01-06T08:55:34,True
REF00744,TXN010307,14237.32,not_as_described,2026-06-05T15:03:06,True
REF00745,TXN010308,4205.85,customer_changed_mind,2025-12-06T02:16:27,True
REF00746,TXN010311,14717.72,duplicate_charge,2025-05-14T20:13:40,False
REF00747,TXN010312,8452.9,not_as_described,2025-03-23T03:03:40,False
REF00748,TXN010335,1430.15,duplicate_charge,2026-04-19T06:32:17,True
REF00749,TXN010392,6639.69,customer_changed_mind,2025-05-30T05:11:28,True
REF00750,TXN010448,13160.64,customer_changed_mind,2026-06-02T02:17:40,True
REF00751,TXN010458,4916.66,duplicate_charge,2026-02-07T05:52:22,True
REF00752,TXN010485,981.13,duplicate_charge,2026-02-28T05:32:36,False
REF00753,TXN010498,6578.74,not_as_described,2026-03-10T07:00:16,False
REF00754,TXN010511,11554.55,customer_changed_mind,2025-08-13T15:49:12,False
REF00755,TXN010563,2665.07,not_as_described,2026-03-08T06:32:11,True
REF00756,TXN010690,791.02,not_as_described,2026-02-10T09:24:08,True
REF00757,TXN010711,10459.39,product_not_received,2026-02-01T04:38:32,False
REF00758,TXN010725,10255.38,duplicate_charge,2025-07-16T15:17:02,True
REF00759,TXN010728,8250.08,customer_changed_mind,2026-01-01T07:24:20,True
REF00760,TXN010733,7593.53,product_not_received,2026-03-11T06:19:03,True
REF00761,TXN010742,8260.76,customer_changed_mind,2025-05-16T12:39:26,True
REF00762,TXN010782,9822.81,duplicate_charge,2025-05-04T18:59:53,True
REF00763,TXN010797,13989.97,product_not_received,2025-11-15T13:58:11,True
REF00764,TXN010798,7970.39,product_not_received,2025-04-10T23:39:36,True
REF00765,TXN010809,6421.61,duplicate_charge,2026-01-14T12:58:22,False
REF00766,TXN010843,5173.27,customer_changed_mind,2026-05-21T16:34:11,False
REF00767,TXN010866,9160.03,duplicate_charge,2025-03-23T15:26:51,True
REF00768,TXN010867,9030.03,product_not_received,2025-04-05T21:44:55,True
REF00769,TXN010868,7377.41,customer_changed_mind,2025-08-31T04:13:32,True
REF00770,TXN010869,14459.9,customer_changed_mind,2025-04-27T00:12:16,False
REF00771,TXN010871,12276.32,customer_changed_mind,2025-01-24T20:37:30,False
REF00772,TXN010873,14250.62,not_as_described,2025-04-13T09:18:45,True
REF00773,TXN010874,3962.68,product_not_received,2025-10-16T23:37:32,False
REF00774,TXN010875,12770.2,customer_changed_mind,2025-01-04T16:16:43,True
REF00775,TXN010876,14066.71,duplicate_charge,2025-11-23T19:18:08,True
REF00776,TXN010877,8600.48,not_as_described,2025-09-18T16:59:23,False
REF00777,TXN010901,7158.75,not_as_described,2025-04-21T02:03:23,True
REF00778,TXN010911,7942.0,not_as_described,2026-04-07T15:35:18,True
REF00779,TXN010920,14262.85,not_as_described,2025-02-12T14:33:51,True
REF00780,TXN010933,1756.76,product_not_received,2026-03-02T07:12:53,False
REF00781,TXN010950,6952.44,duplicate_charge,2026-03-06T08:28:42,True
REF00782,TXN010958,6364.51,duplicate_charge,2025-05-08T10:37:35,True
REF00783,TXN010961,144.69,duplicate_charge,2025-08-31T13:36:31,True
REF00784,TXN010971,5007.9,customer_changed_mind,2026-03-16T00:05:36,True
REF00785,TXN010989,1688.31,customer_changed_mind,2025-03-13T05:27:30,True
REF00786,TXN010991,4846.54,customer_changed_mind,2026-02-04T17:28:58,True
REF00787,TXN010994,5506.1,not_as_described,2026-01-15T09:29:54,True
REF00788,TXN010998,3128.06,not_as_described,2025-05-09T06:08:56,False
REF00789,TXN011022,3893.45,customer_changed_mind,2025-12-26T06:45:42,True
REF00790,TXN011035,7706.72,product_not_received,2025-02-16T11:37:55,True
REF00791,TXN011036,2531.47,not_as_described,2026-01-09T08:35:33,True
REF00792,TXN011037,5715.75,not_as_described,2025-09-27T18:51:32,True
REF00793,TXN011038,9501.89,not_as_described,2026-05-04T13:23:46,False
REF00794,TXN011039,4127.25,product_not_received,2026-02-04T10:22:36,True
REF00795,TXN011040,282.74,product_not_received,2025-06-26T19:07:17,False
REF00796,TXN011043,14233.81,not_as_described,2026-06-17T20:16:11,False
REF00797,TXN011045,4947.95,not_as_described,2025-05-24T05:25:50,True
REF00798,TXN011046,8219.89,duplicate_charge,2025-09-01T00:54:32,False
REF00799,TXN011048,13560.43,duplicate_charge,2025-05-02T03:35:11,True
REF00800,TXN011049,3431.82,product_not_received,2026-05-18T10:33:23,True
REF00801,TXN011053,13592.24,not_as_described,2026-03-17T12:42:03,False
REF00802,TXN011055,9912.89,product_not_received,2025-11-18T00:44:04,True
REF00803,TXN011057,12449.82,product_not_received,2025-09-07T03:56:44,True
REF00804,TXN011058,5806.18,customer_changed_mind,2026-06-24T10:45:03,True
REF00805,TXN011059,7445.9,not_as_described,2025-03-01T13:29:35,False
REF00806,TXN011090,978.83,not_as_described,2025-10-15T05:41:07,True
REF00807,TXN011179,11515.24,not_as_described,2025-12-14T15:36:19,True
REF00808,TXN011212,13382.89,duplicate_charge,2025-09-23T02:25:37,True
REF00809,TXN011262,4635.29,product_not_received,2025-12-25T02:00:58,True
REF00810,TXN011297,1988.1,not_as_described,2026-02-25T19:27:42,False
REF00811,TXN011307,1017.9,duplicate_charge,2026-03-14T00:20:53,True
REF00812,TXN011308,4776.03,customer_changed_mind,2026-06-21T06:31:14,True
REF00813,TXN011327,3161.96,duplicate_charge,2025-03-04T21:20:32,True
REF00814,TXN011329,3002.92,not_as_described,2025-03-26T00:21:20,True
REF00815,TXN011332,10343.97,customer_changed_mind,2025-06-21T03:05:58,True
REF00816,TXN011334,5760.65,not_as_described,2025-07-03T03:40:33,False
REF00817,TXN011335,5766.03,duplicate_charge,2025-08-03T18:35:38,True
REF00818,TXN011340,14675.03,not_as_described,2025-01-04T22:11:29,True
REF00819,TXN011343,12994.23,customer_changed_mind,2025-11-07T23:05:34,False
REF00820,TXN011346,4993.94,customer_changed_mind,2025-07-18T14:50:21,True
REF00821,TXN011347,9460.69,not_as_described,2025-08-18T18:07:29,False
REF00822,TXN011349,12877.78,duplicate_charge,2025-11-02T22:25:13,False
REF00823,TXN011350,1154.98,not_as_described,2025-02-06T00:42:35,True
REF00824,TXN011354,1115.72,customer_changed_mind,2025-10-01T11:21:40,False
REF00825,TXN011464,895.78,not_as_described,2025-06-22T10:30:16,True
REF00826,TXN011530,8037.83,product_not_received,2026-02-17T03:04:01,True
REF00827,TXN011531,1295.71,not_as_described,2025-02-15T02:55:03,True
REF00828,TXN011532,10501.38,product_not_received,2025-12-27T21:12:40,True
REF00829,TXN011536,13360.93,product_not_received,2026-05-22T17:50:29,True
REF00830,TXN011539,9549.57,not_as_described,2025-02-26T23:32:58,True
REF00831,TXN011542,14992.0,customer_changed_mind,2026-04-27T12:31:41,True
REF00832,TXN011547,1273.03,customer_changed_mind,2025-02-20T07:19:37,False
REF00833,TXN011549,11155.9,customer_changed_mind,2025-09-14T13:32:35,True
REF00834,TXN011552,1418.82,duplicate_charge,2026-04-20T11:50:42,True
REF00835,TXN011559,9136.38,product_not_received,2025-01-31T11:12:51,True
REF00836,TXN011580,5648.38,duplicate_charge,2025-09-13T09:00:51,True
REF00837,TXN011597,14336.07,duplicate_charge,2025-08-05T15:26:17,False
REF00838,TXN011601,7914.12,duplicate_charge,2026-05-23T03:23:48,False
REF00839,TXN011612,14356.29,duplicate_charge,2025-09-20T23:43:18,True
REF00840,TXN011644,11544.37,product_not_received,2025-10-07T15:54:03,True
REF00841,TXN011649,13201.41,not_as_described,2025-11-20T14:49:31,True
REF00842,TXN011686,13952.34,not_as_described,2025-02-18T08:47:06,False
REF00843,TXN011729,4359.57,not_as_described,2026-03-05T18:42:46,False
REF00844,TXN011757,9639.22,product_not_received,2025-08-19T23:22:06,True
REF00845,TXN011763,10490.97,customer_changed_mind,2025-05-27T02:13:49,True
REF00846,TXN011796,10875.86,not_as_described,2025-04-11T20:31:13,True
REF00847,TXN011799,8965.07,product_not_received,2025-12-28T08:21:57,True
REF00848,TXN011801,8366.8,not_as_described,2025-12-30T05:56:59,True
REF00849,TXN011804,13766.7,customer_changed_mind,2026-05-10T05:35:32,False
REF00850,TXN011805,11495.28,product_not_received,2026-02-01T05:24:53,True
REF00851,TXN011806,8702.95,not_as_described,2025-04-29T15:15:20,True
REF00852,TXN011807,4286.07,customer_changed_mind,2025-07-22T04:50:16,True
REF00853,TXN011810,11632.19,duplicate_charge,2026-04-25T18:34:36,True
REF00854,TXN011811,2881.0,customer_changed_mind,2025-07-24T23:06:46,True
REF00855,TXN011814,1459.99,duplicate_charge,2025-03-01T07:11:15,False
REF00856,TXN011888,5133.72,customer_changed_mind,2025-12-16T04:48:11,False
REF00857,TXN011905,14409.3,duplicate_charge,2026-06-17T23:52:17,True
REF00858,TXN011919,3786.4,duplicate_charge,2025-03-02T17:06:52,True
REF00859,TXN011920,3990.38,product_not_received,2025-12-26T13:35:09,True
REF00860,TXN011922,931.92,customer_changed_mind,2025-07-07T08:16:32,False
REF00861,TXN011974,5552.98,product_not_received,2025-09-05T08:11:58,True
REF00862,TXN011977,3330.38,not_as_described,2026-01-09T13:44:10,True
REF00863,TXN011987,1642.74,duplicate_charge,2025-01-04T02:57:31,True
REF00864,TXN011988,4030.3,not_as_described,2025-01-28T13:49:50,True
REF00865,TXN012027,7925.86,not_as_described,2025-05-17T15:13:04,True
REF00866,TXN012076,5441.71,product_not_received,2025-05-04T20:21:29,True
REF00867,TXN012084,11647.43,customer_changed_mind,2025-12-11T00:00:30,False
REF00868,TXN012121,4167.29,duplicate_charge,2025-03-19T05:43:18,True
REF00869,TXN012140,11409.48,product_not_received,2025-04-18T13:48:08,True
REF00870,TXN012177,5527.76,not_as_described,2025-01-09T07:22:08,False
REF00871,TXN012187,8207.04,duplicate_charge,2025-07-12T12:24:55,True
REF00872,TXN012196,5321.92,not_as_described,2026-04-13T00:53:58,True
REF00873,TXN012267,9643.79,product_not_received,2026-05-18T21:59:30,True
REF00874,TXN012271,11401.86,product_not_received,2025-10-20T19:14:32,False
REF00875,TXN012272,9481.04,product_not_received,2025-04-02T09:19:26,True
REF00876,TXN012274,9412.52,product_not_received,2025-04-14T01:40:03,True
REF00877,TXN012275,10756.8,duplicate_charge,2026-04-10T08:48:53,False
REF00878,TXN012276,5393.57,customer_changed_mind,2025-05-22T20:26:33,True
REF00879,TXN012280,11593.87,duplicate_charge,2025-12-03T21:45:48,True
REF00880,TXN012283,14692.09,customer_changed_mind,2025-02-28T04:41:03,True
REF00881,TXN012294,8215.41,product_not_received,2025-10-20T07:18:43,False
REF00882,TXN012333,8543.87,customer_changed_mind,2025-10-22T00:38:39,False
REF00883,TXN012341,10811.92,customer_changed_mind,2025-10-04T16:06:29,True
REF00884,TXN012366,4577.53,duplicate_charge,2025-01-20T03:41:06,True
REF00885,TXN012381,2030.85,customer_changed_mind,2025-05-26T00:52:36,False
REF00886,TXN012389,3208.02,duplicate_charge,2025-11-07T02:32:08,True
REF00887,TXN012391,12363.29,customer_changed_mind,2025-03-30T11:02:34,True
REF00888,TXN012397,10922.97,product_not_received,2025-01-03T01:08:49,True
REF00889,TXN012407,11170.02,not_as_described,2026-03-14T05:54:56,False
REF00890,TXN012409,2798.28,duplicate_charge,2025-09-20T10:24:04,True
REF00891,TXN012422,10357.23,product_not_received,2025-08-23T08:52:02,False
REF00892,TXN012434,7401.77,product_not_received,2025-04-01T21:49:38,False
REF00893,TXN012475,14483.19,product_not_received,2026-02-15T06:32:46,False
REF00894,TXN012493,3335.38,product_not_received,2025-04-03T14:52:01,False
REF00895,TXN012512,2877.15,product_not_received,2026-01-08T12:46:41,True
REF00896,TXN012526,9215.98,product_not_received,2025-01-10T17:16:03,True
REF00897,TXN012535,8127.64,not_as_described,2026-05-04T01:23:24,True
REF00898,TXN012536,14792.81,customer_changed_mind,2025-03-13T12:12:34,False
REF00899,TXN012565,12719.2,customer_changed_mind,2025-06-02T13:21:51,False
REF00900,TXN012574,7805.32,customer_changed_mind,2025-02-13T22:49:40,True
REF00901,TXN012625,11625.63,not_as_described,2025-01-26T19:48:12,True
REF00902,TXN012679,7587.41,duplicate_charge,2025-12-19T06:25:10,False
REF00903,TXN012709,7974.74,duplicate_charge,2026-03-30T17:29:38,True
REF00904,TXN012724,12838.56,not_as_described,2026-04-04T22:41:21,True
REF00905,TXN012762,13800.63,duplicate_charge,2026-02-05T18:19:40,True
REF00906,TXN012808,10018.28,not_as_described,2025-03-17T06:36:03,True
REF00907,TXN012810,3583.72,product_not_received,2025-05-10T03:38:36,False
REF00908,TXN012811,348.02,product_not_received,2026-04-09T06:08:06,False
REF00909,TXN012816,4795.52,product_not_received,2026-02-01T19:52:27,True
REF00910,TXN012818,1558.64,duplicate_charge,2026-04-01T11:51:07,True
REF00911,TXN012819,601.43,duplicate_charge,2025-04-29T09:29:27,False
REF00912,TXN012824,9197.45,product_not_received,2025-04-03T12:30:33,True
REF00913,TXN012879,9660.99,product_not_received,2025-05-29T08:09:39,False
REF00914,TXN012888,11575.15,product_not_received,2026-01-25T07:56:41,False
REF00915,TXN012902,267.89,customer_changed_mind,2025-01-01T16:16:42,True
REF00916,TXN012909,5817.31,product_not_received,2026-01-03T00:21:03,False
REF00917,TXN012916,10006.86,not_as_described,2025-08-04T18:29:27,True
REF00918,TXN012918,9078.99,duplicate_charge,2025-04-26T19:09:31,True
REF00919,TXN012919,4203.13,duplicate_charge,2025-03-24T12:20:48,True
REF00920,TXN012921,3681.69,not_as_described,2025-12-20T17:02:25,False
REF00921,TXN012953,228.45,duplicate_charge,2025-05-04T13:06:38,True
REF00922,TXN012969,14025.5,not_as_described,2025-09-19T11:18:28,True
REF00923,TXN012993,14945.1,not_as_described,2025-08-23T09:33:34,False
REF00924,TXN012996,2340.62,customer_changed_mind,2025-07-16T23:38:50,False
REF00925,TXN013025,4068.13,duplicate_charge,2026-02-02T19:32:39,False
REF00926,TXN013035,10928.2,duplicate_charge,2025-06-16T10:07:14,True
REF00927,TXN013038,3197.86,not_as_described,2026-03-14T12:14:27,True
REF00928,TXN013041,11748.97,not_as_described,2026-03-27T10:11:56,True
REF00929,TXN013042,7448.42,product_not_received,2025-09-06T09:16:53,True
REF00930,TXN013044,12509.8,customer_changed_mind,2025-03-13T21:13:22,True
REF00931,TXN013046,1090.25,duplicate_charge,2026-03-24T23:28:47,True
REF00932,TXN013050,8995.17,customer_changed_mind,2025-07-25T01:42:26,True
REF00933,TXN013056,10818.09,customer_changed_mind,2025-12-24T02:09:10,True
REF00934,TXN013058,7009.91,product_not_received,2025-01-20T14:23:58,False
REF00935,TXN013071,9794.1,not_as_described,2025-01-22T08:10:44,False
REF00936,TXN013092,2416.68,duplicate_charge,2025-11-03T01:41:27,False
REF00937,TXN013138,13818.68,duplicate_charge,2025-11-15T18:20:59,True
REF00938,TXN013140,4271.96,product_not_received,2025-02-24T03:33:30,True
REF00939,TXN013151,14160.26,duplicate_charge,2025-05-06T01:26:34,True
REF00940,TXN013187,7241.8,product_not_received,2025-03-10T16:55:44,False
REF00941,TXN013250,3384.14,not_as_described,2026-06-09T02:48:54,True
REF00942,TXN013270,11818.85,product_not_received,2025-02-09T04:28:06,False
REF00943,TXN013272,7266.74,product_not_received,2026-04-17T07:21:59,False
REF00944,TXN013277,3892.41,customer_changed_mind,2025-12-06T03:35:22,True
REF00945,TXN013297,9131.7,duplicate_charge,2025-06-26T05:09:59,False
REF00946,TXN013362,14663.91,product_not_received,2025-11-28T15:31:52,False
REF00947,TXN013369,8198.7,not_as_described,2025-06-26T19:48:19,True
REF00948,TXN013385,4107.1,customer_changed_mind,2026-01-10T18:28:21,True
REF00949,TXN013386,9778.26,customer_changed_mind,2025-03-08T22:54:24,True
REF00950,TXN013399,10041.98,not_as_described,2026-02-22T05:04:07,True
REF00951,TXN013412,10894.17,not_as_described,2025-09-05T23:00:11,True
REF00952,TXN013459,140.82,customer_changed_mind,2025-07-10T21:10:38,True
REF00953,TXN013467,10373.45,not_as_described,2025-07-21T01:13:01,True
REF00954,TXN013541,12187.11,duplicate_charge,2025-06-30T13:51:02,True
REF00955,TXN013552,6310.4,customer_changed_mind,2025-01-16T22:32:29,True
REF00956,TXN013553,10441.66,product_not_received,2025-01-02T06:19:16,True
REF00957,TXN013558,13349.7,not_as_described,2025-04-09T10:36:26,True
REF00958,TXN013559,9473.65,not_as_described,2026-01-08T12:42:51,False
REF00959,TXN013561,2190.8,product_not_received,2025-12-21T10:39:49,True
REF00960,TXN013566,11059.21,duplicate_charge,2025-12-03T11:19:54,False
REF00961,TXN013581,9809.06,customer_changed_mind,2026-01-06T13:54:56,True
REF00962,TXN013587,5026.0,duplicate_charge,2025-03-01T10:25:58,True
REF00963,TXN013591,7522.66,duplicate_charge,2025-02-02T08:00:41,False
REF00964,TXN013599,2703.0,duplicate_charge,2026-02-12T21:44:03,True
REF00965,TXN013612,5237.48,product_not_received,2025-04-30T02:09:01,False
REF00966,TXN013639,14579.26,product_not_received,2026-01-01T17:50:02,True
REF00967,TXN013651,381.66,duplicate_charge,2026-02-21T21:06:22,False
REF00968,TXN013660,14541.83,not_as_described,2025-07-02T19:51:10,True
REF00969,TXN013760,7781.18,not_as_described,2025-01-27T17:09:37,True
REF00970,TXN013769,7585.18,not_as_described,2025-04-04T03:32:19,True
REF00971,TXN013780,14060.16,duplicate_charge,2026-02-12T03:40:45,True
REF00972,TXN013820,637.38,product_not_received,2026-05-06T00:12:35,False
REF00973,TXN013854,229.3,customer_changed_mind,2026-03-02T07:41:27,True
REF00974,TXN013868,6530.38,not_as_described,2025-04-12T12:07:20,True
REF00975,TXN013870,5364.59,product_not_received,2026-01-18T04:16:52,False
REF00976,TXN013874,13269.37,not_as_described,2025-04-23T14:26:49,True
REF00977,TXN013876,7085.57,customer_changed_mind,2025-01-18T16:33:18,True
REF00978,TXN013877,9309.29,not_as_described,2026-02-20T17:53:09,True
REF00979,TXN013881,4730.78,not_as_described,2025-07-12T03:45:34,True
REF00980,TXN013887,14656.2,not_as_described,2025-06-06T23:49:31,True
REF00981,TXN013892,8293.11,duplicate_charge,2025-11-10T03:02:56,False
REF00982,TXN013921,7079.7,product_not_received,2025-01-10T11:48:30,False
REF00983,TXN013944,11199.16,duplicate_charge,2026-05-12T08:23:09,True
REF00984,TXN013964,8743.83,product_not_received,2026-06-07T11:51:47,True
REF00985,TXN014001,849.26,product_not_received,2025-08-11T07:36:42,True
REF00986,TXN014006,11964.0,duplicate_charge,2025-12-23T01:44:34,False
REF00987,TXN014022,4144.58,duplicate_charge,2025-12-26T06:09:57,True
REF00988,TXN014039,10761.9,customer_changed_mind,2026-02-05T03:00:25,False
REF00989,TXN014048,14553.12,not_as_described,2025-10-05T04:23:10,False
REF00990,TXN014061,11406.43,not_as_described,2026-02-06T04:49:41,False
REF00991,TXN014064,7197.11,not_as_described,2026-01-30T10:58:01,True
REF00992,TXN014068,14803.26,customer_changed_mind,2026-03-12T20:47:46,True
REF00993,TXN014070,8064.53,customer_changed_mind,2025-04-01T14:48:47,True
REF00994,TXN014073,7513.15,product_not_received,2026-01-30T08:48:06,False
REF00995,TXN014080,11302.42,customer_changed_mind,2025-09-19T10:34:00,False
REF00996,TXN014086,8928.17,product_not_received,2025-01-05T02:36:43,False
REF00997,TXN014102,1834.84,customer_changed_mind,2025-08-28T01:06:57,True
REF00998,TXN014149,725.04,product_not_received,2025-12-16T12:13:55,True
REF00999,TXN014163,7287.57,customer_changed_mind,2025-02-27T13:55:14,True
REF01000,TXN014169,11495.62,customer_changed_mind,2026-04-09T21:59:28,False
REF01001,TXN014171,9178.23,duplicate_charge,2025-09-24T16:12:04,True
REF01002,TXN014172,11261.44,not_as_described,2025-12-12T12:40:54,True
REF01003,TXN014173,6305.22,customer_changed_mind,2025-06-28T11:28:35,True
REF01004,TXN014174,13169.48,product_not_received,2026-01-12T17:34:23,False
REF01005,TXN014175,5308.75,duplicate_charge,2025-12-23T17:23:04,True
REF01006,TXN014182,13232.33,not_as_described,2025-04-07T13:46:09,True
REF01007,TXN014185,11052.9,not_as_described,2025-06-16T16:17:39,True
REF01008,TXN014193,2889.61,not_as_described,2025-11-19T10:47:58,True
REF01009,TXN014238,4827.88,customer_changed_mind,2025-07-03T14:10:18,True
REF01010,TXN014249,1791.65,product_not_received,2026-02-12T06:34:52,True
REF01011,TXN014274,6235.43,product_not_received,2025-06-15T06:14:01,False
REF01012,TXN014286,6056.11,duplicate_charge,2025-03-22T05:07:42,False
REF01013,TXN014324,7249.16,duplicate_charge,2026-01-18T12:33:48,False
REF01014,TXN014342,2951.76,not_as_described,2026-06-27T01:30:40,False
REF01015,TXN014343,9623.14,product_not_received,2026-05-25T12:43:27,True
REF01016,TXN014348,6098.9,customer_changed_mind,2025-01-07T17:13:04,True
REF01017,TXN014355,13089.83,product_not_received,2025-06-10T13:39:32,False
REF01018,TXN014356,2436.15,product_not_received,2025-02-15T07:47:26,True
REF01019,TXN014357,4804.7,customer_changed_mind,2026-05-03T17:35:19,True
REF01020,TXN014358,3159.24,product_not_received,2026-02-02T11:33:50,True
REF01021,TXN014361,3550.56,product_not_received,2026-06-22T04:48:59,False
REF01022,TXN014362,555.17,product_not_received,2025-08-18T08:24:33,True
REF01023,TXN014365,12840.4,duplicate_charge,2025-04-27T19:01:45,False
REF01024,TXN014376,5259.38,not_as_described,2026-04-23T07:46:19,True
REF01025,TXN014390,2709.97,customer_changed_mind,2026-04-27T13:25:02,True
REF01026,TXN014395,11972.14,product_not_received,2026-04-06T21:38:43,True
REF01027,TXN014441,7500.34,customer_changed_mind,2025-10-05T07:11:46,True
REF01028,TXN014450,1065.77,not_as_described,2025-02-12T04:53:16,True
REF01029,TXN014465,484.36,customer_changed_mind,2025-08-09T07:22:15,True
REF01030,TXN014474,6020.65,product_not_received,2026-06-21T21:24:43,True
REF01031,TXN014514,6217.35,product_not_received,2026-05-03T11:39:05,True
REF01032,TXN014521,7219.97,product_not_received,2025-07-20T12:59:07,True
REF01033,TXN014525,5403.85,customer_changed_mind,2025-05-02T01:28:02,True
REF01034,TXN014559,915.47,not_as_described,2026-06-14T17:26:52,False
REF01035,TXN014565,9201.74,not_as_described,2025-12-03T15:15:58,True
REF01036,TXN014568,8501.7,duplicate_charge,2025-04-18T07:22:43,False
REF01037,TXN014569,5878.33,not_as_described,2026-03-12T19:00:03,True
REF01038,TXN014571,2844.47,product_not_received,2025-07-27T09:08:25,True
REF01039,TXN014576,2269.97,customer_changed_mind,2025-01-18T06:41:31,True
REF01040,TXN014577,12664.89,customer_changed_mind,2025-03-20T09:59:27,True
REF01041,TXN014614,11947.57,product_not_received,2026-03-01T23:41:29,True
REF01042,TXN014628,4580.96,not_as_described,2025-05-16T01:39:29,True
REF01043,TXN014657,8603.62,customer_changed_mind,2026-05-23T08:38:35,True
REF01044,TXN014658,14296.66,customer_changed_mind,2026-02-17T01:28:55,True
REF01045,TXN014684,4333.52,duplicate_charge,2025-06-29T13:55:55,False
REF01046,TXN014687,6987.57,product_not_received,2025-04-26T21:36:44,False
REF01047,TXN014710,2068.06,customer_changed_mind,2025-11-12T18:32:26,True
REF01048,TXN014724,10145.54,duplicate_charge,2025-02-25T17:02:43,False
REF01049,TXN014729,10394.07,duplicate_charge,2025-09-06T06:34:03,True
REF01050,TXN014735,7883.22,customer_changed_mind,2025-09-08T01:08:02,True
REF01051,TXN014737,4930.24,product_not_received,2025-06-17T15:40:07,False
REF01052,TXN014739,14181.51,product_not_received,2025-04-30T00:02:54,False
REF01053,TXN014740,5838.16,product_not_received,2026-01-19T22:08:39,True
REF01054,TXN014742,5217.02,product_not_received,2025-11-21T15:41:39,False
REF01055,TXN014744,14248.69,not_as_described,2025-04-08T19:30:39,False
REF01056,TXN014749,3381.78,duplicate_charge,2026-04-20T06:26:14,False
REF01057,TXN014752,8084.68,duplicate_charge,2026-06-05T16:34:18,True
REF01058,TXN014756,11402.86,not_as_described,2025-07-15T14:08:02,False
REF01059,TXN014757,4413.08,not_as_described,2025-06-14T00:33:43,True
REF01060,TXN014828,5701.56,customer_changed_mind,2025-05-02T01:01:01,False
REF01061,TXN014829,4779.92,duplicate_charge,2026-06-17T13:03:45,True
REF01062,TXN014832,9629.54,product_not_received,2025-02-16T18:07:41,False
REF01063,TXN014835,1122.95,customer_changed_mind,2025-04-08T02:58:41,False
REF01064,TXN014839,926.67,duplicate_charge,2026-02-02T20:59:29,True
REF01065,TXN014843,14930.96,duplicate_charge,2026-05-15T22:48:48,False
REF01066,TXN014848,8086.99,duplicate_charge,2025-10-31T18:51:51,True
REF01067,TXN014864,13659.7,product_not_received,2025-05-11T10:53:34,True
REF01068,TXN014866,10978.92,duplicate_charge,2026-03-10T10:41:00,True
REF01069,TXN014876,8512.49,customer_changed_mind,2025-09-30T09:06:10,True
REF01070,TXN014879,2359.91,customer_changed_mind,2025-02-23T02:47:43,True
REF01071,TXN014880,4751.16,duplicate_charge,2025-08-14T05:19:38,True
REF01072,TXN014882,185.91,not_as_described,2025-09-18T12:30:17,True
REF01073,TXN014883,762.42,customer_changed_mind,2025-03-02T20:17:42,True
REF01074,TXN014898,5594.45,duplicate_charge,2025-06-25T13:42:30,True
REF01075,TXN014911,4966.4,duplicate_charge,2026-04-08T21:50:48,True
REF01076,TXN014924,5118.98,not_as_described,2025-02-06T12:56:10,True
REF01077,TXN014927,8605.09,product_not_received,2025-04-29T21:51:21,False
REF01078,TXN014939,9340.22,not_as_described,2025-11-17T21:04:24,True
REF01079,TXN014949,8927.22,duplicate_charge,2025-12-18T13:50:02,True
REF01080,TXN014956,14202.69,duplicate_charge,2026-05-30T13:58:09,True
REF01081,TXN014957,6143.57,product_not_received,2025-10-23T02:24:13,True
REF01082,TXN014964,5396.77,not_as_described,2025-01-06T04:12:50,False
REF01083,TXN014965,1193.79,not_as_described,2026-05-27T09:53:35,True
REF01084,TXN014972,9739.29,duplicate_charge,2025-09-15T22:15:01,True
REF01085,TXN014991,11434.27,product_not_received,2025-10-06T01:26:49,False
REF01086,TXN015027,12589.88,product_not_received,2026-01-06T02:13:24,False
REF01087,TXN015038,4493.69,customer_changed_mind,2025-03-27T06:22:13,True
REF01088,TXN015058,3719.04,not_as_described,2026-04-18T10:19:28,True
REF01089,TXN015059,729.5,duplicate_charge,2025-07-08T06:58:47,False
REF01090,TXN015061,8264.89,customer_changed_mind,2025-03-07T12:37:18,False
REF01091,TXN015064,3742.98,product_not_received,2026-02-15T19:08:17,True
REF01092,TXN015071,10720.34,customer_changed_mind,2026-02-27T02:03:41,True
REF01093,TXN015073,12203.77,product_not_received,2026-05-03T09:53:55,True
REF01094,TXN015074,12244.01,duplicate_charge,2026-05-11T22:46:25,True
REF01095,TXN015117,10070.93,customer_changed_mind,2026-06-09T00:06:33,False
REF01096,TXN015126,6498.92,customer_changed_mind,2025-02-21T08:29:42,True
REF01097,TXN015147,7957.82,duplicate_charge,2025-12-08T15:45:18,True
REF01098,TXN015153,7919.21,duplicate_charge,2025-01-24T14:28:59,False
REF01099,TXN015174,14325.19,customer_changed_mind,2025-06-04T23:02:06,True
REF01100,TXN015207,11663.05,customer_changed_mind,2026-06-27T01:30:29,True
REF01101,TXN015210,12064.9,product_not_received,2025-12-15T09:57:47,True
REF01102,TXN015212,3833.08,customer_changed_mind,2025-11-07T00:19:24,True
REF01103,TXN015278,5083.62,not_as_described,2025-12-16T18:46:02,True
REF01104,TXN015289,12591.1,duplicate_charge,2025-04-05T11:07:00,True
REF01105,TXN015302,13255.14,customer_changed_mind,2026-03-18T04:13:34,False
REF01106,TXN015303,6608.94,duplicate_charge,2025-06-13T19:05:05,True
REF01107,TXN015304,6305.06,duplicate_charge,2026-01-29T08:42:17,True
REF01108,TXN015305,1501.88,product_not_received,2025-12-06T21:27:04,True
REF01109,TXN015307,9682.13,customer_changed_mind,2025-06-02T03:48:07,False
REF01110,TXN015309,2573.8,product_not_received,2025-03-11T20:06:49,True
REF01111,TXN015314,2094.18,product_not_received,2025-05-26T01:58:52,False
REF01112,TXN015316,5193.44,duplicate_charge,2026-01-02T01:21:38,True
REF01113,TXN015318,7964.86,customer_changed_mind,2025-07-29T09:22:03,True
REF01114,TXN015319,11955.15,customer_changed_mind,2025-09-15T10:30:31,True
REF01115,TXN015322,3427.32,duplicate_charge,2025-01-02T17:48:04,True
REF01116,TXN015323,2298.59,customer_changed_mind,2026-05-10T22:15:04,True
REF01117,TXN015325,8454.22,customer_changed_mind,2025-03-20T02:20:27,False
REF01118,TXN015326,6065.77,customer_changed_mind,2025-10-23T09:00:16,True
REF01119,TXN015328,12768.01,product_not_received,2025-08-27T08:25:52,True
REF01120,TXN015333,3305.13,duplicate_charge,2026-01-14T22:10:26,True
REF01121,TXN015371,14759.33,not_as_described,2025-09-18T23:56:37,True
REF01122,TXN015415,6314.98,duplicate_charge,2025-01-28T00:03:06,False
REF01123,TXN015438,12005.8,customer_changed_mind,2026-02-15T15:54:33,True
REF01124,TXN015509,10623.23,not_as_described,2026-01-12T00:16:26,True
REF01125,TXN015515,13173.98,product_not_received,2026-03-07T12:19:55,True
REF01126,TXN015516,8890.94,duplicate_charge,2025-04-01T18:29:34,True
REF01127,TXN015524,3152.57,product_not_received,2025-10-24T01:13:11,False
REF01128,TXN015528,2706.28,customer_changed_mind,2025-03-03T02:07:20,False
REF01129,TXN015529,7138.62,not_as_described,2025-08-23T17:28:18,False
REF01130,TXN015532,1662.86,duplicate_charge,2025-12-15T22:32:49,False
REF01131,TXN015533,12534.33,duplicate_charge,2025-10-08T02:37:49,True
REF01132,TXN015535,11524.41,customer_changed_mind,2025-07-27T18:28:44,True
REF01133,TXN015538,5297.1,duplicate_charge,2025-09-03T11:03:44,True
REF01134,TXN015540,5541.57,customer_changed_mind,2025-06-07T07:04:52,True
REF01135,TXN015545,1500.03,customer_changed_mind,2025-02-21T05:52:35,True
REF01136,TXN015557,11843.4,duplicate_charge,2026-02-21T17:53:30,True
REF01137,TXN015582,7105.1,not_as_described,2025-06-25T11:59:20,True
REF01138,TXN015591,889.91,product_not_received,2026-04-01T08:35:52,False
REF01139,TXN015608,3496.07,product_not_received,2025-06-24T05:29:41,True
REF01140,TXN015650,9910.5,not_as_described,2025-03-20T04:44:33,False
REF01141,TXN015672,8195.71,customer_changed_mind,2025-01-01T02:19:51,False
REF01142,TXN015676,12983.35,duplicate_charge,2025-04-01T21:56:56,True
REF01143,TXN015687,11589.53,duplicate_charge,2025-05-10T09:53:39,True
REF01144,TXN015707,13343.0,not_as_described,2026-02-19T12:03:44,True
REF01145,TXN015713,2379.76,customer_changed_mind,2025-11-16T02:33:25,False
REF01146,TXN015716,1852.07,not_as_described,2025-04-19T09:18:37,True
REF01147,TXN015720,14987.27,not_as_described,2025-11-11T08:54:30,True
REF01148,TXN015721,12468.07,customer_changed_mind,2026-05-29T07:41:05,True
REF01149,TXN015722,6500.79,product_not_received,2025-07-09T01:05:55,True
REF01150,TXN015724,14298.09,duplicate_charge,2025-09-17T16:09:24,False
REF01151,TXN015726,13604.02,not_as_described,2026-03-26T14:05:17,False
REF01152,TXN015727,11851.48,not_as_described,2026-05-10T03:19:43,True
REF01153,TXN015763,8714.53,product_not_received,2025-04-18T17:54:48,False
REF01154,TXN015770,8077.06,not_as_described,2025-05-16T08:08:47,False
REF01155,TXN015795,13480.59,duplicate_charge,2026-01-12T23:25:30,True
REF01156,TXN015796,7040.16,not_as_described,2026-05-24T00:42:22,False
REF01157,TXN015799,14373.61,customer_changed_mind,2025-06-16T01:41:00,True
REF01158,TXN015806,7329.97,not_as_described,2026-02-11T20:09:09,False
REF01159,TXN015807,2042.22,not_as_described,2025-08-18T06:58:12,True
REF01160,TXN015808,3878.4,customer_changed_mind,2025-01-13T06:32:19,False
REF01161,TXN015809,11168.56,not_as_described,2025-12-27T03:37:02,True
REF01162,TXN015817,14983.62,duplicate_charge,2025-01-06T06:27:40,False
REF01163,TXN015833,6715.94,customer_changed_mind,2025-04-18T14:53:42,True
REF01164,TXN015844,3895.5,not_as_described,2026-05-18T05:34:36,False
REF01165,TXN015893,2950.7,not_as_described,2025-02-07T09:52:04,True
REF01166,TXN015894,8705.72,product_not_received,2026-05-24T10:48:39,True
REF01167,TXN015916,14419.25,customer_changed_mind,2026-03-31T21:43:10,False
REF01168,TXN015938,1246.48,not_as_described,2025-08-07T05:07:14,True
REF01169,TXN015956,11753.49,not_as_described,2025-08-18T07:28:03,True
REF01170,TXN015988,6234.37,customer_changed_mind,2025-06-01T23:41:53,True
REF01171,TXN015999,7972.87,not_as_described,2025-06-19T02:47:31,True
REF01172,TXN016031,5058.36,not_as_described,2026-06-02T03:39:31,True
REF01173,TXN016036,7675.73,not_as_described,2025-12-19T18:03:20,True
REF01174,TXN016038,9737.58,duplicate_charge,2025-05-17T05:16:44,True
REF01175,TXN016039,7617.67,customer_changed_mind,2025-10-21T08:46:53,True
REF01176,TXN016044,5208.5,product_not_received,2025-09-22T12:34:53,True
REF01177,TXN016045,9632.48,duplicate_charge,2026-01-20T15:09:50,True
REF01178,TXN016047,13231.53,not_as_described,2025-08-16T21:18:37,True
REF01179,TXN016049,4962.7,product_not_received,2025-05-09T23:23:01,False
REF01180,TXN016054,4430.12,not_as_described,2026-04-14T05:57:48,True
REF01181,TXN016066,14897.85,not_as_described,2025-06-02T21:30:14,False
REF01182,TXN016085,8615.8,customer_changed_mind,2025-09-16T20:32:38,False
REF01183,TXN016141,14772.39,product_not_received,2026-05-17T18:23:16,True
REF01184,TXN016144,6091.95,duplicate_charge,2026-02-05T15:10:06,False
REF01185,TXN016188,9609.94,customer_changed_mind,2025-02-02T12:38:14,True
REF01186,TXN016199,11966.48,customer_changed_mind,2026-05-21T12:11:11,False
REF01187,TXN016200,6471.97,product_not_received,2025-08-29T09:49:27,True
REF01188,TXN016214,6357.76,customer_changed_mind,2025-06-25T18:40:47,True
REF01189,TXN016234,10685.63,customer_changed_mind,2025-06-23T06:56:57,True
REF01190,TXN016257,7332.05,product_not_received,2025-11-29T11:44:16,True
REF01191,TXN016264,5290.68,not_as_described,2025-08-07T21:11:46,True
REF01192,TXN016275,7868.89,product_not_received,2025-11-10T23:44:30,False
REF01193,TXN016276,1643.69,duplicate_charge,2025-10-30T21:30:57,True
REF01194,TXN016277,391.62,product_not_received,2025-03-22T06:35:32,True
REF01195,TXN016278,2520.8,customer_changed_mind,2026-01-15T19:15:17,True
REF01196,TXN016290,10766.32,not_as_described,2025-11-11T22:54:15,True
REF01197,TXN016300,1628.37,duplicate_charge,2025-08-02T15:13:29,True
REF01198,TXN016303,12441.82,customer_changed_mind,2025-09-20T21:39:43,False
REF01199,TXN016307,464.64,product_not_received,2025-07-19T00:52:01,True
REF01200,TXN016311,4029.4,customer_changed_mind,2026-05-04T10:47:45,True
REF01201,TXN016315,7956.49,not_as_described,2025-08-05T21:03:57,True
REF01202,TXN016319,1702.07,product_not_received,2025-05-22T03:08:29,True
REF01203,TXN016320,5969.21,duplicate_charge,2025-11-02T12:58:02,False
REF01204,TXN016322,10317.38,customer_changed_mind,2025-03-27T10:53:19,True
REF01205,TXN016325,546.26,customer_changed_mind,2025-10-17T09:12:55,False
REF01206,TXN016337,307.89,duplicate_charge,2025-02-27T16:33:38,True
REF01207,TXN016403,5197.92,duplicate_charge,2025-11-15T09:53:15,False
REF01208,TXN016456,6634.3,not_as_described,2025-05-27T05:37:06,True
REF01209,TXN016457,1044.83,not_as_described,2025-04-13T14:39:13,False
REF01210,TXN016465,8150.77,customer_changed_mind,2025-04-03T22:44:41,True
REF01211,TXN016491,10317.6,product_not_received,2025-01-06T12:56:43,True
REF01212,TXN016535,9668.39,product_not_received,2025-07-14T20:37:21,False
REF01213,TXN016594,11472.41,duplicate_charge,2026-05-11T16:17:39,True
REF01214,TXN016617,14285.63,product_not_received,2025-11-15T07:27:32,False
REF01215,TXN016624,3574.12,product_not_received,2026-06-10T03:19:25,False
REF01216,TXN016655,5999.1,customer_changed_mind,2025-02-13T07:55:22,False
REF01217,TXN016680,4465.39,customer_changed_mind,2026-03-29T04:21:51,True
REF01218,TXN016684,2182.06,not_as_described,2026-03-25T13:47:07,True
REF01219,TXN016693,11351.09,duplicate_charge,2026-03-28T06:19:32,False
REF01220,TXN016695,1030.65,product_not_received,2026-04-24T19:17:13,True
REF01221,TXN016700,4235.01,product_not_received,2025-08-31T16:48:10,False
REF01222,TXN016701,12125.49,duplicate_charge,2026-06-28T18:19:15,True
REF01223,TXN016703,10957.03,customer_changed_mind,2025-07-16T17:44:33,True
REF01224,TXN016705,9001.41,duplicate_charge,2025-04-10T01:08:14,False
REF01225,TXN016707,9413.74,product_not_received,2026-01-24T08:20:51,False
REF01226,TXN016708,13850.47,product_not_received,2025-08-04T18:15:27,True
REF01227,TXN016710,13772.19,not_as_described,2025-12-23T14:03:58,True
REF01228,TXN016720,12287.68,duplicate_charge,2025-10-14T08:47:43,False
REF01229,TXN016727,3002.05,duplicate_charge,2025-09-12T18:45:47,True
REF01230,TXN016772,12400.17,customer_changed_mind,2025-07-26T00:27:21,True
REF01231,TXN016779,3305.81,duplicate_charge,2025-11-25T23:41:44,False
REF01232,TXN016781,3110.56,customer_changed_mind,2025-03-25T08:43:40,True
REF01233,TXN016784,9267.84,product_not_received,2025-06-25T19:21:57,False
REF01234,TXN016785,11222.97,customer_changed_mind,2026-05-31T12:17:51,True
REF01235,TXN016786,7730.65,duplicate_charge,2025-01-17T05:56:58,True
REF01236,TXN016793,3528.68,not_as_described,2025-11-19T05:50:45,True
REF01237,TXN016801,7063.57,product_not_received,2025-02-22T07:52:58,True
REF01238,TXN016806,4201.99,duplicate_charge,2025-06-23T16:48:28,True
REF01239,TXN016808,1658.29,duplicate_charge,2026-05-03T15:21:44,True
REF01240,TXN016813,1050.13,duplicate_charge,2025-09-21T23:54:28,True
REF01241,TXN016815,11016.14,not_as_described,2025-07-14T04:30:46,False
REF01242,TXN016816,12038.26,customer_changed_mind,2026-03-27T02:45:11,True
REF01243,TXN016829,4531.31,duplicate_charge,2025-11-20T22:09:14,True
REF01244,TXN016836,7318.31,product_not_received,2025-09-16T07:41:37,True
REF01245,TXN016847,12045.03,duplicate_charge,2026-05-17T05:35:52,False
REF01246,TXN016869,3577.08,customer_changed_mind,2025-08-09T05:34:37,False
REF01247,TXN016874,12092.86,customer_changed_mind,2025-04-17T12:28:11,False
REF01248,TXN016875,7732.81,not_as_described,2025-04-10T21:49:35,False
REF01249,TXN016876,6413.45,product_not_received,2026-04-02T03:28:56,False
REF01250,TXN016879,7935.33,customer_changed_mind,2026-04-05T01:46:42,True
REF01251,TXN016880,3854.79,duplicate_charge,2025-10-14T16:40:24,True
REF01252,TXN016881,13441.59,customer_changed_mind,2025-08-28T08:39:02,False
REF01253,TXN016884,12421.64,product_not_received,2026-04-22T00:09:28,True
REF01254,TXN016885,10117.83,duplicate_charge,2025-10-21T06:58:41,True
REF01255,TXN016888,10533.05,duplicate_charge,2026-03-11T17:10:06,True
REF01256,TXN016897,5144.85,product_not_received,2025-11-22T02:39:08,True
REF01257,TXN016921,2561.96,duplicate_charge,2025-07-18T03:25:27,True
REF01258,TXN016930,2206.27,customer_changed_mind,2025-01-14T12:56:16,True
REF01259,TXN016953,10742.66,duplicate_charge,2025-02-19T02:22:40,True
REF01260,TXN016964,5790.91,duplicate_charge,2025-12-18T20:48:08,True
REF01261,TXN016990,12653.84,product_not_received,2025-04-18T01:10:33,True
REF01262,TXN016997,6117.89,duplicate_charge,2026-01-03T22:50:36,True
REF01263,TXN017002,4876.59,not_as_described,2025-08-24T05:42:05,True
REF01264,TXN017003,8431.47,product_not_received,2025-12-04T00:42:38,True
REF01265,TXN017004,7243.43,not_as_described,2025-03-06T02:33:41,True
REF01266,TXN017006,4457.96,product_not_received,2026-01-03T03:39:53,True
REF01267,TXN017010,1161.76,product_not_received,2025-07-24T18:21:46,True
REF01268,TXN017011,14510.78,duplicate_charge,2025-10-04T01:46:14,False
REF01269,TXN017016,4509.76,duplicate_charge,2026-04-27T22:57:39,True
REF01270,TXN017017,2593.42,duplicate_charge,2025-11-22T04:45:19,True
REF01271,TXN017018,5107.72,customer_changed_mind,2025-10-02T11:59:17,True
REF01272,TXN017033,11997.08,duplicate_charge,2025-06-17T13:46:45,True
REF01273,TXN017035,5473.44,customer_changed_mind,2025-01-15T00:24:28,True
REF01274,TXN017036,7741.68,product_not_received,2026-05-16T19:59:31,True
REF01275,TXN017038,13441.97,product_not_received,2025-12-01T17:03:26,True
REF01276,TXN017043,6556.12,duplicate_charge,2025-09-11T22:49:55,True
REF01277,TXN017047,13717.66,product_not_received,2025-08-17T04:04:31,True
REF01278,TXN017051,11755.12,customer_changed_mind,2026-03-04T12:14:31,True
REF01279,TXN017052,2073.43,not_as_described,2025-01-02T17:40:50,True
REF01280,TXN017053,2709.58,customer_changed_mind,2026-03-23T17:46:22,True
REF01281,TXN017093,7774.02,not_as_described,2025-03-14T16:54:15,True
REF01282,TXN017102,4001.25,duplicate_charge,2026-01-26T02:53:28,True
REF01283,TXN017127,2916.4,not_as_described,2025-10-25T08:55:35,True
REF01284,TXN017140,11503.35,customer_changed_mind,2026-06-25T07:22:18,False
REF01285,TXN017146,1030.26,duplicate_charge,2026-06-22T01:42:35,True
REF01286,TXN017173,2914.5,not_as_described,2026-01-12T14:24:19,False
REF01287,TXN017182,127.71,not_as_described,2025-01-10T15:12:26,False
REF01288,TXN017192,8500.8,duplicate_charge,2026-03-29T07:42:57,True
REF01289,TXN017252,5094.86,product_not_received,2025-10-07T17:45:00,True
REF01290,TXN017266,3982.23,duplicate_charge,2025-10-30T15:31:56,True
REF01291,TXN017271,4126.27,not_as_described,2025-12-13T12:14:35,True
REF01292,TXN017277,14201.67,not_as_described,2025-01-21T12:18:26,True
REF01293,TXN017279,1208.88,customer_changed_mind,2025-11-03T00:22:46,False
REF01294,TXN017298,13492.83,customer_changed_mind,2026-05-03T21:27:38,True
REF01295,TXN017309,14939.62,product_not_received,2026-03-05T16:19:16,False
REF01296,TXN017329,6387.74,duplicate_charge,2025-02-05T13:55:35,True
REF01297,TXN017396,6110.81,customer_changed_mind,2025-10-18T22:35:25,True
REF01298,TXN017416,634.51,duplicate_charge,2025-10-08T18:40:33,True
REF01299,TXN017459,409.52,duplicate_charge,2026-04-20T04:44:11,True
REF01300,TXN017490,11284.44,not_as_described,2025-04-20T05:20:01,True
REF01301,TXN017499,5272.15,duplicate_charge,2025-09-30T12:04:14,True
REF01302,TXN017507,12940.1,product_not_received,2025-01-23T02:09:46,True
REF01303,TXN017524,1089.2,not_as_described,2026-01-29T03:50:16,True
REF01304,TXN017572,13989.39,duplicate_charge,2026-02-13T15:30:29,False
REF01305,TXN017603,9930.74,not_as_described,2026-03-05T23:43:39,False
REF01306,TXN017605,6310.02,product_not_received,2025-04-06T23:23:39,True
REF01307,TXN017620,262.67,not_as_described,2025-02-18T17:52:34,False
REF01308,TXN017621,10615.02,duplicate_charge,2026-04-25T13:42:09,True
REF01309,TXN017626,11125.97,customer_changed_mind,2025-08-31T09:57:20,True
REF01310,TXN017637,1046.51,product_not_received,2026-04-22T12:30:48,False
REF01311,TXN017672,6591.75,not_as_described,2025-07-10T17:10:50,True
REF01312,TXN017674,717.95,product_not_received,2025-10-10T22:11:38,True
REF01313,TXN017680,9540.84,customer_changed_mind,2025-11-15T14:54:08,True
REF01314,TXN017681,223.03,duplicate_charge,2025-07-16T18:38:10,False
REF01315,TXN017682,13889.97,not_as_described,2026-02-12T23:15:20,True
REF01316,TXN017683,3795.95,customer_changed_mind,2026-06-16T08:29:59,False
REF01317,TXN017686,10795.14,duplicate_charge,2025-10-17T20:49:02,True
REF01318,TXN017689,10736.98,duplicate_charge,2025-07-29T17:46:39,True
REF01319,TXN017693,10192.63,not_as_described,2025-10-02T09:50:55,True
REF01320,TXN017695,13435.19,product_not_received,2025-08-21T03:50:03,False
REF01321,TXN017696,6935.86,product_not_received,2025-08-26T13:47:19,True
REF01322,TXN017712,11470.23,product_not_received,2025-11-30T22:12:18,True
REF01323,TXN017721,2374.87,not_as_described,2025-01-26T04:05:09,False
REF01324,TXN017735,7344.57,not_as_described,2025-01-19T08:39:59,False
REF01325,TXN017743,14235.5,customer_changed_mind,2026-03-07T19:17:05,True
REF01326,TXN017760,7826.74,customer_changed_mind,2025-09-02T08:05:34,True
REF01327,TXN017764,14914.94,not_as_described,2026-04-12T19:43:58,False
REF01328,TXN017766,10553.37,duplicate_charge,2026-03-26T13:36:56,True
REF01329,TXN017770,8400.23,customer_changed_mind,2025-02-12T08:55:07,True
REF01330,TXN017771,11223.79,product_not_received,2025-02-07T17:51:27,True
REF01331,TXN017775,1658.15,not_as_described,2025-03-16T23:56:03,True
REF01332,TXN017779,12721.78,product_not_received,2025-01-21T10:20:07,True
REF01333,TXN017780,868.02,product_not_received,2025-11-28T06:23:38,True
REF01334,TXN017782,3746.63,customer_changed_mind,2025-04-01T05:16:36,False
REF01335,TXN017785,12524.37,customer_changed_mind,2025-02-26T23:13:55,True
REF01336,TXN017795,774.07,customer_changed_mind,2025-08-08T17:45:42,True
REF01337,TXN017801,9806.79,product_not_received,2026-01-15T09:02:53,True
REF01338,TXN017819,9027.64,duplicate_charge,2025-09-21T22:58:57,True
REF01339,TXN017845,531.48,duplicate_charge,2026-04-24T19:14:55,True
REF01340,TXN017864,2108.66,not_as_described,2025-05-25T17:43:03,True
REF01341,TXN017919,7913.54,customer_changed_mind,2025-06-29T18:27:03,True
REF01342,TXN017925,2175.51,duplicate_charge,2026-06-21T07:57:59,True
REF01343,TXN017926,11911.94,product_not_received,2025-10-17T20:22:08,True
REF01344,TXN017947,3669.7,product_not_received,2026-03-26T15:49:38,False
REF01345,TXN017980,13484.58,not_as_described,2025-10-24T20:50:22,False
REF01346,TXN017982,14992.3,duplicate_charge,2025-07-18T03:18:15,True
REF01347,TXN017983,5156.22,customer_changed_mind,2025-05-28T14:57:15,True
REF01348,TXN018009,3873.35,product_not_received,2026-06-03T22:21:56,True
REF01349,TXN018104,11674.32,not_as_described,2025-07-01T02:34:48,False
REF01350,TXN018107,5423.14,not_as_described,2025-11-09T13:16:21,True
REF01351,TXN018112,14316.1,product_not_received,2025-02-07T21:08:37,False
REF01352,TXN018164,7486.31,not_as_described,2025-05-17T23:35:10,True
REF01353,TXN018170,6515.6,not_as_described,2025-10-22T12:37:37,False
REF01354,TXN018196,12779.61,customer_changed_mind,2026-05-04T10:56:43,True
REF01355,TXN018198,12491.05,not_as_described,2025-08-10T13:51:46,False
REF01356,TXN018367,14097.0,duplicate_charge,2026-02-13T21:39:35,False
REF01357,TXN018420,2637.71,product_not_received,2025-10-10T13:01:07,True
REF01358,TXN018427,14073.7,not_as_described,2025-01-19T14:53:41,True
REF01359,TXN018428,4002.63,product_not_received,2025-08-15T23:15:12,True
REF01360,TXN018440,3970.77,product_not_received,2026-05-01T23:18:09,True
REF01361,TXN018477,3407.14,not_as_described,2025-12-18T19:08:31,False
REF01362,TXN018483,3688.34,duplicate_charge,2025-09-18T02:26:51,False
REF01363,TXN018485,3021.18,not_as_described,2025-09-11T01:28:06,False
REF01364,TXN018491,7325.63,duplicate_charge,2025-12-03T10:34:46,True
REF01365,TXN018543,9452.03,not_as_described,2025-02-14T22:08:57,True
REF01366,TXN018552,13960.15,customer_changed_mind,2025-10-24T09:13:41,True
REF01367,TXN018586,7318.56,product_not_received,2025-02-21T06:26:25,True
REF01368,TXN018609,490.88,product_not_received,2025-12-31T03:20:04,True
REF01369,TXN018613,5563.41,customer_changed_mind,2026-02-05T17:53:16,False
REF01370,TXN018643,13051.97,product_not_received,2026-05-15T22:11:46,True
REF01371,TXN018655,6767.91,not_as_described,2025-05-02T06:08:15,True
REF01372,TXN018656,844.32,customer_changed_mind,2025-12-24T08:50:43,False
REF01373,TXN018660,14816.11,customer_changed_mind,2026-01-20T12:24:37,True
REF01374,TXN018666,7946.61,duplicate_charge,2026-05-11T20:46:01,True
REF01375,TXN018716,4593.45,customer_changed_mind,2026-01-12T11:50:04,True
REF01376,TXN018717,13054.99,product_not_received,2025-02-21T02:59:37,True
REF01377,TXN018720,5229.56,not_as_described,2025-07-18T09:23:58,False
REF01378,TXN018726,12207.07,not_as_described,2025-02-14T03:20:51,False
REF01379,TXN018727,12279.95,product_not_received,2026-03-19T13:33:48,True
REF01380,TXN018728,742.76,product_not_received,2025-01-10T09:06:18,True
REF01381,TXN018730,14210.74,duplicate_charge,2026-03-27T09:48:56,False
REF01382,TXN018731,4949.16,duplicate_charge,2025-09-13T15:46:36,True
REF01383,TXN018733,174.91,not_as_described,2025-09-24T06:27:44,False
REF01384,TXN018736,8402.78,duplicate_charge,2025-09-10T01:22:18,False
REF01385,TXN018737,12161.47,not_as_described,2025-10-11T13:14:32,True
REF01386,TXN018743,12033.19,product_not_received,2026-05-23T04:33:14,False
REF01387,TXN018806,6013.13,customer_changed_mind,2025-07-04T06:20:57,True
REF01388,TXN018838,6930.57,not_as_described,2026-05-26T23:11:24,False
REF01389,TXN018879,801.08,customer_changed_mind,2025-12-22T06:15:36,True
REF01390,TXN018925,7642.09,customer_changed_mind,2026-04-28T22:14:34,False
REF01391,TXN018945,6826.21,not_as_described,2025-10-09T03:20:14,False
REF01392,TXN018995,11205.25,duplicate_charge,2026-04-20T19:47:24,False
REF01393,TXN019061,13011.92,product_not_received,2025-05-15T15:58:03,False
REF01394,TXN019072,5313.98,not_as_described,2025-03-16T10:43:54,True
REF01395,TXN019127,10864.74,customer_changed_mind,2026-02-06T08:34:55,True
REF01396,TXN019150,13898.41,product_not_received,2025-04-06T17:32:23,False
REF01397,TXN019162,9370.67,not_as_described,2025-05-17T13:12:23,True
REF01398,TXN019168,14930.89,customer_changed_mind,2025-08-02T12:23:02,True
REF01399,TXN019190,7799.16,customer_changed_mind,2025-07-25T16:34:04,True
REF01400,TXN019259,2099.34,duplicate_charge,2026-01-20T08:14:02,True
REF01401,TXN019260,13247.57,not_as_described,2025-06-28T18:04:24,True
REF01402,TXN019263,826.8,customer_changed_mind,2025-02-22T10:45:57,True
REF01403,TXN019265,12046.38,customer_changed_mind,2025-01-23T03:29:47,False
REF01404,TXN019266,10207.29,duplicate_charge,2026-03-09T07:25:19,True
REF01405,TXN019268,7830.25,product_not_received,2026-02-15T14:16:20,True
REF01406,TXN019272,11724.33,customer_changed_mind,2026-04-17T21:42:27,True
REF01407,TXN019275,4359.69,not_as_described,2025-03-10T21:56:32,True
REF01408,TXN019276,8735.55,product_not_received,2025-12-05T06:10:34,True
REF01409,TXN019277,5730.15,duplicate_charge,2025-03-20T03:17:54,True
REF01410,TXN019279,10162.71,customer_changed_mind,2025-07-30T02:21:48,False
REF01411,TXN019310,3094.29,duplicate_charge,2026-01-31T04:51:42,True
REF01412,TXN019316,14682.59,not_as_described,2025-08-09T04:24:18,False
REF01413,TXN019318,13486.23,product_not_received,2025-05-18T20:33:24,False
REF01414,TXN019324,5591.89,not_as_described,2026-06-13T12:56:58,True
REF01415,TXN019328,3345.57,not_as_described,2026-03-25T05:18:46,True
REF01416,TXN019334,6831.21,duplicate_charge,2025-05-22T23:03:47,True
REF01417,TXN019336,14505.38,duplicate_charge,2025-01-31T00:50:47,False
REF01418,TXN019475,11950.87,customer_changed_mind,2025-06-06T19:11:41,False
REF01419,TXN019484,5758.58,product_not_received,2026-05-26T22:36:43,True
REF01420,TXN019487,5719.27,customer_changed_mind,2025-11-24T01:32:59,False
REF01421,TXN019499,10775.97,duplicate_charge,2026-04-04T12:55:15,False
REF01422,TXN019513,13880.22,customer_changed_mind,2025-01-08T06:14:46,True
REF01423,TXN019527,1678.46,product_not_received,2026-04-17T21:39:19,True
REF01424,TXN019541,8351.69,not_as_described,2025-10-20T23:26:28,True
REF01425,TXN019553,11667.51,customer_changed_mind,2025-03-03T16:55:17,True
REF01426,TXN019557,1552.55,duplicate_charge,2025-09-16T15:57:11,True
REF01427,TXN019581,9770.64,duplicate_charge,2026-06-16T19:42:56,True
REF01428,TXN019626,5059.55,not_as_described,2025-08-12T02:27:02,False
REF01429,TXN019632,2831.06,duplicate_charge,2025-01-21T04:46:13,True
REF01430,TXN019733,8820.19,product_not_received,2025-10-26T12:59:48,True
REF01431,TXN019737,5701.28,not_as_described,2025-08-02T00:24:47,False
REF01432,TXN019745,13639.87,duplicate_charge,2025-04-10T11:22:56,True
REF01433,TXN019748,3389.37,not_as_described,2025-04-12T09:43:36,True
REF01434,TXN019749,14998.09,not_as_described,2026-04-18T22:54:06,True
REF01435,TXN019765,12119.5,product_not_received,2025-04-24T23:30:32,True
REF01436,TXN019768,10326.69,customer_changed_mind,2026-02-24T05:11:10,True
REF01437,TXN019773,12778.44,not_as_described,2026-03-11T19:41:02,False
REF01438,TXN019775,8968.91,duplicate_charge,2026-04-05T13:41:34,True
REF01439,TXN019776,6177.08,not_as_described,2026-03-08T08:04:16,False
REF01440,TXN019779,7280.49,duplicate_charge,2025-12-11T03:31:10,True
REF01441,TXN019782,4399.75,duplicate_charge,2026-06-25T20:49:05,True
REF01442,TXN019811,8184.4,product_not_received,2025-08-14T08:00:37,True
REF01443,TXN019813,13059.94,customer_changed_mind,2026-02-18T05:31:20,False
REF01444,TXN019820,5359.9,product_not_received,2026-02-28T00:45:52,False
REF01445,TXN019822,2114.23,duplicate_charge,2025-12-14T19:53:25,True
REF01446,TXN019826,7636.46,customer_changed_mind,2025-11-17T08:25:06,True
REF01447,TXN019829,8674.88,not_as_described,2026-02-08T14:58:55,True
REF01448,TXN019831,1869.86,product_not_received,2025-11-20T23:21:41,True
REF01449,TXN019834,14936.93,customer_changed_mind,2025-10-29T01:05:21,True
REF01450,TXN019840,4348.8,customer_changed_mind,2026-03-11T11:46:55,False
REF01451,TXN019859,7326.76,duplicate_charge,2025-11-22T00:45:13,True
REF01452,TXN019916,7844.69,customer_changed_mind,2026-06-19T11:36:04,True
REF01453,TXN019940,7342.1,duplicate_charge,2025-05-12T10:10:28,True
REF01454,TXN019961,4860.9,not_as_described,2025-04-05T20:03:09,True
REF01455,TXN019989,8373.0,duplicate_charge,2025-10-24T14:18:14,False
REF01456,TXN020038,13814.07,duplicate_charge,2025-12-12T18:00:27,True
REF01457,TXN020074,4427.23,customer_changed_mind,2025-07-25T03:20:51,False
REF01458,TXN020079,6840.17,duplicate_charge,2026-05-20T10:55:28,True
REF01459,TXN020088,12294.93,not_as_described,2025-11-20T15:38:48,False
REF01460,TXN020133,13058.13,not_as_described,2025-04-26T16:25:53,True
REF01461,TXN020150,8597.34,customer_changed_mind,2025-02-02T20:52:16,False
REF01462,TXN020168,13368.96,duplicate_charge,2026-05-01T22:10:48,True
REF01463,TXN020213,5038.59,not_as_described,2025-03-22T17:16:18,False
REF01464,TXN020223,12553.33,duplicate_charge,2025-11-27T16:53:26,True
REF01465,TXN020247,6573.73,customer_changed_mind,2025-12-04T11:59:28,True
REF01466,TXN020255,8196.7,product_not_received,2026-04-27T16:17:27,True
REF01467,TXN020257,2830.95,customer_changed_mind,2025-05-23T14:47:05,False
REF01468,TXN020258,7278.18,duplicate_charge,2025-01-05T21:33:30,False
REF01469,TXN020265,8939.83,duplicate_charge,2026-04-22T11:32:33,False
REF01470,TXN020267,4028.89,duplicate_charge,2025-09-30T23:40:36,True
REF01471,TXN020268,11402.71,product_not_received,2025-11-16T07:16:23,True
REF01472,TXN020310,5585.14,product_not_received,2026-05-08T01:55:29,False
REF01473,TXN020330,181.25,product_not_received,2026-04-06T17:07:09,False
REF01474,TXN020344,2984.77,duplicate_charge,2025-09-13T14:18:23,True
REF01475,TXN020431,3665.75,duplicate_charge,2026-06-05T14:57:18,False
REF01476,TXN020444,10601.27,duplicate_charge,2026-05-24T09:42:23,True
REF01477,TXN020452,2126.1,not_as_described,2025-08-22T17:21:33,True
REF01478,TXN020456,3007.17,product_not_received,2025-12-22T02:53:49,True
REF01479,TXN020459,13684.98,not_as_described,2025-12-18T15:48:43,False
REF01480,TXN020460,4860.02,customer_changed_mind,2026-04-03T04:51:48,True
REF01481,TXN020463,3061.7,product_not_received,2025-08-30T12:27:01,True
REF01482,TXN020466,9457.99,duplicate_charge,2025-02-04T15:26:43,True
REF01483,TXN020467,6221.36,not_as_described,2026-06-15T04:41:41,False
REF01484,TXN020470,2916.88,not_as_described,2025-04-30T08:58:01,False
REF01485,TXN020496,503.03,customer_changed_mind,2025-03-13T23:35:57,False
REF01486,TXN020497,9319.9,product_not_received,2026-06-20T05:10:22,False
REF01487,TXN020498,7191.9,not_as_described,2026-03-07T17:37:00,False
REF01488,TXN020510,11383.08,customer_changed_mind,2026-05-26T04:22:39,True
REF01489,TXN020512,12464.78,duplicate_charge,2025-07-07T07:50:38,False
REF01490,TXN020513,3109.08,not_as_described,2025-03-26T05:04:05,True
REF01491,TXN020515,7032.74,customer_changed_mind,2025-12-22T03:01:52,True
REF01492,TXN020516,9226.39,product_not_received,2025-09-25T17:32:35,True
REF01493,TXN020563,14431.77,duplicate_charge,2025-04-16T06:20:09,True
REF01494,TXN020570,13826.86,customer_changed_mind,2025-10-09T18:37:11,True
REF01495,TXN020594,4924.21,not_as_described,2026-02-17T03:16:50,False
REF01496,TXN020656,8158.76,duplicate_charge,2025-03-21T01:30:16,False
REF01497,TXN020666,14300.23,product_not_received,2026-01-13T20:13:49,True
REF01498,TXN020706,13223.79,not_as_described,2025-08-30T16:31:58,True
REF01499,TXN020710,7720.95,not_as_described,2026-06-08T23:41:51,True
REF01500,TXN020716,1670.12,customer_changed_mind,2025-08-17T05:07:39,False
REF01501,TXN020718,11197.71,product_not_received,2025-03-04T06:30:52,True
REF01502,TXN020720,5789.99,product_not_received,2026-05-30T02:00:22,True
REF01503,TXN020724,1932.64,product_not_received,2026-06-20T19:31:12,True
REF01504,TXN020729,1834.87,duplicate_charge,2025-11-03T04:24:25,True
REF01505,TXN020734,6510.1,duplicate_charge,2025-06-10T18:28:32,True
REF01506,TXN020740,3770.93,not_as_described,2025-03-03T21:40:46,True
REF01507,TXN020741,12767.76,product_not_received,2025-02-21T00:06:25,True
REF01508,TXN020747,2689.37,not_as_described,2025-01-07T14:59:34,False
REF01509,TXN020754,1022.52,not_as_described,2025-12-06T18:40:37,True
REF01510,TXN020762,13789.91,duplicate_charge,2026-05-17T00:30:46,True
REF01511,TXN020767,5381.02,duplicate_charge,2026-04-19T09:21:43,True
REF01512,TXN020768,5693.13,duplicate_charge,2025-08-27T17:11:41,True
REF01513,TXN020784,10137.26,not_as_described,2026-03-05T19:31:45,True
REF01514,TXN020785,14903.61,customer_changed_mind,2025-07-06T21:28:06,True
REF01515,TXN020792,9022.71,not_as_described,2026-05-12T11:42:17,True
REF01516,TXN020841,14898.6,customer_changed_mind,2026-03-25T22:01:07,True
REF01517,TXN020864,4536.46,customer_changed_mind,2026-05-26T12:30:51,False
REF01518,TXN020867,9598.74,not_as_described,2025-01-09T19:23:01,True
REF01519,TXN020872,5475.74,duplicate_charge,2026-03-23T10:00:59,False
REF01520,TXN020874,2494.76,customer_changed_mind,2026-01-09T17:28:30,True
REF01521,TXN020877,10574.89,customer_changed_mind,2025-02-19T09:35:25,True
REF01522,TXN020881,11560.21,product_not_received,2025-01-21T07:39:24,True
REF01523,TXN020882,6597.03,customer_changed_mind,2025-11-25T09:21:21,False
REF01524,TXN020883,13545.57,duplicate_charge,2025-04-01T07:44:45,True
REF01525,TXN020886,1223.52,duplicate_charge,2025-06-05T14:43:55,True
REF01526,TXN020911,5978.21,duplicate_charge,2025-12-31T13:50:13,True
REF01527,TXN020921,3324.59,customer_changed_mind,2025-01-17T21:43:02,True
REF01528,TXN020929,11937.44,duplicate_charge,2026-01-16T11:15:11,True
REF01529,TXN020930,7741.08,customer_changed_mind,2025-12-24T03:16:56,True
REF01530,TXN020935,5254.48,not_as_described,2025-01-05T16:23:08,True
REF01531,TXN020946,13307.15,customer_changed_mind,2026-03-22T19:11:53,False
REF01532,TXN020954,13391.65,customer_changed_mind,2026-06-11T20:31:31,False
REF01533,TXN020985,1473.47,duplicate_charge,2026-06-13T14:56:28,True
REF01534,TXN021016,3114.12,customer_changed_mind,2026-01-22T05:46:38,False
REF01535,TXN021029,14614.51,customer_changed_mind,2026-04-25T07:54:59,False
REF01536,TXN021036,12854.32,duplicate_charge,2025-05-09T08:23:53,True
REF01537,TXN021077,14930.36,customer_changed_mind,2025-09-16T15:02:34,True
REF01538,TXN021096,5008.9,customer_changed_mind,2025-05-23T16:12:36,True
REF01539,TXN021110,12854.38,duplicate_charge,2026-04-14T06:20:05,True
REF01540,TXN021113,10975.39,customer_changed_mind,2025-10-25T21:19:14,True
REF01541,TXN021126,11381.74,not_as_described,2025-04-12T02:07:56,False
REF01542,TXN021210,8230.9,not_as_described,2026-01-12T05:01:03,True
REF01543,TXN021211,2347.37,duplicate_charge,2025-02-17T00:15:55,True
REF01544,TXN021230,14488.03,duplicate_charge,2025-03-24T02:26:05,True
REF01545,TXN021233,1718.55,customer_changed_mind,2025-03-15T12:13:03,True
REF01546,TXN021247,1590.25,customer_changed_mind,2025-02-03T19:58:42,True
REF01547,TXN021270,1278.5,duplicate_charge,2025-04-20T00:58:15,False
REF01548,TXN021280,9260.36,customer_changed_mind,2025-09-06T22:31:46,True
REF01549,TXN021299,13778.35,customer_changed_mind,2026-04-13T06:36:55,True
REF01550,TXN021311,11296.67,duplicate_charge,2025-08-12T08:19:06,True
REF01551,TXN021313,2418.45,duplicate_charge,2025-03-21T23:52:26,True
REF01552,TXN021329,12206.47,not_as_described,2025-03-24T05:49:16,True
REF01553,TXN021335,720.63,product_not_received,2026-06-03T21:58:41,True
REF01554,TXN021375,7240.34,product_not_received,2025-06-24T08:26:15,True
REF01555,TXN021378,10271.99,product_not_received,2026-05-06T19:21:28,True
REF01556,TXN021380,2052.0,not_as_described,2025-08-28T16:24:02,True
REF01557,TXN021384,9401.24,product_not_received,2025-01-09T00:10:20,True
REF01558,TXN021388,9912.69,product_not_received,2026-01-26T20:50:07,False
REF01559,TXN021390,3691.75,not_as_described,2025-09-22T05:18:45,True
REF01560,TXN021394,8843.64,duplicate_charge,2026-02-09T16:04:58,True
REF01561,TXN021397,13988.9,customer_changed_mind,2026-03-28T21:06:05,False
REF01562,TXN021413,11253.02,not_as_described,2025-07-31T08:48:59,True
REF01563,TXN021442,11278.88,product_not_received,2025-11-15T12:41:24,True
REF01564,TXN021447,5454.9,customer_changed_mind,2025-10-17T21:15:48,True
REF01565,TXN021488,13729.42,product_not_received,2026-03-22T17:52:21,True
REF01566,TXN021495,5454.24,not_as_described,2025-06-18T03:00:53,True
REF01567,TXN021496,11571.32,product_not_received,2025-07-16T06:25:44,True
REF01568,TXN021503,8882.19,product_not_received,2025-07-26T08:23:35,False
REF01569,TXN021511,13200.36,customer_changed_mind,2026-02-13T17:13:58,True
REF01570,TXN021538,1123.68,product_not_received,2025-03-26T05:40:26,True
REF01571,TXN021548,11790.88,customer_changed_mind,2025-06-19T01:00:15,True
REF01572,TXN021550,6132.46,product_not_received,2025-06-16T03:49:36,True
REF01573,TXN021599,3617.59,not_as_described,2026-01-22T09:19:13,True
REF01574,TXN021600,11621.38,duplicate_charge,2025-04-24T00:05:54,True
